index,published,keyword,domain,language,valid,title,description,url,image,archive,content,quote,de,en,la,added
279917f116d9fda1009dfe47f62b1562,2026-08-06T11:31:25Z,'Niedrigwasser',www.bild.de,de,0.9,Nach Vorstoß von Verkehrsminister - Zoff um Sonntagsfahrverbot für Lkw,"Niedrigwasser gefährdet Lieferketten, Streit um Aus für Sonntagsfahrverbot entbrennt.",https://www.bild.de/politik/inland/nach-vorstoss-von-verkehrsminister-zoff-um-sonntagsfahrverbot-fuer-lkw-6a744c533013d32d67882148,"https://images.bild.de/6a744c533013d32d67882148/c35f08fdd65a9987b4bebcec2b006708,5b3801c8?w=1280",http://web.archive.org/web/20260806191749/https://www.bild.de/politik/inland/nach-vorstoss-von-verkehrsminister-zoff-um-sonntagsfahrverbot-fuer-lkw-6a744c533013d32d67882148,TTS-Player überspringenArtikel weiterlesenBerlin Die Lage auf Deutschlands Flüssen spitzt sich zu. Die anhaltende Hitze sorgt für sinkende Pegelstände. Folge: Schiffe können nicht mehr voll beladen w… [+1753 chars],,"Nach Vorstoß von Verkehrsminister - Zoff um Sonntagsfahrverbot für Lkw. Niedrigwasser gefährdet Lieferketten, Streit um Aus für Sonntagsfahrverbot entbrennt.","After a move by the Minister of Transport - Zoff over the Sunday driving ban for trucks. Low water endangers supply chains, a dispute breaks out over the end of the Sunday driving ban.","Post emigrationem a Ministro Transport - Zoff super dominicam bannum pro aliquet mittentes. Humilis aquarum periclitantium copia catenae, lis erumpit super fine dominico banno pulsis.",2026-08-26 01:22:46+00:00
b07123b70d7bdd9f09a1fb74be7b4e50,2026-08-06T15:16:36Z,'Fahrverbote',www.n-tv.de,de,0.9,"""Herausforderung für Versorgung"": Niedrigwasser: Bilger will Logistik am Leben halten","Die Pegel vieler Flüsse in Deutschland sind auf einem Tiefstand. Verkehrsminister Bilger kündigt sofortige Maßnahmen an, um die Probleme der Frachtschifffahrt aufzufangen. Dabei könnten die Sonntags-Fahrverbote für Lastwagen gekippt werden.",https://www.n-tv.de/politik/Bilger-kuendigt-Sofortmassnahmen-gegen-Niedrigwasser-an-id31167169.html,https://www.n-tv.de/img/31167130/1786034108/Img_16_9/1200/Blick-vom-Deutzer-Rheinufer-in-Koeln-auf-den-Koelner-Dom-auf-der-gegenueberliegenden-Rheinseite-Bei-einem-Pegelstand-von-69-cm-am-Pegel-Koeln-liegt-das-Flussbett-grossflaechig-trocken-das-Niedrigwasser-erreicht-damit-den-bisherigen-historischen-Tiefstwert-vom-23-Oktober-2018.jpg,http://web.archive.org/web/20260806195219/https://www.n-tv.de/politik/Bilger-kuendigt-Sofortmassnahmen-gegen-Niedrigwasser-an-id31167169.html,"Blick auf den Kölner Dom von der gegenüberliegenden Rheinseite: Bei einem Pegelstand von 69 cm liegt das Flussbett großflächig trocken. (Foto: picture alliance / Bonn.digital)
Die Pegel vieler Flüss… [+1670 chars]",,"""Herausforderung für Versorgung"": Niedrigwasser: Bilger will Logistik am Leben halten. Die Pegel vieler Flüsse in Deutschland sind auf einem Tiefstand. Verkehrsminister Bilger kündigt sofortige Maßnahmen an, um die Probleme der Frachtschifffahrt aufzufangen. Dabei könnten die Sonntags-Fahrverbote für Lastwagen gekippt werden.",“Challenge for supply”: Low water: Bilger wants to keep logistics alive. The levels of many rivers in Germany are at a low level. Transport Minister Bilger announces immediate measures to address the problems in freight shipping. The Sunday driving bans for trucks could be overturned.,"""Provocare copiam"": Minimum aqua: Bilger logistics vivere vult. Gradus multorum fluminum in Germania humili gradu sunt. Transporto Ministri Bilger denuntiat mensuras immediatas ut problemata in naviculas onerariis adloquantur. Dies dominicus banna pro aliquet evertere potuit.",2026-08-26 01:22:46+00:00
c5488f4ea6ead60dc40f4795660f66b2,2026-08-07T05:59:01Z,'Niedrigwasser',www.golem.de,de,0.9,Niedrigwasser: Lkw-Fahrverbote infrage gestellt,"Bundesverkehrsminister Steffen Bilger stellt das Sonntagsfahrverbot für Lkw infrage. Der Grund ist Niedrigwasser in Flüssen. (Lkw, Mobilität)",https://www.golem.de/sonstiges/zustimmung/auswahl.html?from=https://www.golem.de/news/niedrigwasser-lkw-fahrverbote-infrage-gestellt-2608-211693.html&referer=https://t.co/e7b541b69b,,http://web.archive.org/web/20260811023406/https://www.golem.de/sonstiges/zustimmung/auswahl.html?from=https%3A%2F%2Fwww.golem.de%2Fnews%2Fniedrigwasser-lkw-fahrverbote-infrage-gestellt-2608-211693.html,"Besuchen Sie Golem.de wie gewohnt mit Werbung und Tracking,
 indem Sie der Nutzung aller Cookies zustimmen.
 Details zum Tracking finden Sie im Privacy Center.
Skript wurde nicht geladen. Informat… [+607 chars]",,"Niedrigwasser: Lkw-Fahrverbote infrage gestellt. Bundesverkehrsminister Steffen Bilger stellt das Sonntagsfahrverbot für Lkw infrage. Der Grund ist Niedrigwasser in Flüssen. (Lkw, Mobilität)","Low water: truck driving bans questioned. Federal Transport Minister Steffen Bilger is questioning the Sunday driving ban for trucks. The reason is low water in rivers. (trucks, mobility)","Humilis aqua: dolor pellens bans interrogatus est. Minister oneraria foederalis Steffen Bilger interrogat dominicam bannum pro aliquet. Humilis ratio aquarum in fluminibus est. (A aliquet, mobilitatem)",2026-08-26 01:22:46+00:00
e09996b12ff45f5903f83db633326a2d,2026-08-07T20:25:00Z,'Fahrverbote',www.zeit.de,de,0.9,Binnenschifffahrt: Niedersachsen lockert Lkw-Fahrverbot wegen Niedrigwasser,Hier finden Sie Informationen zu dem Thema „Binnenschifffahrt“. Lesen Sie jetzt „Niedersachsen lockert Lkw-Fahrverbot wegen Niedrigwasser“.,https://www.zeit.de/news/2026-08/07/niedersachsen-lockert-lkw-fahrverbot-wegen-niedrigwasser,https://img.zeit.de/news/2026-08/07/niedersachsen-lockert-lkw-fahrverbot-wegen-niedrigwasser-image-group/wide__1300x731,http://web.archive.org/web/20260807220346/https://www.zeit.de/news/2026-08/07/niedersachsen-lockert-lkw-fahrverbot-wegen-niedrigwasser,Niedersachsen setzt wegen des anhaltenden Niedrigwassers auf den Wasserstraßen das Sonn- und Feiertagsfahrverbot für bestimmte Lastwagen vorübergehend außer Kraft. Damit sollen notwendige Ersatztrans… [+1366 chars],,Binnenschifffahrt: Niedersachsen lockert Lkw-Fahrverbot wegen Niedrigwasser. Hier finden Sie Informationen zu dem Thema „Binnenschifffahrt“. Lesen Sie jetzt „Niedersachsen lockert Lkw-Fahrverbot wegen Niedrigwasser“.,Inland shipping: Lower Saxony relaxes truck driving ban due to low water levels. Here you will find information on the topic of “inland shipping”. Now read “Lower Saxony relaxes truck driving ban due to low water”.,"Naviculas in mediterraneis: Saxoniae inferioris salsuram incessus propter aquae gradus humilis laxat. Hic informationes invenies in argumento ""navationis mediterranei"". Nunc legitur ""Inferioris Saxoniae salsissimus vir vivens remittit bannum propter aquam humilem"".",2026-08-26 01:22:46+00:00
17c4673f7743f75556d385fb2cbb3f0f,2026-08-08T14:20:51Z,'Niedrigwasser',www.tagesschau.de,de,0.9,BUND kritisiert Lockerung des Sonntagsfahrverbots für Lkw,Niedrigwasser in deutschen Flüssen bedroht die Lieferketten vieler Unternehmen. Erste Bundesländer lockern darum die Lkw-Fahrverbote an Sonn- und Feiertagen. Die Industrie ist erfreut - der BUND hält den Schritt hingegen für die falsche Lösung.,https://www.tagesschau.de/inland/innenpolitik/niedrigwasser-sonntagsfahrverbot-100.html,https://images.tagesschau.de/image/87ffdfec-f399-46fa-91c2-e31723f2904c/AAABn-G_ez0/AAABnSSvrFg/16x9-big/lkw-rastplatz-116.jpg?width=1280,http://web.archive.org/web/20260808180712/https://www.tagesschau.de/inland/innenpolitik/niedrigwasser-sonntagsfahrverbot-100.html,"Stand: 08.08.2026 16:27 Uhr
Niedrigwasser in deutschen Flüssen bedroht die Lieferketten vieler Unternehmen. Erste Bundesländer lockern darum die Lkw-Fahrverbote an Sonn- und Feiertagen. Die Industri… [+4588 chars]",,BUND kritisiert Lockerung des Sonntagsfahrverbots für Lkw. Niedrigwasser in deutschen Flüssen bedroht die Lieferketten vieler Unternehmen. Erste Bundesländer lockern darum die Lkw-Fahrverbote an Sonn- und Feiertagen. Die Industrie ist erfreut - der BUND hält den Schritt hingegen für die falsche Lösung.,"BUND criticizes the relaxation of the Sunday driving ban for trucks. Low water in German rivers threatens the supply chains of many companies. The first federal states are therefore relaxing truck driving bans on Sundays and public holidays. The industry is pleased - the BUND, however, considers the step to be the wrong solution.",BUNDUS relaxationem dominicae bannum pro aliquet reprehendit. Aquae infimae Germanorum fluminum copia catenarum multarum societatum minantur. Primae civitates foederati sunt igitur laxandi plaustrum banorum in dominicis et festis publicis. Industria delectatur - fasciculus autem gradum solutionis iniuriae esse iudicat.,2026-08-26 01:22:46+00:00
18eca382be33518317a892529e36746f,2026-08-10T19:38:49Z,'Fahrverbote',www.welt.de,de,0.9,Drei weitere Bundesländer setzen Lkw-Fahrverbote aus,"Baden-Württemberg, Bayern und Mecklenburg-Vorpommern lockern wegen des Niedrigwassers das Sonn- und Feiertagsfahrverbot für Lkw. Der Rhein könnte bei Kaub bald nicht mehr durchgängig befahrbar sein.",https://www.welt.de/wirtschaft/article6a7a25680e3689919ec77167/niedrigwasser-drei-weitere-bundeslaender-setzen-lkw-fahrverbote-aus.html,https://images.welt.de/6a7a25680e3689919ec77167/48c318d28bae7b1ac41c2aebb8b80313-master/ci16x9-w1200/dpa-com-260809-936-57359-jpg,,"Baden-Württemberg, Bayern und Mecklenburg-Vorpommern lockern wegen des Niedrigwassers das Sonn- und Feiertagsfahrverbot für Lkw. Der Rhein könnte bei Kaub bald nicht mehr durchgängig befahrbar sein.W… [+4048 chars]",,"Drei weitere Bundesländer setzen Lkw-Fahrverbote aus. Baden-Württemberg, Bayern und Mecklenburg-Vorpommern lockern wegen des Niedrigwassers das Sonn- und Feiertagsfahrverbot für Lkw. Der Rhein könnte bei Kaub bald nicht mehr durchgängig befahrbar sein.","Three other federal states are suspending truck driving bans. Baden-Württemberg, Bavaria and Mecklenburg-Western Pomerania are relaxing the ban on Sundays and public holidays for trucks due to low water. The Rhine near Kaub could soon no longer be navigable.","Tres alii status foederati plaustrum banorum incessus suspendunt. Baden-Württemberg, Bavariae et Mecklenburg-Württembergae Pomeraniae occidentales bannum relaxant diebus dominicis et festis publicis pro aliquet ob aquam demissam. Rhenus prope Kaub cito non navigabilis.",2026-08-26 01:22:46+00:00
d980d6edf1b7fa690b20197c6e80d2e5,2026-08-11T06:38:00Z,'Niedrigwasser',www.focus.de,de,0.9,"Banaszak: Merz-Regierung wartet nur, bis es wieder regnet","Der Grünen-Vorsitzende Felix Banaszak hat der Bundesregierung angesichts des dramatischen Niedrigwassers vorgeworfen, Klimaschutz zu verweigern.",https://www.focus.de/politik/deutschland/banaszak-merz-regierung-wartet-nur-bis-es-wieder-regnet_22f80d70-d902-4fef-8deb-f13546c52bb5.html,"https://quadro.burda-forward.de/ctf/89def9de-b69d-4085-928c-fd9803bb21f6.c8ea9042-75d8-4be5-91f7-7f6b3ad249ac.jpg?im=RegionOfInterestCrop=(1200,630),regionOfInterest=(3049,1580)&hash=fd0bc54d6f627a7343bef272226ed94678af1344418801dc95294af8fd52988a",,"In der Regierung werde über alles gesprochen, nur darüber nicht, so Banaszak im RTL/ntv Frühstart. Das ist eine Form von Realitätsverweigerung und Bräsigkeit und Ignoranz, die in Deutschland regiert,… [+780 chars]",,"Banaszak: Merz-Regierung wartet nur, bis es wieder regnet. Der Grünen-Vorsitzende Felix Banaszak hat der Bundesregierung angesichts des dramatischen Niedrigwassers vorgeworfen, Klimaschutz zu verweigern.",Banaszak: Merz government is just waiting until it rains again. The Green Party leader Felix Banaszak has accused the federal government of refusing climate protection in view of the dramatic low water levels.,"Banaszak: regimen Merz tantum exspectat, donec iterum pluat. Dux Factionis Viridis Felix Banaszak regimen foederati recusandi tutelam climatis accusavit intuitu graduum aquarum scenicorum.",2026-08-26 01:22:46+00:00
1fc3ed840a29b8d414a798a6c0ab1182,2026-08-13T04:39:03Z,'Fahrverbote',www.diepresse.com,de,0.9,Dürre: Lockerung von Lkw-Fahrverboten in Österreich derzeit kein Thema,"Die Umverteilung von Gütern von der Donau auf Schienen und Straßen funktioniere in Österreich sehr gut, heißt es aus dem Verkehrsministerium.",https://www.diepresse.com/41170278/duerre-lockerung-von-lkw-fahrverboten-in-oesterreich-derzeit-kein-thema,https://img.diepresse.com/public/incoming/9c5jf9-22730394794382238bldhiresjpg/alternates/WEBP_WIDE_1200/22730394794382238_BLD_HiRes.jpg,http://web.archive.org/web/20260813203725/https://www.diepresse.com/41170278/duerre-lockerung-von-lkw-fahrverboten-in-oesterreich-derzeit-kein-thema,"Die Presse auf Google als bevorzugte Nachrichtenquelle hinzufügen.
 Während einige deutsche Bundesländer Lkw-Fahrverbote in erster Linie wegen dürrebedingt mangelnder Transportkapazitäten auf den Wa… [+2421 chars]",,"Dürre: Lockerung von Lkw-Fahrverboten in Österreich derzeit kein Thema. Die Umverteilung von Gütern von der Donau auf Schienen und Straßen funktioniere in Österreich sehr gut, heißt es aus dem Verkehrsministerium.","Drought: Relaxing truck driving bans in Austria is currently not an issue. The redistribution of goods from the Danube to rail and road works very well in Austria, according to the Ministry of Transport.",Siccitas: Relaxatio salsissimus vir vivens banna in Austria lis non est currently. Divisio bonorum a Danubio ad railia et via opera optime in Austria secundum Ministerium Transport.,2026-08-26 01:22:46+00:00
68f21e7dde4a7e66644e233d5a0af155,2026-08-13T08:06:00Z,'Fahrverbote',www.focus.de,de,0.9,„Es wird neue Fahrverbote für Millionen Diesel geben”,"Diesel-Fahrverbote für Millionen Euro 5- und Euro 6-Autos drohen bis 2030. Warum, erklärt Abgas-Experte Professor Thomas Koch.",https://www.focus.de/auto/ratgeber/es-wird-neue-fahrverbote-fuer-millionen-diesel-geben_ee6b7476-050d-476f-b51c-9a998d1d4176.html,"https://quadro.burda-forward.de/ctf/50af8887-dd71-49d5-831a-7da931352237.0f19fadb-f91c-4fdc-af88-ce44b98773cd.jpeg?im=RegionOfInterestCrop=(1200,630),regionOfInterest=(3495,1965.5)&hash=9edf7de668dcf3fe068dc79777660359ca43f21467fbc87f8aa97c298351f409",,"Ob Feinstaub oder Stickoxide, die Luft in Deutschland wird seit Jahren kontinuierlich weniger mit Schadstoffen belastet. Wo der Straßenverkehr zu den sogenannten Immissionen beiträgt, ist sein Beitra… [+1676 chars]",,"„Es wird neue Fahrverbote für Millionen Diesel geben”. Diesel-Fahrverbote für Millionen Euro 5- und Euro 6-Autos drohen bis 2030. Warum, erklärt Abgas-Experte Professor Thomas Koch.",“There will be new driving bans for millions of diesel engines”. Diesel driving bans for millions of Euro 5 and Euro 6 cars are threatened by 2030. Exhaust gas expert Professor Thomas Koch explains why.,"""Nova banna erunt in decies centena millia machinarum pellentesque"". Diesel banna pulsis 5 decies euronum et 6 currus euronum imminet 2030. Professor gasi exhausit peritus Thomas Koch cur explicat.",2026-08-26 01:22:46+00:00
fab799f65ac0675968274e7c953d5932,2026-08-15T03:47:00Z,'Fahrverbote',www.focus.de,de,0.9,Experte für Diesel- und Abgastechnik: „Es wird neue Fahrverbote für Millionen Diesel geben”,"Diesel-Fahrverbote für Millionen Euro 5- und Euro 6-Autos drohen bis 2030. Warum, erklärt Abgas-Experte Professor Thomas Koch.",https://www.focus.de/auto/ratgeber/experte-fuer-diesel-und-abgastechnik-es-wird-neue-fahrverbote-fuer-millionen-diesel-geben_ee6b7476-050d-476f-b51c-9a998d1d4176.html,"https://quadro.burda-forward.de/ctf/50af8887-dd71-49d5-831a-7da931352237.0f19fadb-f91c-4fdc-af88-ce44b98773cd.jpeg?im=RegionOfInterestCrop=(1200,630),regionOfInterest=(3495,1965.5)&hash=9edf7de668dcf3fe068dc79777660359ca43f21467fbc87f8aa97c298351f409",,"Ob Feinstaub oder Stickoxide, die Luft in Deutschland wird seit Jahren kontinuierlich weniger mit Schadstoffen belastet. Wo der Straßenverkehr zu den sogenannten Immissionen beiträgt, ist sein Beitra… [+1676 chars]",,"Experte für Diesel- und Abgastechnik: „Es wird neue Fahrverbote für Millionen Diesel geben”. Diesel-Fahrverbote für Millionen Euro 5- und Euro 6-Autos drohen bis 2030. Warum, erklärt Abgas-Experte Professor Thomas Koch.",Expert for diesel and exhaust technology: “There will be new driving bans for millions of diesel engines”. Diesel driving bans for millions of Euro 5 and Euro 6 cars are threatened by 2030. Exhaust gas expert Professor Thomas Koch explains why.,"Peritus pellentesque et technologiae exhauriendae: ""Nova erunt banna in decies centena millia machinarum pellentesque"". Diesel banna pulsis 5 decies euronum et 6 currus euronum imminet 2030. Professor gasi exhausit peritus Thomas Koch cur explicat.",2026-08-26 01:22:46+00:00
a2e1986aaddb5b5a684f702f7d362858,2026-08-16T06:15:00Z,'Fahrverbote',www.focus.de,de,0.9,Experte: „Es wird Fahrverbote für Millionen Diesel geben”,"Diesel-Fahrverbote für Millionen Euro 5- und Euro 6-Autos drohen bis 2030. Warum, erklärt Abgas-Experte Professor Thomas Koch.",https://www.focus.de/auto/ratgeber/experte-es-wird-fahrverbote-fuer-millionen-diesel-geben_ee6b7476-050d-476f-b51c-9a998d1d4176.html,"https://quadro.burda-forward.de/ctf/50af8887-dd71-49d5-831a-7da931352237.0f19fadb-f91c-4fdc-af88-ce44b98773cd.jpeg?im=RegionOfInterestCrop=(1200,630),regionOfInterest=(3495,1965.5)&hash=9edf7de668dcf3fe068dc79777660359ca43f21467fbc87f8aa97c298351f409",,"Ob Feinstaub oder Stickoxide, die Luft in Deutschland wird seit Jahren kontinuierlich weniger mit Schadstoffen belastet. Wo der Straßenverkehr zu den sogenannten Immissionen beiträgt, ist sein Beitra… [+1677 chars]",,"Experte: „Es wird Fahrverbote für Millionen Diesel geben”. Diesel-Fahrverbote für Millionen Euro 5- und Euro 6-Autos drohen bis 2030. Warum, erklärt Abgas-Experte Professor Thomas Koch.",Expert: “There will be driving bans for millions of diesel engines”. Diesel driving bans for millions of Euro 5 and Euro 6 cars are threatened by 2030. Exhaust gas expert Professor Thomas Koch explains why.,"Peritus: ""Ibi erunt banna pro decies centena millia machinarum pellentesque"". Diesel banna pulsis 5 decies euronum et 6 currus euronum imminet 2030. Professor gasi exhausit peritus Thomas Koch cur explicat.",2026-08-26 01:22:46+00:00
2029d1185774da20616d427be2998194,2026-08-17T05:07:00Z,'Fahrverbote',www.focus.de,de,0.9,Auto-Experte: „Es wird Fahrverbote für Millionen Diesel geben”,"Diesel-Fahrverbote für Millionen Euro 5- und Euro 6-Autos drohen bis 2030. Warum, erklärt Abgas-Experte Professor Thomas Koch.",https://www.focus.de/auto/ratgeber/auto-experte-es-wird-fahrverbote-fuer-millionen-diesel-geben_ee6b7476-050d-476f-b51c-9a998d1d4176.html,"https://quadro.burda-forward.de/ctf/50af8887-dd71-49d5-831a-7da931352237.0f19fadb-f91c-4fdc-af88-ce44b98773cd.jpeg?im=RegionOfInterestCrop=(1200,630),regionOfInterest=(3495,1965.5)&hash=9edf7de668dcf3fe068dc79777660359ca43f21467fbc87f8aa97c298351f409",,"Ob Feinstaub oder Stickoxide, die Luft in Deutschland wird seit Jahren kontinuierlich weniger mit Schadstoffen belastet. Wo der Straßenverkehr zu den sogenannten Immissionen beiträgt, ist sein Beitra… [+1677 chars]",,"Auto-Experte: „Es wird Fahrverbote für Millionen Diesel geben”. Diesel-Fahrverbote für Millionen Euro 5- und Euro 6-Autos drohen bis 2030. Warum, erklärt Abgas-Experte Professor Thomas Koch.",Car expert: “There will be driving bans for millions of diesel engines”. Diesel driving bans for millions of Euro 5 and Euro 6 cars are threatened by 2030. Exhaust gas expert Professor Thomas Koch explains why.,"Car perito: ""Aget banna decies centena millia machinarum pellentesque"". Diesel banna pulsis 5 decies euronum et 6 currus euronum imminet 2030. Professor gasi exhausit peritus Thomas Koch cur explicat.",2026-08-26 01:22:46+00:00
94bd87c32d35cb41d46dacfa14ac5570,2026-08-17T10:58:00Z,'Fahrverbote',www.focus.de,de,0.9,ADAC warnt zum Wochenende vor Stau auf wichtigen Autobahnen,"Viele Urlauber kommen wegen des Ferienendes in drei Bundesländern zurück, dazu wurden flächendeckend Lkw-Fahrverbote gelockert. Auf vielen Autobahnen könnte die Fahrt deshalb länger dauern.",https://www.focus.de/auto/adac-warnt-zum-wochenende-vor-stau-auf-wichtigen-autobahnen_e4582da4-d062-4913-9e68-5a503af3dcb2.html,"https://quadro.burda-forward.de/ctf/64cadd45-03c8-4b68-8543-39338953d714.4e7c467f-9a99-4c76-bf1b-b0ae987e421d.jpeg?im=RegionOfInterestCrop=(1200,630),regionOfInterest=(999,859)&hash=74268c4fddbcc461fcb2e982638bc4c86a75eb0f7d7b03883751c0d13d6c1cf6",,"Die Reisewellen wegen der Sommerferien sorgen weiter für Staugefahr auf den Autobahnen: Inzwischen betrifft das vermehrt alle, die aus dem Urlaub zurück nach Hause fahren.
Der ADAC und der Auto Club… [+4159 chars]",,"ADAC warnt zum Wochenende vor Stau auf wichtigen Autobahnen. Viele Urlauber kommen wegen des Ferienendes in drei Bundesländern zurück, dazu wurden flächendeckend Lkw-Fahrverbote gelockert. Auf vielen Autobahnen könnte die Fahrt deshalb länger dauern.","ADAC warns of traffic jams on important highways this weekend. Many holidaymakers are returning to three federal states because of the end of the holidays, and truck driving bans have been relaxed across the board. The journey could therefore take longer on many motorways.","ADAC monet negotiatio stipendii in viis maximis volutpat vestibulum id. Multi feriae fabri ad tres civitates foederati redeunt propter finem festorum, et cinematographica cinematographica trans tabulam remissa sunt. Iter igitur multis motoriis diutius capere potuit.",2026-08-26 01:22:46+00:00
44390afe9d79d5cacfc6286f8b723fd8,2026-08-18T04:56:00Z,'Fahrverbote',www.focus.de,de,0.9,Auto-Experte ist überzeugt: „Es wird Fahrverbote für Millionen Diesel geben”,"Diesel-Fahrverbote für Millionen Euro 5- und Euro 6-Autos drohen bis 2030. Warum, erklärt Abgas-Experte Professor Thomas Koch.",https://www.focus.de/auto/ratgeber/auto-experte-ist-ueberzeugt-es-wird-fahrverbote-fuer-millionen-diesel-geben_ee6b7476-050d-476f-b51c-9a998d1d4176.html,"https://quadro.burda-forward.de/ctf/50af8887-dd71-49d5-831a-7da931352237.0f19fadb-f91c-4fdc-af88-ce44b98773cd.jpeg?im=RegionOfInterestCrop=(1200,630),regionOfInterest=(3495,1965.5)&hash=9edf7de668dcf3fe068dc79777660359ca43f21467fbc87f8aa97c298351f409",http://web.archive.org/web/20260821041702/https://www.focus.de/auto/ratgeber/auto-experte-ist-ueberzeugt-es-wird-fahrverbote-fuer-millionen-diesel-geben_ee6b7476-050d-476f-b51c-9a998d1d4176.html,"Ob Feinstaub oder Stickoxide, die Luft in Deutschland wird seit Jahren kontinuierlich weniger mit Schadstoffen belastet. Wo der Straßenverkehr zu den sogenannten Immissionen beiträgt, ist sein Beitra… [+1677 chars]",,"Auto-Experte ist überzeugt: „Es wird Fahrverbote für Millionen Diesel geben”. Diesel-Fahrverbote für Millionen Euro 5- und Euro 6-Autos drohen bis 2030. Warum, erklärt Abgas-Experte Professor Thomas Koch.",Car expert is convinced: “There will be driving bans for millions of diesel engines”. Diesel driving bans for millions of Euro 5 and Euro 6 cars are threatened by 2030. Exhaust gas expert Professor Thomas Koch explains why.,"Perito carrum persuasum est: ""Ibi erunt banna pro decies centena millia machinarum pellentesque"". Diesel banna pulsis 5 decies euronum et 6 currus euronum imminet 2030. Professor gasi exhausit peritus Thomas Koch cur explicat.",2026-08-26 01:22:46+00:00
be7bb49a7df76a1da5d2dec17480baa6,2026-08-19T05:03:00Z,'Fahrverbote',www.focus.de,de,0.9,Auto-Experte überzeugt: „Es wird Fahrverbote für Millionen Diesel geben”,"Diesel-Fahrverbote für Millionen Euro 5- und Euro 6-Autos drohen bis 2030. Warum, erklärt Abgas-Experte Professor Thomas Koch.",https://www.focus.de/auto/ratgeber/auto-experte-ueberzeugt-es-wird-fahrverbote-fuer-millionen-diesel-geben_ee6b7476-050d-476f-b51c-9a998d1d4176.html,"https://quadro.burda-forward.de/ctf/50af8887-dd71-49d5-831a-7da931352237.0f19fadb-f91c-4fdc-af88-ce44b98773cd.jpeg?im=RegionOfInterestCrop=(1200,630),regionOfInterest=(3495,1965.5)&hash=9edf7de668dcf3fe068dc79777660359ca43f21467fbc87f8aa97c298351f409",http://web.archive.org/web/20260820043307/https://www.focus.de/auto/ratgeber/auto-experte-ueberzeugt-es-wird-fahrverbote-fuer-millionen-diesel-geben_ee6b7476-050d-476f-b51c-9a998d1d4176.html,"Ob Feinstaub oder Stickoxide, die Luft in Deutschland wird seit Jahren kontinuierlich weniger mit Schadstoffen belastet. Wo der Straßenverkehr zu den sogenannten Immissionen beiträgt, ist sein Beitra… [+1677 chars]",,"Auto-Experte überzeugt: „Es wird Fahrverbote für Millionen Diesel geben”. Diesel-Fahrverbote für Millionen Euro 5- und Euro 6-Autos drohen bis 2030. Warum, erklärt Abgas-Experte Professor Thomas Koch.",Car expert is convinced: “There will be driving bans for millions of diesel engines”. Diesel driving bans for millions of Euro 5 and Euro 6 cars are threatened by 2030. Exhaust gas expert Professor Thomas Koch explains why.,"Perito carrum persuasum est: ""Ibi erunt banna pro decies centena millia machinarum pellentesque"". Diesel banna pulsis 5 decies euronum et 6 currus euronum imminet 2030. Professor gasi exhausit peritus Thomas Koch cur explicat.",2026-08-26 01:22:46+00:00
b8719ae864947876fbe91acbdf8a899e,2026-08-20T15:38:43Z,'Fahrverbote',www.derstandard.at,de,0.9,In Norditalien droht ab Oktober Chaos wegen uneinheitlicher Diesel-Fahrverbote,"Um die Luftqualität in der Po-Ebene im Winterhalbjahr in den Griff zu bekommen, sollen Diesel-Fahrzeuge der Kategorie Euro 5 oder älter temporär nicht mehr fahren dürfen",https://www.derstandard.at/story/3000000336363/in-norditalien-droht-ab-oktober-chaos-wegen-uneinheitlicher-diesel-fahrverbote,https://i.ds.at/p2yyaw/rs:fill:1200:600/plain/lido-images/2026/08/20/7070c004-b538-4220-84ef-b45c57b9d9d3.jpg,http://web.archive.org/web/20260820155516/https://www.derstandard.at/story/3000000336363/in-norditalien-droht-ab-oktober-chaos-wegen-uneinheitlicher-diesel-fahrverbote,"Sie entscheiden darüber, wie Sie unsere Inhalte nutzen wollen. Ihr Gerät erlaubt uns derzeit leider nicht, die entsprechenden Optionen anzuzeigen.
Bitte deaktivieren Sie sämtliche Hard- und Software… [+180 chars]",,"In Norditalien droht ab Oktober Chaos wegen uneinheitlicher Diesel-Fahrverbote. Um die Luftqualität in der Po-Ebene im Winterhalbjahr in den Griff zu bekommen, sollen Diesel-Fahrzeuge der Kategorie Euro 5 oder älter temporär nicht mehr fahren dürfen","There is a risk of chaos in northern Italy from October due to inconsistent diesel driving bans. In order to get the air quality in the Po Valley under control in the winter months, diesel vehicles in the Euro 5 category or older should temporarily no longer be allowed to drive","Periculum est chaos in Italia septentrionali ab Octobre ob repugnantes diesel banna eiecta. Ut qualitatem aeris in Padi Valle sub potestate in mensibus hibernis obtineat, vehicula pellentesque in categoria eurona 5 vel maior debent ad tempus non iam repellere licebit.",2026-08-26 01:22:46+00:00
d13b360f72cae7554500a9bce07041a1,2026-08-21T03:01:49Z,'Fahrverbote',www.tagesspiegel.de,de,0.9,Gemütliches Sporteln: Was gilt beim SUP-Fahren auf Brandenburgs Gewässern?,"SUP-Ausflug geplant? Welche Fahrverbote beim Stand-up-Paddling in Brandenburg gelten, warum man Seerosen meiden und wann Schwimmwesten dabeihaben sollte.",https://www.tagesspiegel.de/berlin/gemutliches-sporteln-was-gilt-beim-sup-fahren-auf-brandenburgs-gewassern-15967225.html,https://www.tagesspiegel.de/images/15967224/alternates/BASE_16_9_W1400/1787281309000/sommer-im-spreewald.jpeg,http://web.archive.org/web/20260822031243/https://www.tagesspiegel.de/berlin/gemutliches-sporteln-was-gilt-beim-sup-fahren-auf-brandenburgs-gewassern-15967225.html,"Wer in Brandenburg mit einem Stand-up-Paddle-Board unterwegs sein will, sollte sich vorher informieren, ob See oder Fluss dafür auch freigegeben ist. Insbesondere an Schleusen, Naturschutzgebieten un… [+2107 chars]",,"Gemütliches Sporteln: Was gilt beim SUP-Fahren auf Brandenburgs Gewässern?. SUP-Ausflug geplant? Welche Fahrverbote beim Stand-up-Paddling in Brandenburg gelten, warum man Seerosen meiden und wann Schwimmwesten dabeihaben sollte.","Leisurely sports: What applies to SUP riding on Brandenburg's waters? SUP trip planned? Which driving bans apply to stand-up paddling in Brandenburg, why you should avoid water lilies and when you should have life jackets with you.","Otiose ludit: Quid de SUP vecti Brandenburgicis aquis applicat? SUP iter cogitavit? Quae banna claviculae in Brandenburgensibus stare valent, cur aqua lilia vites et cum vita tunicas tecum habeas.",2026-08-26 01:22:46+00:00
fe3f955f92e3b67d7486e199c53b43ab,2026-08-21T05:05:00Z,'Fahrverbote',www.focus.de,de,0.9,Auto-Experte ist sicher: „Es wird Fahrverbote für Millionen Diesel geben”,"Diesel-Fahrverbote für Millionen Euro 5- und Euro 6-Autos drohen bis 2030. Warum, erklärt Abgas-Experte Professor Thomas Koch.",https://www.focus.de/auto/ratgeber/auto-experte-ist-sicher-es-wird-fahrverbote-fuer-millionen-diesel-geben_ee6b7476-050d-476f-b51c-9a998d1d4176.html,"https://quadro.burda-forward.de/ctf/50af8887-dd71-49d5-831a-7da931352237.0f19fadb-f91c-4fdc-af88-ce44b98773cd.jpeg?im=RegionOfInterestCrop=(1200,630),regionOfInterest=(3495,1965.5)&hash=9edf7de668dcf3fe068dc79777660359ca43f21467fbc87f8aa97c298351f409",http://web.archive.org/web/20260822060220/https://www.focus.de/auto/ratgeber/auto-experte-ist-sicher-es-wird-fahrverbote-fuer-millionen-diesel-geben_ee6b7476-050d-476f-b51c-9a998d1d4176.html,"Ob Feinstaub oder Stickoxide, die Luft in Deutschland wird seit Jahren kontinuierlich weniger mit Schadstoffen belastet. Wo der Straßenverkehr zu den sogenannten Immissionen beiträgt, ist sein Beitra… [+1677 chars]",,"Auto-Experte ist sicher: „Es wird Fahrverbote für Millionen Diesel geben”. Diesel-Fahrverbote für Millionen Euro 5- und Euro 6-Autos drohen bis 2030. Warum, erklärt Abgas-Experte Professor Thomas Koch.",Car expert is certain: “There will be driving bans for millions of diesel engines”. Diesel driving bans for millions of Euro 5 and Euro 6 cars are threatened by 2030. Exhaust gas expert Professor Thomas Koch explains why.,"Car peritum certum est: ""Ibi erunt banna pro decies centena millia machinarum pellentesque"". Diesel banna pulsis 5 decies euronum et 6 currus euronum imminet 2030. Professor gasi exhausit peritus Thomas Koch cur explicat.",2026-08-26 01:22:46+00:00
c65e83cd7fd4de694716442e0fabaf8e,2026-08-06T14:48:23Z,'Deutschlandticket',www.tagesspiegel.de,de,0.9,"Deutschlandticket teurer, Flüge billiger: Ökologisch, sozial und wirtschaftlich Unsinn",Unser Leser kritisiert die Verkehrsplanungen der schwarz-roten Bundesregierung. Als ein Argument bringt er „lokalen Tourismus“ ins Spiel. Und wie sehen Sie’s?,https://www.tagesspiegel.de/meinung/leserbriefe/deutschlandticket-teurer-fluge-billiger-okologisch-sozial-und-wirtschaftlich-unsinn-15914877.html,https://www.tagesspiegel.de/images/15914932/alternates/BASE_16_9_W1400/1785917098000/deutschlandticket.jpeg,http://web.archive.org/web/20260806230245/https://www.tagesspiegel.de/meinung/leserbriefe/deutschlandticket-teurer-fluge-billiger-okologisch-sozial-und-wirtschaftlich-unsinn-15914877.html,"Das Deutschlandticket soll 2027 deutlich teurer werden, berichtet der Tagesspiegel. Vorher hat die Bundesregierung durch eine Steuersenkung eine Preissenkung für Flugtickets ermöglicht.
Unsere Leser… [+1423 chars]",,"Deutschlandticket teurer, Flüge billiger: Ökologisch, sozial und wirtschaftlich Unsinn. Unser Leser kritisiert die Verkehrsplanungen der schwarz-roten Bundesregierung. Als ein Argument bringt er „lokalen Tourismus“ ins Spiel. Und wie sehen Sie’s?","Germany ticket more expensive, flights cheaper: ecological, social and economic nonsense. Our reader criticizes the transport planning of the black-red federal government. He brings up “local tourism” as one argument. And how do you see it?","Germania tessera carior, volatus vilis: nugae oecologicae, sociales et oeconomicae. Lector noster reprehendit transportandum consilium imperii foederati nigro-rubrini. Adducit ""loci voluptuaria"" ut unum argumentum. Et quomodo eum vidisti?",2026-08-27 08:02:27+00:00
1b7196c6b965d1ecc169246304f91316,2026-08-11T07:05:00Z,'e-Auto Verkehrswende',taz.de,de,0.9,Kleine Anzeichen für Verkehrswende: Hohe Spritpreise pushen E-Mobilität,"Autoversicherer bestätigt Trend zum Umstieg aufs Elektroauto, vor allem bei Vielfahrenden. Auch bei Gebrauchtwagen geht es öfter weg vom Verbrenner.",https://taz.de/Kleine-Anzeichen-fuer-Verkehrswende/!6203405/,https://taz.de/picture/8665497/1200/e-autos.jpeg,http://web.archive.org/web/20260812023725/https://taz.de/Kleine-Anzeichen-fuer-Verkehrswende/!6203405/,"Autoversicherer bestätigt Trend zum Umstieg aufs Elektroauto, vor allem bei Vielfahrenden. Auch bei Gebrauchtwagen geht es öfter weg vom Verbrenner. mehr...",,"Kleine Anzeichen für Verkehrswende: Hohe Spritpreise pushen E-Mobilität. Autoversicherer bestätigt Trend zum Umstieg aufs Elektroauto, vor allem bei Vielfahrenden. Auch bei Gebrauchtwagen geht es öfter weg vom Verbrenner.","Small signs of a change in transport: high fuel prices are pushing e-mobility. Car insurer confirms trend towards switching to electric cars, especially among those who drive a lot. Even when it comes to used cars, combustion engines are often abandoned.","Parva signa mutationis in cariagio: escae pretia altae e-mobilitatem propellunt. Car insurer inclinatio confirmat ad commutationes ad currus electricos, praesertim apud eos qui multum regunt. Etiam cum fit usus carros, tormenta combustionis saepe relicta sunt.",2026-08-27 08:02:27+00:00
f71b3302b3f2e33360e94ee59ff8b615,2026-08-14T08:36:08Z,'Verkehrswende',www.spektrum.de,de,0.9,Niedrigwasser am Rhein: »Das Aufheben des Sonntagsfahrverbots für Lastwagen hat null Effekt«,"Am Rhein stocken die Logistikketten: Mehr Lastwagen helfen nicht, sagt Rudolf Juchelka im Interview. Niedrigwasserschiffe wären eine Option, bringen aber neue Herausforderungen.",https://www.spektrum.de/news/niedrigwasser-das-aufheben-des-sonntagsfahrverbots-hat-null-effekt/2339343,https://static.spektrum.de/fm/912/f1920x1080/612598082_pa.jpg,http://web.archive.org/web/20260814145743/https://www.spektrum.de/news/niedrigwasser-das-aufheben-des-sonntagsfahrverbots-hat-null-effekt/2339343,"© Universität Duisburg-Essen (UDE) (Ausschnitt) 
 Rudolf Juchelka | Der Wirtschaftsgeograph forscht an der Universität Duisburg-Essen an Konzepten für Verkehr und Logistik. 
An welchen Gütern mange… [+6048 chars]",,"Niedrigwasser am Rhein: »Das Aufheben des Sonntagsfahrverbots für Lastwagen hat null Effekt«. Am Rhein stocken die Logistikketten: Mehr Lastwagen helfen nicht, sagt Rudolf Juchelka im Interview. Niedrigwasserschiffe wären eine Option, bringen aber neue Herausforderungen.","Low water on the Rhine: “Lifting the Sunday driving ban for trucks has zero effect.” The logistics chains are stalling on the Rhine: more trucks don't help, says Rudolf Juchelka in an interview. Low-water vessels would be an option, but bring new challenges.","Humilis aqua in Rheno: ""Bona dominica elevatio ad aliquet nullum effectum habet"". Catenae logistics Rhenum stabunt: plures aliquet non adiuvant, inquit Rudolfus Juchelka in colloquio. Vasa aquae inferioris optio erit, sed novas provocationes afferunt.",2026-08-27 08:02:27+00:00
5a3acbcabbbfd5bf1b75734d5ae3ac43,2026-08-14T12:46:00Z,'Verkehrswende',www.focus.de,de,0.9,Busfahrer: Das Deutschlandticket ersetzt keine Busverbindung,"Das Deutschlandticket macht den Nahverkehr günstiger, löst aber weder den Kostendruck noch den Personalmangel. Gleichzeitig werden vielerorts Verbindungen gekürzt.",https://www.focus.de/panorama/busfahrer-das-deutschlandticket-ersetzt-keine-busverbindung_5432ffe5-8ddc-4b6e-b113-521225b19202.html,"https://quadro.burda-forward.de/ctf/c883c0f8-69bf-41e2-af38-1f7b8d003932.596a98c2-3f52-4cfb-814c-2ecb15734e56.jpeg?im=RegionOfInterestCrop=(1200,630),regionOfInterest=(885,522)&hash=7957bf5cabb5fe4aaf41ba8c3860f32c5f18d4e82ba2738d0a00a2a5513eb58c",http://web.archive.org/web/20260822052445/https://www.focus.de/panorama/busfahrer-das-deutschlandticket-ersetzt-keine-busverbindung_5432ffe5-8ddc-4b6e-b113-521225b19202.html,"Eine Fahrt am Abend fällt aus. Am Sonntag fährt der Bus seltener. Aus einem 20 Minuten Takt werden 30 Minuten. Was im Fahrplan nach einer kleinen Änderung aussieht, kann für Pendler darüber entscheid… [+6905 chars]",,"Busfahrer: Das Deutschlandticket ersetzt keine Busverbindung. Das Deutschlandticket macht den Nahverkehr günstiger, löst aber weder den Kostendruck noch den Personalmangel. Gleichzeitig werden vielerorts Verbindungen gekürzt.","Bus driver: The Deutschlandticket does not replace a bus connection. The Deutschlandticket makes local transport cheaper, but does not solve the cost pressure or the shortage of staff. At the same time, connections are being cut in many places.","Bus exactoris: The Deutschlandticket bus nexum non facit. The Deutschlandticket localis onerariam viliorem facit, sed pretium pressionis vel inopiae baculi non solvit. Eodem tempore in multis locis hospites secantur.",2026-08-27 08:02:27+00:00
9662de45aec8bebe26fc0aac8d843dff,2026-08-20T05:16:00Z,'Verkehrswende',www.focus.de,de,0.9,"Unser neuer Verkehrsminister: Viel Lächeln, wenige Antworten","Bundesverkehrsminister Steffen Bilger hat den Auftrag, 170 Milliarden Euro für Schiene und Straße auszugeben. Statt echter Reformen will der Neue die Infrastrukturprobleme Stück für Stück abarbeiten. Kaum zu glauben, dass das für die deutsche Verkehrswende re…",https://www.focus.de/kultur/kino-tv/unser-neuer-verkehrsminister-viel-laecheln-wenige-antworten_81c1a436-37ce-42f0-a5b3-130a8897437d.html,"https://quadro.burda-forward.de/ctf/e5789507-bd57-4706-aa38-3549d5f6366b.fb093d3f-90a2-4cd2-b30d-bb0566f028c1.png?im=RegionOfInterestCrop=(1200,630),regionOfInterest=(1215,639)&hash=aad48cc705bfe3921d0ef6606c1da1f0b4ed68b8fec31062c50efbe9c296e0ca",http://web.archive.org/web/20260821021846/https://www.focus.de/kultur/kino-tv/unser-neuer-verkehrsminister-viel-laecheln-wenige-antworten_81c1a436-37ce-42f0-a5b3-130a8897437d.html,"Es war viel Positives dabei. Es war ja nicht nur die Maut, erklärt der neue Bundesverkehrsminister Steffen Bilger und zählt anschließend Abgasskandal und Klimaschutz auf. Aber ja, es lief auch einige… [+4301 chars]",,"Unser neuer Verkehrsminister: Viel Lächeln, wenige Antworten. Bundesverkehrsminister Steffen Bilger hat den Auftrag, 170 Milliarden Euro für Schiene und Straße auszugeben. Statt echter Reformen will der Neue die Infrastrukturprobleme Stück für Stück abarbeiten. Kaum zu glauben, dass das für die deutsche Verkehrswende re…","Our new transport minister: lots of smiles, few answers. Federal Transport Minister Steffen Bilger is tasked with spending 170 billion euros on rail and road. Instead of real reforms, the new guy wants to work through the infrastructure problems piece by piece. It's hard to believe that this is so important for the German transport transition...","Novus minister onerariis nostris: multa ridet, pauca responsa. Minister Transport Steffen Bilger foederatus est 170 miliarda nummorum in railia et via expendendo. Pro reformationibus realibus, novus guy per difficultates infrastructuras per partes operari vult. Difficile est credere quod tam magni momenti est translationi Germanorum.",2026-08-27 08:02:27+00:00
a3b226ad65d61b33b24ef64b06508a69,2026-08-21T15:57:00Z,'Verkehrswende',taz.de,de,0.9,Streit um Trassenpreise: Wie teuer wird die Schienen-Maut?,Steigende Trassenpreise erzürnen Eisenbahnunternehmen und auch die Verkehrsminister der Länder. Sie warnen vor einem Ausbremsen der Verkehrswende.,https://taz.de/Streit-um-Trassenpreise/!6206165/,https://taz.de/picture/8687294/1200/41533002.jpeg,http://web.archive.org/web/20260821165546/https://taz.de/Streit-um-Trassenpreise/!6206165/,Steigende Trassenpreise erzürnen Eisenbahnunternehmen und auch die Verkehrsminister der Länder. Sie warnen vor einem Ausbremsen der Verkehrswende. mehr...,,Streit um Trassenpreise: Wie teuer wird die Schienen-Maut?. Steigende Trassenpreise erzürnen Eisenbahnunternehmen und auch die Verkehrsminister der Länder. Sie warnen vor einem Ausbremsen der Verkehrswende.,Dispute over route prices: How expensive will the rail toll be? Rising route prices are enraging railway companies and the state transport ministers. They warn that the traffic turnaround will be slowed down.,Controversia de pretiis viarum: Quam pretiosa erit vectigal rail? Pretia itinera surgentia turbant turmas ferriviarias et ministros onerarias publicas. Monent negotiatio turnaround retardari.,2026-08-27 08:02:27+00:00
92f90e930119d7de82bf71e9b5939355,2026-08-08T05:11:00Z,'Wasserversorgung Klimawandel',www.dw.com,de,0.9,Der heißeste Sommer? So werden Temperatur-Rekorde gemessen,"Woher wissen Wissenschaftler, ob ein Tag oder Sommer tatsächlich der heißeste seit Beginn der Aufzeichnungen war? Und woher kommt die Skepsis an den Daten? Die DW hat Experten zum Thema Hitze und Klimawandel befragt.",https://www.dw.com/de/hitze-rekordtemperaturen-messdaten-klimawandel-heissester-sommer-wie-wird-gemessen/a-78277509,https://static.dw.com/image/78267714_6.jpg,http://web.archive.org/web/20260809040813/https://www.dw.com/de/hitze-rekordtemperaturen-messdaten-klimawandel-heissester-sommer-wie-wird-gemessen/a-78277509,"Noch ein Sommer mit Rekordtemperaturen.Von Nordostasien über Europa bis in die USA trägt extreme Hitze zu Tausenden von Todesfällen bei, schürt Waldbrände und bedroht die Energie- und Wasserversorgun… [+6019 chars]",,"Der heißeste Sommer? So werden Temperatur-Rekorde gemessen. Woher wissen Wissenschaftler, ob ein Tag oder Sommer tatsächlich der heißeste seit Beginn der Aufzeichnungen war? Und woher kommt die Skepsis an den Daten? Die DW hat Experten zum Thema Hitze und Klimawandel befragt.",The hottest summer? This is how temperature records are measured. How do scientists know if a day or summer was actually the hottest on record? And where does the skepticism about the data come from? DW interviewed experts about heat and climate change.,Aestas calidissima? Sic temperatura monumenta metiuntur. Quomodo phisici sciunt si dies vel aestas actu calidissimus fuit in memoria? Et ubi dubitat de notitia? DW peritis adierunt de calore et mutatione climatis.,2026-08-28 10:05:17+00:00
cc3bae1291584187d0c6300b1a7a7cbc,2026-08-09T08:29:19Z,'Wasserversorgung Klimawandel',www.n-tv.de,de,0.9,Vorgeschmack auf neue Normalität: Kann die Hitze zu mehr Klimaschutz bewegen?,Dauerhafte Temperaturen über 30 Grad und verheerende Waldbrände: Die Folgen des Klimawandels sind früher spürbar als erwartet. Kann das der lahmenden Klimabewegung neuen Aufschwung verleihen?,https://www.n-tv.de/panorama/Kann-die-Hitze-zu-mehr-Klimaschutz-bewegen-id31165696.html,https://www.n-tv.de/img/31165881/1786020735/Img_16_9/1200/Thermometer-zeigt-ueber-35-Grad-Celsius-Hitzewelle-Sommerhitze.jpg,http://web.archive.org/web/20260810092032/https://www.n-tv.de/panorama/Kann-die-Hitze-zu-mehr-Klimaschutz-bewegen-id31165696.html,"Das Thermometer zeigt immer häufiger mehr als 35 Grad Celsius an. (Foto: picture alliance / CHROMORANGE)
Dauerhafte Temperaturen über 30 Grad und verheerende Waldbrände: Die Folgen des Klimawandels … [+8789 chars]",,Vorgeschmack auf neue Normalität: Kann die Hitze zu mehr Klimaschutz bewegen?. Dauerhafte Temperaturen über 30 Grad und verheerende Waldbrände: Die Folgen des Klimawandels sind früher spürbar als erwartet. Kann das der lahmenden Klimabewegung neuen Aufschwung verleihen?,A taste of the new normal: Can the heat encourage more climate protection? Permanent temperatures above 30 degrees and devastating forest fires: the consequences of climate change are noticeable earlier than expected. Can this give new impetus to the lame climate movement?,Gustus novi normali: Potestne calor plus praesidii climatis incitare? Temperaturae permanentes supra 30 gradus et incendia silvestrem populantur: consecutiones mutationis climatis maturius quam expectatae sunt. Potestne hic claudo motui climatis novum impetum dare?,2026-08-28 10:05:17+00:00
3aa854742b0b69a5f9a53f360844753e,2026-08-22T11:48:00Z,'Spritpreise',www.focus.de,de,0.9,Rhein-Niedrigwasser trifft Autofahrer – Tankladung kostet je nach Region deutlich mehr,"Niedrigwasser am Rhein treibt die Spritpreise im Westen Deutschlands nach oben. Ein Überblick über Ursachen, Regionen und Aussichten.",https://www.focus.de/finanzen/rhein-niedrigwasser-trifft-autofahrer-tankladung-kostet-je-nach-region-deutlich-mehr_8eda17de-89c6-4e4e-8533-55b3d3e3428f.html,"https://quadro.burda-forward.de/ctf/0b518fad-2b41-4fa8-885b-822c70a48810.72590a78-0d41-4045-b86f-4a75a2c77c9c.jpeg?im=RegionOfInterestCrop=(1200,630),regionOfInterest=(600,287)&hash=bc6664c6e2577c25af9c76799a7fd67622bb5a44b53e24045795c6b82fe08b8f",http://web.archive.org/web/20260822234034/https://www.focus.de/finanzen/rhein-niedrigwasser-trifft-autofahrer-tankladung-kostet-je-nach-region-deutlich-mehr_8eda17de-89c6-4e4e-8533-55b3d3e3428f.html,"Wer dieser Tage in Hessen Super E10 tankt, zahlt im Schnitt 2,164 Euro pro Liter, mehr als in jedem anderen Bundesland. Bei Diesel liegt Nordrhein-Westfalen mit 2,254 Euro vorn. Autofahrer in Mecklen… [+5368 chars]",,"Rhein-Niedrigwasser trifft Autofahrer – Tankladung kostet je nach Region deutlich mehr. Niedrigwasser am Rhein treibt die Spritpreise im Westen Deutschlands nach oben. Ein Überblick über Ursachen, Regionen und Aussichten.","Low water in the Rhine affects motorists – tank loads cost significantly more depending on the region. Low water on the Rhine is driving up fuel prices in western Germany. An overview of causes, regions and prospects.","Humilis aqua in Rheno motoristae afficit – onera piscinarum significantius constantius regione fretus constant. Humilis aquae in Rheno cibus pretia agitantis in Germania occidentali. Consideratio causarum, regionum et fortunorum.",2026-08-29 22:28:35+00:00
7b69d7eb737a43d0a31b3ce5e3214eb1,2026-08-08T02:00:32Z,'Wärmewende',www.zeit.de,de,0.9,Wärmewende in Sachsen-Anhalt: Fernwärmepreise stabil – doch Versorger warnen,Hier finden Sie Informationen zu dem Thema „Wärmewende in Sachsen-Anhalt“. Lesen Sie jetzt „Fernwärmepreise stabil – doch Versorger warnen“.,https://www.zeit.de/news/2026-08/08/fernwaermepreise-stabil-doch-versorger-warnen,https://img.zeit.de/news/2026-08/08/fernwaermepreise-stabil-doch-versorger-warnen-image-group/wide__1300x731,http://web.archive.org/web/20260809201203/https://www.zeit.de/news/2026-08/08/fernwaermepreise-stabil-doch-versorger-warnen,"Stabile Preise, aber Unsicherheit beim weiteren Ausbau: Die Fernwärmepreise in Halle und Magdeburg haben sich zuletzt kaum verändert. In Halle sind sie seit Anfang 2024 nahezu konstant, in Magdeburg … [+4006 chars]",,Wärmewende in Sachsen-Anhalt: Fernwärmepreise stabil – doch Versorger warnen. Hier finden Sie Informationen zu dem Thema „Wärmewende in Sachsen-Anhalt“. Lesen Sie jetzt „Fernwärmepreise stabil – doch Versorger warnen“.,Heat transition in Saxony-Anhalt: District heating prices stable – but suppliers warn. Here you will find information on the topic “Heat transition in Saxony-Anhalt”. Now read “District heating prices stable – but suppliers warn”.,"Transitus caloris in Saxonia-Anhalt: Districtus calefactionis pretiis stabilis – sed praebitorum monent. Hic informationes invenies de argumento ""Caloris transitus in Saxonia-Anhalt"". Nunc lege ""Pretia calefactionis Districtus stabilis - sed praebitores monent"".",2026-08-31 04:17:02+00:00
3cddacd2ca74b4ae2a391e909331d725,2026-08-20T09:46:15Z,'Wärmewende',www.zeit.de,de,0.9,Wohnungswirtschaft: Wohnungswirtschaft warnt vor Kostenexplosion bei Wärmewende,Hier finden Sie Informationen zu dem Thema „Wohnungswirtschaft“. Lesen Sie jetzt „Wohnungswirtschaft warnt vor Kostenexplosion bei Wärmewende“.,https://www.zeit.de/news/2026-08/20/wohnungswirtschaft-warnt-vor-kostenexplosion-bei-waermewende,https://img.zeit.de/news/2026-08/20/wohnungswirtschaft-warnt-vor-kostenexplosion-bei-waermewende-image-group/wide__1300x731,,"Die sächsische Wohnungswirtschaft will ihre Mieter vor hohen Folgekosten der Energie- und Wärmewende bewahren. «Steigende CO2-Kosten, hohe Investitionsbedarfe, neue Abrechnungs- und Umlageregelungen … [+2909 chars]",,Wohnungswirtschaft: Wohnungswirtschaft warnt vor Kostenexplosion bei Wärmewende. Hier finden Sie Informationen zu dem Thema „Wohnungswirtschaft“. Lesen Sie jetzt „Wohnungswirtschaft warnt vor Kostenexplosion bei Wärmewende“.,Housing industry: Housing industry warns of cost explosion with heating transition. Here you will find information on the topic of “housing industry”. Now read “Housing industry warns of cost explosion in heating transition”.,"Industria habitationi: habitationi industriam monet sumptus explosiones cum transitus calefactionis. Hic informationes invenies in argumento ""in industriae habitationis"". Nunc legere ""Habitationi industriam monet sumptus explosiones in transitu calefaciendi"".",2026-08-31 04:17:02+00:00
062fce0beb4185788461c8a882263dfe,2026-08-20T14:28:00Z,'Wärmewende',taz.de,de,0.9,Energetische Sanierung: Es bröckelt am Rollberg,Unter sanierungsbedürftigen Häusern leiden sowohl Mie­te­r:in­nen als auch das Klima. Die Initiative Soziale Wärmewende jetzt will beiden helfen.,https://taz.de/Energetische-Sanierung/!6200494/,https://taz.de/picture/8643247/1200/41892872.jpeg,http://web.archive.org/web/20260821064504/https://taz.de/Energetische-Sanierung/!6200494/,Unter sanierungsbedürftigen Häusern leiden sowohl Mie­te­r:in­nen als auch das Klima. Die Initiative Soziale Wärmewende jetzt will beiden helfen. mehr...,,Energetische Sanierung: Es bröckelt am Rollberg. Unter sanierungsbedürftigen Häusern leiden sowohl Mie­te­r:in­nen als auch das Klima. Die Initiative Soziale Wärmewende jetzt will beiden helfen.,Energy renovation: Rollberg is crumbling. Both tenants and the climate suffer from houses in need of renovation. The Social Heat Transition Now initiative wants to help both.,Energy renovationis: Rollberg putri est. Tam tenentes quam clima domibus renovationis indigent. Transitus Socialis Caloris Nunc inceptum utrumque adiuvare vult.,2026-08-31 04:17:02+00:00
c2753b6a14fe1eb2f6f51262c98aff56,2026-08-24T15:12:00Z,'Wärmewende',taz.de,de,0.9,Wärmewende in Hamburg: Habecks Geist weht durch Hamburg,In Deutschland können weiter Gas- und Ölheizungen verbaut werden. In ganz Deutschland? Nein. Das alte Heizungsgesetz könnte in Hamburg fortleben.,https://taz.de/Waermewende-in-Hamburg/!6206037/,https://taz.de/picture/8685793/1200/demo-fuer-die-energiewende-april2026-in-hamburg-dpa-georg-wendt.jpeg,http://web.archive.org/web/20260824221547/https://taz.de/Waermewende-in-Hamburg/!6206037/,In Deutschland können weiter Gas- und Ölheizungen verbaut werden. In ganz Deutschland? Nein. Das alte Heizungsgesetz könnte in Hamburg fortleben. mehr...,,Wärmewende in Hamburg: Habecks Geist weht durch Hamburg. In Deutschland können weiter Gas- und Ölheizungen verbaut werden. In ganz Deutschland? Nein. Das alte Heizungsgesetz könnte in Hamburg fortleben.,Heat transition in Hamburg: Habeck's spirit blows through Hamburg. Gas and oil heating systems can still be installed in Germany. All over Germany? No. The old heating law could live on in Hamburg.,Transitus caloris in Hamburg: spiritus Habeck per Hamburgum spirat. Gas et oleum systematum calefactionis adhuc in Germania institui possunt. Totam Germaniam? N. Lex vetus calefactio Hamburgi vivere potuit.,2026-08-31 04:17:02+00:00
b30c584cc0598bca8ae80680d9e202db,2026-08-22T09:58:07Z,'e-Auto Verkehrswende',www.zeit.de,de,0.9,Elektromobilität: Braucht es bald Steuern auf E-Autos?,"Benzin und Diesel bringen Milliarden an Steuern für den Straßenbau. Der Regierung fehlt ein Plan, woher das Geld im E-Zeitalter kommen soll. Andere Länder sind weiter.",https://www.zeit.de/mobilitaet/2026-08/elektromobilitaet-besteuerung-e-autos-autoindustrie-bundesregierung,https://img.zeit.de/mobilitaet/2026-08/e-auto-steuereinnahmen/wide__1300x731,,"Schließen
Artikelzusammenfassung
Der E-Auto-Boom rollt auf Deutschland zu wie ein leiser, glänzender Zukunftszug. Zuerst jubeln Politik und Käufer über Kaufprämien, sinkende Emissionen und mehr Mod… [+1296 chars]",,"Elektromobilität: Braucht es bald Steuern auf E-Autos?. Benzin und Diesel bringen Milliarden an Steuern für den Straßenbau. Der Regierung fehlt ein Plan, woher das Geld im E-Zeitalter kommen soll. Andere Länder sind weiter.",Electromobility: Will we soon need taxes on electric cars? Gasoline and diesel bring in billions in taxes for road construction. The government lacks a plan as to where the money will come from in the e-age. Other countries are further.,Electromobilitas: Moxne exigemus vectigalia electricis carris? Gasoline et Diesel billions in vectigalibus pro via constructionis inducunt. Regimen consilio caret ubi pecunia ex in e-aetate veniet. Aliae porro nationes sunt.,2026-09-02 14:10:48+00:00
ff5d68fe5a1d2671e6d09a470ab4a8c3,2026-08-29T18:13:00Z,'e-Auto Verkehrswende',taz.de,de,0.9,E-Auto-Verkäufe steigen weltweit: Der Irankrieg treibt die Verkehrswende an,Seit 2020 hat sich der Anteil von E-Autos an den weltweiten Verkäufen deutlich gesteigert. Wegen des Irankrieges erhöht die IEA ihre Prognose für 2026.,https://taz.de/E-Auto-Verkaeufe-steigen-weltweit/!6208006/,https://taz.de/picture/8702206/1200/41186681.jpeg,,Seit 2020 hat sich der Anteil von E-Autos an den weltweiten Verkäufen deutlich gesteigert. Wegen des Irankrieges erhöht die IEA ihre Prognose für 2026. mehr...,,E-Auto-Verkäufe steigen weltweit: Der Irankrieg treibt die Verkehrswende an. Seit 2020 hat sich der Anteil von E-Autos an den weltweiten Verkäufen deutlich gesteigert. Wegen des Irankrieges erhöht die IEA ihre Prognose für 2026.,"E-car sales are increasing worldwide: the Iran war is driving the transport transition. Since 2020, the share of electric cars in global sales has increased significantly. Because of the Iran war, the IEA increases its forecast for 2026.","Sales currus terrarum augentur: Iran bellum transitus onerariam agit. Cum 2020, portio carros electrica in global venditionibus signanter auxit. Propter bellum Irania, IEA pro MMXVI auget praesagio.",2026-09-02 14:10:48+00:00
2ad2b34a328adf44a7f075e1faf1818a,2026-08-10T09:59:39Z,'Niedrigwasser',www.zeit.de,de,0.9,Niedrigwasser: Baden-Württemberg will Lkw-Sonntagsfahrverbot aussetzen,Nach mehreren Bundesländern hat auch Baden-Württemberg das Sonntagsfahrverbot für Lastwagen ausgesetzt. Dies soll die Logistik angesichts des Niedrigwassers entlasten.,https://www.zeit.de/wirtschaft/2026-08/lkw-fahrverbot-baden-wuerttemberg-niedrigwasser-aussetzung-lieferengpaesse-gxe,https://img.zeit.de/wirtschaft/2026-08/lkw-fahrverbot-baden-wuerttemberg-niedrigwasser-aussetzung-lieferengpaesse-foto-1/wide__1300x731,http://web.archive.org/web/20260810210009/https://www.zeit.de/wirtschaft/2026-08/lkw-fahrverbot-baden-wuerttemberg-niedrigwasser-aussetzung-lieferengpaesse-gxe,Wegen des anhaltenden Niedrigwassers auf den Wasserstraßen will Baden-Württemberg das Sonn- und Feiertagsfahrverbot für Lkw aussetzen. Geplant sei dies ab dem kommenden Wochenende und bis Ende Septem… [+1797 chars],,Niedrigwasser: Baden-Württemberg will Lkw-Sonntagsfahrverbot aussetzen. Nach mehreren Bundesländern hat auch Baden-Württemberg das Sonntagsfahrverbot für Lastwagen ausgesetzt. Dies soll die Logistik angesichts des Niedrigwassers entlasten.,"Low water: Baden-Württemberg wants to suspend the truck driving ban on Sundays. After several federal states, Baden-Württemberg has also suspended the Sunday driving ban for trucks. This is intended to relieve logistics given the low water levels.","Aqua humilis: Baden-Württemberg plaustrum pulsionis dominicis diebus suspendere vult. Post aliquot civitates foederales, Baden-Württemberg etiam bannum pro aliquet dominico suspendit. Hoc destinatur logistics sublevare, quae aqua humiliores gradus sunt.",2026-09-02 18:28:41+00:00
23ccdb206909cbdac32a1677639c72f3,2026-08-10T17:23:15Z,'Niedrigwasser',www.faz.net,de,0.9,Hitze-Liveblog: Niedrigwasser: Lkw-Fahrverbot wird weiter gelockert,Weltkriegsbombe bei Niedrigwasser in Köln im Rhein gefunden +++ 261 Menschen sind in diesem Jahr in deutschen Gewässern ertrunken +++ 9600 Hitzetote in Deutschland in heißer Juniwoche +++ alle Entwicklungen im Liveblog,https://www.faz.net/aktuell/gesellschaft/menschen/liveticker-zur-hitzewelle-niedrigwasser-lkw-fahrverbot-wird-weiter-gelockert-faz-200949959.html,https://media0.faz.net/image/w1200h627/da1088d24dad/w6144h3210x0y329o/202608/43601.0.2419168346/rheinland-pfalz-bacharach.webp,http://web.archive.org/web/20260810185418/https://www.faz.net/aktuell/gesellschaft/menschen/liveticker-zur-hitzewelle-niedrigwasser-lkw-fahrverbot-wird-weiter-gelockert-faz-200949959.html,Angesichts der jüngsten Hitzewellen mit Tausenden Toten fordern die Bundesärztekammer und rund 80 weitere europäische Gesundheitsorganisationen deutlich mehr Anstrengung von der EU. So müsse die Erkl… [+1522 chars],,Hitze-Liveblog: Niedrigwasser: Lkw-Fahrverbot wird weiter gelockert. Weltkriegsbombe bei Niedrigwasser in Köln im Rhein gefunden +++ 261 Menschen sind in diesem Jahr in deutschen Gewässern ertrunken +++ 9600 Hitzetote in Deutschland in heißer Juniwoche +++ alle Entwicklungen im Liveblog,"Heat live blog: Low water: Truck driving ban is further relaxed. World War II bomb found in the Rhine during low water in Cologne +++ 261 people drowned in German waters this year +++ 9,600 heat deaths in Germany in the hot week of June +++ all developments in the live blog","Aestus vivam blog: Minimum aqua: Truck bannum incessus adhuc relaxatur. Bomba mundana II bomba in Rheno inventa est in aqua humili Coloniae +++ 261 homines in aquis Germanicis submersi hoc anno +++ 9,600 aestus mortibus in Germania in hebdomade mensis Iunii calidis +++ omnes progressus in diario vivo",2026-09-02 18:28:41+00:00
a98ff78e831f674f585ffb4d671b4fe8,2026-08-11T00:47:55Z,'Niedrigwasser',www.faz.net,de,0.9,Hitze-Liveblog: Industrie drosselt wegen Rhein-Niedrigwasser Produktion,Rufe nach Aufnahme von Hitzeschutz als Gemeinschaftsaufgabe in die Verfassung +++ Lkw-Fahrverbot wird weiter gelockert +++ Weltkriegsbombe bei Niedrigwasser in Köln im Rhein gefunden +++ alle Entwicklungen im Liveblog,https://www.faz.net/aktuell/gesellschaft/menschen/liveticker-zur-hitzewelle-industrie-drosselt-wegen-rhein-niedrigwasser-produktion-faz-200949959.html,https://media0.faz.net/image/w1200h627/73972deade52/w6144h3210x0y443o/202608/43601.0.2419948557/zu-fuss-gehen-spaziergaenger.webp,,Angesichts der jüngsten Hitzewellen mit Tausenden Toten fordern die Bundesärztekammer und rund 80 weitere europäische Gesundheitsorganisationen deutlich mehr Anstrengung von der EU. So müsse die Erkl… [+1522 chars],,Hitze-Liveblog: Industrie drosselt wegen Rhein-Niedrigwasser Produktion. Rufe nach Aufnahme von Hitzeschutz als Gemeinschaftsaufgabe in die Verfassung +++ Lkw-Fahrverbot wird weiter gelockert +++ Weltkriegsbombe bei Niedrigwasser in Köln im Rhein gefunden +++ alle Entwicklungen im Liveblog,Heat live blog: Industry cuts production due to low water levels in the Rhine. Calls for heat protection to be included in the constitution as a joint task +++ Truck driving ban will be further relaxed +++ World War II bomb found in the Rhine at low water in Cologne +++ All developments in the live blog,Calor vita blog: Industria secat productionem propter humilitatem aquae gradus in Rheno. Tutelam vocat caloris in constitutione inclusa ut negotium commune +++ Truck bannum incessus amplius relaxetur +++ Bellum Orbis Terrarum II bomba in Rheno ad aquam humilem Coloniam inventam +++ Omnes explicationes in diario vivo,2026-09-02 18:28:41+00:00
3deed8bd50960dea6c5812cc68ef2d58,2026-08-11T01:02:20Z,'Niedrigwasser',www.faz.net,de,0.9,Hitze-Liveblog: Rufe nach Aufnahme von Hitzeschutz in die Verfassung,Deutscher Städtetag: Hitzeschutz muss neue Gemeinschaftsaufgabe werden +++ Industrie drosselt wegen Rhein-Niedrigwasser Produktion +++ Lkw-Fahrverbot wird weiter gelockert +++ alle Entwicklungen im Liveblog,https://www.faz.net/aktuell/gesellschaft/menschen/liveticker-zur-hitzewelle-rufe-nach-aufnahme-von-hitzeschutz-in-die-verfassung-faz-200949959.html,https://media0.faz.net/image/w1200h627/73972deade52/w6144h3210x0y443o/202608/43601.0.2419948557/zu-fuss-gehen-spaziergaenger.webp,http://web.archive.org/web/20260811030831/https://www.faz.net/aktuell/gesellschaft/menschen/liveticker-zur-hitzewelle-rufe-nach-aufnahme-von-hitzeschutz-in-die-verfassung-faz-200949959.html,Angesichts der jüngsten Hitzewellen mit Tausenden Toten fordern die Bundesärztekammer und rund 80 weitere europäische Gesundheitsorganisationen deutlich mehr Anstrengung von der EU. So müsse die Erkl… [+1522 chars],,Hitze-Liveblog: Rufe nach Aufnahme von Hitzeschutz in die Verfassung. Deutscher Städtetag: Hitzeschutz muss neue Gemeinschaftsaufgabe werden +++ Industrie drosselt wegen Rhein-Niedrigwasser Produktion +++ Lkw-Fahrverbot wird weiter gelockert +++ alle Entwicklungen im Liveblog,Heat live blog: Calls for heat protection to be included in the constitution. German Association of Cities: Heat protection must become a new joint task +++ Industry cuts back on production due to low Rhine water +++ Truck driving ban will be further relaxed +++ all developments in the live blog,Aestus vivam blog: Praesidium vocat calorem ut in constitutione comprehendatur. Consociatio Nationum Germanica: Tutela caloris novum opus iuncturam fieri debet +++ Industry resecare productionis propter aquam Rhenanam +++ Truck bannum incessus adhuc relaxabitur +++ omnes progressus in diario vivo,2026-09-02 18:28:41+00:00
686d8238e135b1020f8a21348797c93e,2026-08-11T04:00:00Z,'Niedrigwasser',www.morgenpost.de,de,0.9,Niedrigwasser und „extremer Stress“: Wie Deutschland unter der Dürre leidet,"Der Rhein wird möglicherweise zweigeteilt, manche Orte bereiten sich auf Trinkwasser per Tanklaster vor: Wo die Trockenheit spürbar wird.",https://www.morgenpost.de/politik/article412823551/trockenes-land-wie-die-duerre-deutschland-unter-druck-setzt.html,https://img.sparknews.funkemedien.de/412826590/412826590_1786375904_v16_9_1600.jpeg,,"Der Sommer 2026 ist ein Sommer der Extreme. Im Juni und Juli war es in Westeuropa so heiß wie nie zuvor in diesen Monaten, das meldete am Montag der EU-Klimawandeldienst Copernicus. Gleichzeitig fiel… [+6795 chars]",,"Niedrigwasser und „extremer Stress“: Wie Deutschland unter der Dürre leidet. Der Rhein wird möglicherweise zweigeteilt, manche Orte bereiten sich auf Trinkwasser per Tanklaster vor: Wo die Trockenheit spürbar wird.","Low water and “extreme stress”: How Germany is suffering from the drought. The Rhine may be divided into two, some places are preparing for drinking water by tanker: where the drought will be noticeable.","Humilis aqua et ""extremae accentus"": Quomodo Germania siccitate laborat. Rhenus in duo dividi potest: loca quaedam aquae amphorae bibendae parant: ubi siccitas notabilis erit.",2026-09-02 18:28:41+00:00
cdabbe48565c635d0d18340c3666af37,2026-08-11T06:54:07Z,'Niedrigwasser',www.zeit.de,de,0.9,Öltransport: Niedrigwasser am Rhein lässt Spritpreise regional steigen,Wegen des niedrigen Pegels im Rhein können Benzin und Diesel nicht mehr wie gewohnt transportiert werden. Das führt teils zu höheren Spritpreisen – vor allem im Westen.,https://www.zeit.de/mobilitaet/2026-08/niedrigwasser-rhein-spritpreise-schifffahrt-logistik-gxe,https://img.zeit.de/mobilitaet/2026-08/niedrigwasser-rhein-spritpreise-schifffahrt-logistik-foto-1/wide__1300x731,,"Das extreme Niedrigwasser am Rhein macht Tanken teilweise regional teurer. »Das derzeitige Niedrigwasser am Rhein wirkt preistreibend«, sagte der ADAC-Kraftstoffmarktexperte Christian Laberer. Dies s… [+2060 chars]",,Öltransport: Niedrigwasser am Rhein lässt Spritpreise regional steigen. Wegen des niedrigen Pegels im Rhein können Benzin und Diesel nicht mehr wie gewohnt transportiert werden. Das führt teils zu höheren Spritpreisen – vor allem im Westen.,"Oil transport: Low water on the Rhine causes fuel prices to rise regionally. Due to the low water levels in the Rhine, petrol and diesel can no longer be transported as usual. This sometimes leads to higher fuel prices – especially in the West.","Oleum onerariis: Humilis aqua in Rheno cibus pretia facit ut regionatim oriatur. Ob gradus aquarum infimis in Rheno, petrol et Diesel solito amplius transportari non possunt. Hoc interdum ad alimenta superiora pretia adducit — praesertim in Occidente.",2026-09-02 18:28:41+00:00
d41db3a45e5a26d491d427e2a08bd7cf,2026-08-11T11:52:29Z,'LKW KLimawandel',www.zeit.de,de,0.9,Niedrigwasser: Auch Hamburg und Schleswig-Holstein heben LKW-Fahrverbot auf,Angesichts des Niedrigwassers in vielen Flüssen setzen immer mehr Bundesländer das Sonntagsfahrverbot aus. Nun ziehen auch Schleswig-Holstein und Hamburg mit.,https://www.zeit.de/politik/deutschland/2026-08/lkw-fahrverbot-sonntag-aussetzung-niedrigwasser-elbe-binnenschifffahrt,https://img.zeit.de/politik/deutschland/2026-08/lkw-fahrverbot-sonntag-aussetzung-niedrigwasser-elbe-binnenschifffahrt-foto-1/wide__1300x731,http://web.archive.org/web/20260811154201/https://www.zeit.de/politik/deutschland/2026-08/lkw-fahrverbot-sonntag-aussetzung-niedrigwasser-elbe-binnenschifffahrt,Nach zahlreichen anderen Bundesländern setzen auch Schleswig-Holstein und Hamburg das Sonn- und Feiertagsverbot für Lastwagen vorübergehend aus. In Schleswig-Holstein solle diese Regelung bis zum 31.… [+2008 chars],,Niedrigwasser: Auch Hamburg und Schleswig-Holstein heben LKW-Fahrverbot auf. Angesichts des Niedrigwassers in vielen Flüssen setzen immer mehr Bundesländer das Sonntagsfahrverbot aus. Nun ziehen auch Schleswig-Holstein und Hamburg mit.,"Low water: Hamburg and Schleswig-Holstein are also lifting truck driving bans. In view of the low water in many rivers, more and more federal states are suspending the Sunday driving ban. Now Schleswig-Holstein and Hamburg are also joining in.","Aquae vivae: Hamburgum et Schleswig-Holstein etiam plaustrum banorum incessus levant. Respectu aquae demissae in multis fluminibus, magis ac magis foederales civitates dominicae bannum suspendunt. Nunc Schleswig-Holstein et Hamburgum quoque iunguntur.",2026-09-02 18:28:41+00:00
809b1cc730debddabadbb557fa788143,2026-08-11T15:02:00Z,'LKW KLimawandel',www.dw.com,de,0.9,Niedrigwasser im Rhein bremst deutsche Erholung aus,"Über Deutschlands Binnenwasserstraßen werden nach wie vor rund 5 Prozent der Güter transportiert. An den niedrigen Pegelständen des Rheins zeigt DW, wie die Dürre die Wirtschaft dort trifft, wo es am meisten schmerzt. Der Rhein ist nicht nur der größte Fluss …",https://www.dw.com/de/niedrigwasser-im-rhein-bremst-deutsche-erholung-aus/a-78325929,https://static.dw.com/image/78305937_6.jpg,http://web.archive.org/web/20260812003401/https://www.dw.com/de/niedrigwasser-im-rhein-bremst-deutsche-erholung-aus/a-78325929,"Der Rhein ist nicht nur der größte Fluss Deutschlands, er ist eine wichtige Lebensader für Güter, die für die deutsche Industrie unverzichtbar sind. Doch sind derzeit - und wahrscheinlich noch für di… [+6638 chars]",,"Niedrigwasser im Rhein bremst deutsche Erholung aus. Über Deutschlands Binnenwasserstraßen werden nach wie vor rund 5 Prozent der Güter transportiert. An den niedrigen Pegelständen des Rheins zeigt DW, wie die Dürre die Wirtschaft dort trifft, wo es am meisten schmerzt. Der Rhein ist nicht nur der größte Fluss …","Low water in the Rhine is slowing German recovery. Around 5 percent of goods are still transported via Germany's inland waterways. Using the low water levels of the Rhine, DW shows how the drought is hitting the economy where it hurts most. The Rhine is not only the largest river...","Humilis aquae in Rheno est tarditas Germanica recepta. Circa 5 centesimas bonorum adhuc per rivos mediterranei Germaniae transportantur. Utens humilis gradus aquarum Rheni, DW ostendit quomodo siccitas oeconomiam feriat ubi maxime dolet. Rhenus non solum fluvius maximus...",2026-09-02 18:28:41+00:00
dc18f0275bd86e4ee84c63942a1d63f0,2026-08-11T22:01:21Z,'LKW KLimawandel',www.zeit.de,de,0.9,Niedrigwasser: Baubranche warnt vor Engpässen durch Niedrigwasser,"Der Transport von Produkten für die Bauwirtschaft könne nicht einfach auf die Straße umgelegt werden, warnt ein Branchenverband. Er rechnet mit baldigen Engpässen.",https://www.zeit.de/mobilitaet/2026-08/niedrigwasser-fluesse-baubranche-engpaesse-transport,https://img.zeit.de/mobilitaet/2026-08/wirtschaftliche-folgen-des-rhein-niedrigwassers-bild/wide__1300x731,http://web.archive.org/web/20260812025209/https://www.zeit.de/mobilitaet/2026-08/niedrigwasser-fluesse-baubranche-engpaesse-transport,"Auch die Bauindustrie ist von dem teils extrem niedrigen Pegel
deutscher Flüsse betroffen. »Die Wasserstraße ist für den Transport großer
Mengen schwerer Güter von besonderer Bedeutung«, sagte der … [+2214 chars]",,"Niedrigwasser: Baubranche warnt vor Engpässen durch Niedrigwasser. Der Transport von Produkten für die Bauwirtschaft könne nicht einfach auf die Straße umgelegt werden, warnt ein Branchenverband. Er rechnet mit baldigen Engpässen.",Low water: Construction industry warns of bottlenecks due to low water. An industry association warns that the transport of products for the construction industry cannot simply be transferred to the road. He expects there will be shortages soon.,Minimum aqua: Constructio industria monet bottlenecks propter aquam humilis. Industria consociatio monet onerariam productorum ad industriam construendam simpliciter in viam transferri non posse. Expectat mox defuturos.,2026-09-02 18:28:41+00:00
4a40ee6c5f9167578aea3cda6ee5ab9e,2026-08-13T15:29:49Z,'Niedrigwasser',www.tagesschau.de,de,0.9,Was könnte gegen Niedrigwasser helfen?,Das Niedrigwasser in Deutschland belastet die Wirtschaft. Auf der Suche nach Lösungen wird auch ein Ausbau der Flüsse diskutiert. Das zieht Kritik nach sich. Welche Argumente und mögliche Alternativen gibt es? Ein Überblick.,https://www.tagesschau.de/inland/innenpolitik/faq-niedrigwasser-ausbau-fluesse-100.html,https://images.tagesschau.de/image/343c44fa-2579-4ea4-a05b-d44dbb98606d/AAABn_tvzj4/AAABnSSvrFg/16x9-big/niedrigwasser-binnenschiff-100.jpg?width=1280,,"Stand: 13.08.2026 17:29 Uhr
Das Niedrigwasser in Deutschland belastet die Wirtschaft. Auf der Suche nach Lösungen wird auch ein Ausbau der Flüsse diskutiert. Das zieht Kritik nach sich. Welche Argum… [+7399 chars]",,Was könnte gegen Niedrigwasser helfen?. Das Niedrigwasser in Deutschland belastet die Wirtschaft. Auf der Suche nach Lösungen wird auch ein Ausbau der Flüsse diskutiert. Das zieht Kritik nach sich. Welche Argumente und mögliche Alternativen gibt es? Ein Überblick.,"What could help against low water? The low water levels in Germany are putting a strain on the economy. In the search for solutions, expanding the rivers is also being discussed. This attracts criticism. What arguments and possible alternatives are there? An overview.","Quid juvare contra aquam humilem ? Gradus aquae humiles in Germania laborem in oeconomia ponunt. In quaerendis solutionibus, dilatandis fluminibus etiam disseritur. Haec reprehensio allicit. Quae argumenta et possibilia alternativa sunt? Meditatio.",2026-09-02 18:28:41+00:00
425184ce276f4d1afd3f29da503f294e,2026-08-14T14:01:01Z,'Niedrigwasser',www.tagesschau.de,de,0.9,Warum die Fahrrinne im Rhein bisher nicht ausgebaut wurde,"Über den Ausbau der Fahrrinne im Rhein wird seit Jahrzehnten diskutiert. Wegen des Niedrigwassers werden die Forderungen danach wieder lauter. Warum ist bislang nichts passiert? Von L. Colic, T. Peters, V. Schmidberger.",https://www.tagesschau.de/wirtschaft/rhein-niedrigwasser-fahrrinne-100.html,https://images.tagesschau.de/image/dad3bc90-2dac-4c5b-9c6c-fa2734508eee/AAABoAA9jfU/AAABnSSvrFg/16x9-big/niedrigwasser-rhein-110.jpg?width=1280,http://web.archive.org/web/20260814231356/https://www.tagesschau.de/wirtschaft/rhein-niedrigwasser-fahrrinne-100.html,"Stand: 14.08.2026 16:01 Uhr
Über den Ausbau der Fahrrinne im Rhein wird seit Jahrzehnten diskutiert. Wegen des Niedrigwassers werden die Forderungen danach wieder lauter. Warum ist bislang nichts pa… [+7719 chars]",,"Warum die Fahrrinne im Rhein bisher nicht ausgebaut wurde. Über den Ausbau der Fahrrinne im Rhein wird seit Jahrzehnten diskutiert. Wegen des Niedrigwassers werden die Forderungen danach wieder lauter. Warum ist bislang nichts passiert? Von L. Colic, T. Peters, V. Schmidberger.","Why the shipping channel in the Rhine has not yet been expanded. The expansion of the shipping channel in the Rhine has been discussed for decades. Because of the low water, the demands for this are becoming louder again. Why hasn't anything happened so far? By L. Colic, T. Peters, V. Schmidberger.","Quare alveus navium in Rheno nondum ampliatus est. De expansione alvei navium in Rheno decenniis disputatum est. Propter aquam humilem, postulata ad hoc iterum fiunt maiora. Cur nihil huc usque accidit? Auctore L. Colic, T. Peters, V. Schmidberger.",2026-09-02 18:28:41+00:00
32ac9a9b632172db0c1f2b4b8b9073dc,2026-08-14T14:02:50Z,'LKW KLimawandel',www.tagesspiegel.de,de,0.9,Den Klimaschutz hat die Politik verschlafen: Bitte verpennt jetzt nicht auch noch den Schutz vor Klimawandel-Folgen,"Der Umweltminister will den Klimaschutz als Gemeinschaftsaufgabe im Grundgesetz verankern. Das eröffnet Möglichkeiten, die längst überfällig sind.",https://www.tagesspiegel.de/den-klimaschutz-hat-die-politik-verschlafen-bitte-verpennt-jetzt-nicht-auch-noch-den-schutz-vor-klimawandel-folgen-15944011.html,https://www.tagesspiegel.de/images/15944544/alternates/BASE_16_9_W1400/1786716068000/extremhitze.jpeg,,"Den ganzen Sommer über scheint es, als ginge die Hitze jeden etwas an, bloß nicht die Politik. Menschen schwitzen, Tiere hungern, Felder vertrocknen. Das RKI zählt Tote und überall in Europa brennt e… [+5215 chars]",,"Den Klimaschutz hat die Politik verschlafen: Bitte verpennt jetzt nicht auch noch den Schutz vor Klimawandel-Folgen. Der Umweltminister will den Klimaschutz als Gemeinschaftsaufgabe im Grundgesetz verankern. Das eröffnet Möglichkeiten, die längst überfällig sind.",Politicians have missed out on climate protection: Please don't miss out on protection against the consequences of climate change. The Environment Minister wants to anchor climate protection as a joint task in the Basic Law. This opens up opportunities that are long overdue.,"Politici tutelam climatis exciderunt: Quaeso ne deesset in tutela contra consecutiones mutationis climatis. Minister ambitus tutelam climatis ancorare vult ut munus commune in Lege Basic. Hic aperit occasiones, quae diu decuit.",2026-09-02 18:28:41+00:00
05361982fe8582948c11d38e93e5631f,2026-08-14T23:00:04Z,'LKW KLimawandel',www.zeit.de,de,0.9,Transportprobleme: Niedrigwasser: Ökonomin Grimm sagt steigende Preise voraus,Hier finden Sie Informationen zu dem Thema „Transportprobleme“. Lesen Sie jetzt „Niedrigwasser: Ökonomin Grimm sagt steigende Preise voraus“.,https://www.zeit.de/news/2026-08/15/niedrigwasser-oekonomin-grimm-sagt-steigende-preise-voraus,https://img.zeit.de/news/2026-08/15/niedrigwasser-oekonomin-grimm-sagt-steigende-preise-voraus-image-group/wide__1300x731,http://web.archive.org/web/20260814232704/https://www.zeit.de/news/2026-08/15/niedrigwasser-oekonomin-grimm-sagt-steigende-preise-voraus,Die Wirtschaftsweise Veronika Grimm hat steigende Preise vorhergesagt als Folge des Niedrigwassers auf deutschen Flüssen und die dadurch verursachten Transportprobleme. «Bei ineffizienter Rationierun… [+2044 chars],,Transportprobleme: Niedrigwasser: Ökonomin Grimm sagt steigende Preise voraus. Hier finden Sie Informationen zu dem Thema „Transportprobleme“. Lesen Sie jetzt „Niedrigwasser: Ökonomin Grimm sagt steigende Preise voraus“.,Transport problems: Low water: Economist Grimm predicts rising prices. Here you will find information on the topic of “transport problems”. Read “Low water: Economist Grimm predicts rising prices” now.,"Problemata oneraria: aqua inferior: Grimm oeconomus pretium resurrectionem praedicat. Hic informationes invenies in argumento ""quaestiones onerariae"". Lege ""Aqua humilis: oeconomus Grimm pretium orientem praedicit"" nunc.",2026-09-02 18:28:41+00:00
318ae5f6878bdd42e4f197f4daf3046c,2026-08-14T23:01:11Z,'Klimawandel',www.tagesspiegel.de,de,0.9,„Politik macht keinen guten Eindruck“: Wirtschaftsweise Grimm warnt vor steigenden Preisen durch Niedrigwasser,Wirtschaftsweise Veronika Grimm rechnet mit steigenden Preisen als Folge des Niedrigwassers. Sie kritisiert fehlende politische Vorsorge gegen die Folgen des Klimawandels.,https://www.tagesspiegel.de/wirtschaft/politik-macht-keinen-guten-eindruck-wirtschaftsweise-grimm-warnt-vor-steigenden-preisen-durch-niedrigwasser-15945848.html,https://www.tagesspiegel.de/images/15946314/alternates/BASE_16_9_W1400/1786796314000/extremes-niedrigwasser-auf-dem-rhein.jpeg,http://web.archive.org/web/20260815132659/https://www.tagesspiegel.de/wirtschaft/politik-macht-keinen-guten-eindruck-wirtschaftsweise-grimm-warnt-vor-steigenden-preisen-durch-niedrigwasser-15945848.html,"Die Wirtschaftsweise Veronika Grimm hat steigende Preise vorhergesagt als Folge des Niedrigwassers auf deutschen Flüssen und der dadurch verursachten Transportprobleme.
Bei ineffizienter Rationierun… [+3737 chars]",,„Politik macht keinen guten Eindruck“: Wirtschaftsweise Grimm warnt vor steigenden Preisen durch Niedrigwasser. Wirtschaftsweise Veronika Grimm rechnet mit steigenden Preisen als Folge des Niedrigwassers. Sie kritisiert fehlende politische Vorsorge gegen die Folgen des Klimawandels.,“Politics doesn’t make a good impression”: Economics Grimm warns of rising prices due to low water levels. Economist Veronika Grimm expects prices to rise as a result of low water levels. She criticizes the lack of political precautions against the consequences of climate change.,"""Politica non bene impressionem facit"": Oeconomica Grimm monet pretia surgendi propter gradus aquarum infimis. Oeconomus Veronika Grimm expectat prices oriri propter gradus aquae gravis. Illa defectum politicarum cautionum reprehendit contra consequentia mutationis climatis.",2026-09-02 18:28:41+00:00
6328f1a9b0bb8064f01d6423a6aa6378,2026-08-14T23:01:11Z,'Niedrigwasser',www.tagesspiegel.de,de,0.9,Transportprobleme: Niedrigwasser: Ökonomin Grimm sagt steigende Preise voraus,"Die Preise könnten bei diversen Grundstoffen steigen, warnt die Wirtschaftsweise. Sie kritisiert die Politiker, die kurzsichtig agierten, statt sich auf solche Lagen vorzubereiten.",https://www.tagesspiegel.de/wirtschaft/transportprobleme-niedrigwasser-okonomin-grimm-sagt-steigende-preise-voraus-15945848.html,https://www.tagesspiegel.de/images/15945847/alternates/BASE_16_9_W1400/1786748471000/extremes-niedrigwasser-auf-dem-rhein.jpeg,,Die Wirtschaftsweise Veronika Grimm hat steigende Preise vorhergesagt als Folge des Niedrigwassers auf deutschen Flüssen und die dadurch verursachten Transportprobleme. Bei ineffizienter Rationierung… [+2082 chars],,"Transportprobleme: Niedrigwasser: Ökonomin Grimm sagt steigende Preise voraus. Die Preise könnten bei diversen Grundstoffen steigen, warnt die Wirtschaftsweise. Sie kritisiert die Politiker, die kurzsichtig agierten, statt sich auf solche Lagen vorzubereiten.",Transport problems: Low water: Economist Grimm predicts rising prices. Economics warns that prices could rise for various raw materials. She criticizes politicians who act short-sightedly instead of preparing for such situations.,Problemata oneraria: aqua inferior: Grimm oeconomus pretium resurrectionem praedicat. Oeconomica monet pretia varias materiae rudis oriri posse. Politicos reprehendit qui brevi perspicaciores agunt loco ad tales casus comparandos.,2026-09-02 18:28:41+00:00
a5301988047c0649f25aa477a525bd88,2026-08-15T05:30:01Z,'LKW KLimawandel',www.zeit.de,de,0.9,Niedrigwasser am Rhein: Alte Güterwaggons sollen wegen Niedrigwassers wieder in Betrieb gehen,Wegen des Niedrigwassers auf Flüssen soll Schiffsfracht auf Straßen und Schienen verlagert werden. Die Deutsche Bahn will dafür auch alte Güterwaggons reaktivieren.,https://www.zeit.de/politik/deutschland/2026-08/niedrigwasser-rhein-binnenschifffahrt-db-cargo-gueterverkehr,https://img.zeit.de/politik/deutschland/2026-08/niedrigwasser-rhein-binnenschifffahrt-db-cargo-gueterverkehr-foto-1/wide__1300x731,,Angesichts der abnehmenden Schiffstransporte wegen des Niedrigwassers in Deutschland will die Deutsche Bahn einem Bericht zufolge ausgemusterte Güterwaggons wieder in Betrieb nehmen. Dieser Plan geht… [+2935 chars],,Niedrigwasser am Rhein: Alte Güterwaggons sollen wegen Niedrigwassers wieder in Betrieb gehen. Wegen des Niedrigwassers auf Flüssen soll Schiffsfracht auf Straßen und Schienen verlagert werden. Die Deutsche Bahn will dafür auch alte Güterwaggons reaktivieren.,"Low water on the Rhine: Old freight wagons are to be put back into operation due to low water. Due to low water levels on rivers, ship freight is to be shifted to roads and rails. Deutsche Bahn also wants to reactivate old freight wagons for this purpose.","Aquae vivae in Rheno: Vetera oneraria oneraria exertiae ob aquam ima restituendae sunt. Ob gradus aquarum in fluminibus humilis, navis oneraria ad vias et cancellos transferenda est. Deutsche Bahn etiam vult plaustra oneraria antiqua ad hanc rem reactivate.",2026-09-02 18:28:41+00:00
86a11800b79737e58cc986fbc9c56da4,2026-08-15T05:30:01Z,'Niedrigwasser',www.zeit.de,de,0.9,Niedrigwasser am Rhein: Bahn will wegen Niedrigwassers alte Güterwaggons in Betrieb nehmen,Wegen des Niedrigwassers auf Flüssen soll Schiffsfracht auf Straßen und Schienen verlagert werden. Die Deutsche Bahn will dafür auch alte Güterwaggons reaktivieren.,https://www.zeit.de/politik/deutschland/2026-08/niedrigwasser-rhein-binnenschifffahrt-db-cargo-gueterverkehr-gxe,https://img.zeit.de/politik/deutschland/2026-08/niedrigwasser-rhein-binnenschifffahrt-db-cargo-gueterverkehr-foto-1/wide__1300x731,http://web.archive.org/web/20260815193704/https://www.zeit.de/politik/deutschland/2026-08/niedrigwasser-rhein-binnenschifffahrt-db-cargo-gueterverkehr-gxe,Angesichts der abnehmenden Schiffstransporte wegen des Niedrigwassers in Deutschland will die Deutsche Bahn einem Bericht zufolge ausgemusterte Güterwaggons wieder in Betrieb nehmen. Dieser Plan geht… [+2911 chars],,Niedrigwasser am Rhein: Bahn will wegen Niedrigwassers alte Güterwaggons in Betrieb nehmen. Wegen des Niedrigwassers auf Flüssen soll Schiffsfracht auf Straßen und Schienen verlagert werden. Die Deutsche Bahn will dafür auch alte Güterwaggons reaktivieren.,"Low water on the Rhine: Railway wants to put old freight wagons into operation due to low water. Due to low water levels on rivers, ship freight is to be shifted to roads and rails. Deutsche Bahn also wants to reactivate old freight wagons for this purpose.","Aquae vivae in Rheno: Railway plaustra oneraria vetera in exer- citum propter aquam demissam ponere vult. Ob gradus aquarum in fluminibus humilis, navis oneraria ad vias et cancellos transferenda est. Deutsche Bahn etiam vult plaustra oneraria antiqua ad hanc rem reactivate.",2026-09-02 18:28:41+00:00
af7f43c182dbc575849c1afeba07e9c7,2026-08-29T06:40:09Z,'Spritpreise',www.faz.net,de,0.9,Spritpreise: Warum ist Diesel noch teurer als Benzin?,"Tanken ist teuer, weil Öl aus dem Persischen Golf fehlt. Aber auch das Verhältnis der Preise an der Tankstelle hat sich umgekehrt. Das liegt nicht nur am Irankrieg.",https://www.faz.net/aktuell/finanzen/tankstellenpreise-warum-diesel-teurer-ist-als-benzin-accg-201164044.html,https://media0.faz.net/image/w1200h627/5da79e56654b/w6000h3135x0y433o/202607/43601.0.2386566340/verdrehte-preise-diesel-kostet.webp,http://web.archive.org/web/20260830045228/https://www.faz.net/aktuell/finanzen/tankstellenpreise-warum-diesel-teurer-ist-als-benzin-accg-201164044.html,"Die Spritpreise leiden unter dem Krieg gegen Iran, an diesen Zusammenhang mussten sich die Autofahrer längst gewöhnen. Seit dem Ende des Tankrabatts steht vor dem Komma für die allermeisten wieder ei… [+3480 chars]",,"Spritpreise: Warum ist Diesel noch teurer als Benzin?. Tanken ist teuer, weil Öl aus dem Persischen Golf fehlt. Aber auch das Verhältnis der Preise an der Tankstelle hat sich umgekehrt. Das liegt nicht nur am Irankrieg.",Fuel prices: Why is diesel even more expensive than gasoline? Refueling is expensive because there is a lack of oil from the Persian Gulf. But the price ratio at the gas station has also reversed. This is not just because of the Iran war.,"Pretia cibus: Cur pellentesque vel gasoline carior est? Refutatio cara est, quia defectus olei ex sinu Persico est. Sed pretium proportio in statione gasi etiam versa est. Hoc non solum propter bellum Iranianum est.",2026-09-02 22:26:38+00:00
471b0cf3d5e801a02e07559c3c24747a,2026-08-31T08:01:38Z,'Spritpreise',www.zeit.de,de,0.9,Spritpreise: Tankrabatt in Polen läuft aus,Hier finden Sie Informationen zu dem Thema „Spritpreise“. Lesen Sie jetzt „Tankrabatt in Polen läuft aus“.,https://www.zeit.de/news/2026-08/31/tankrabatt-in-polen-laeuft-aus,https://img.zeit.de/news/2026-08/31/tankrabatt-in-polen-laeuft-aus-image-group/wide__1300x731,,"In Polen werden die Preise für Benzin und Diesel ab Dienstag deutlich steigen. Mit dem Ende der polnischen Schulferien am 31. August läuft auch die Gültigkeit des aktuellen Spritpreispakets aus. 
De… [+873 chars]",,Spritpreise: Tankrabatt in Polen läuft aus. Hier finden Sie Informationen zu dem Thema „Spritpreise“. Lesen Sie jetzt „Tankrabatt in Polen läuft aus“.,Fuel prices: Fuel discount in Poland is expiring. Here you will find information on the topic of “fuel prices”. Now read “Fuel discount in Poland is expiring”.,"Fuel pretia: fuel discount in Polonia exspirat. Hic informationes invenies in argumento ""cibus pretia"". Nunc legitur ""Fuel discount in Polonia exspirat"".",2026-09-02 22:26:38+00:00
9bb598e95d69d570ed1ac876cd9e90f5,2026-08-31T08:02:37Z,'Spritpreise',www.tagesspiegel.de,de,0.9,Spritpreise: Tankrabatt in Polen läuft aus,Ab Dienstag wird Tanken in Polen spürbar teurer. Wie sich die Preiserhöhung auf den Alltag der Autofahrer auswirkt und was Branchenkenner dazu sagen.,https://www.tagesspiegel.de/berlin/spritpreise-tankrabatt-in-polen-lauft-aus-15999729.html,https://www.tagesspiegel.de/images/15999728/alternates/BASE_16_9_W1400/1788163357000/polens-spritpreisdeckel-tritt-in-kraft.jpeg,,"In Polen werden die Preise für Benzin und Diesel ab Dienstag deutlich steigen. Mit dem Ende der polnischen Schulferien am 31. August läuft auch die Gültigkeit des aktuellen Spritpreispakets aus. 
De… [+927 chars]",,Spritpreise: Tankrabatt in Polen läuft aus. Ab Dienstag wird Tanken in Polen spürbar teurer. Wie sich die Preiserhöhung auf den Alltag der Autofahrer auswirkt und was Branchenkenner dazu sagen.,"Fuel prices: Fuel discount in Poland is expiring. From Tuesday, refueling in Poland will be noticeably more expensive. How the price increase affects the everyday life of drivers and what industry experts say about it.","Fuel pretia: fuel discount in Polonia exspirat. A Martis, refueling in Polonia, notabiliter carior erit. Pretium incrementi quomodo afficit vitam cotidianam rectorum et quid de industria periti dicunt.",2026-09-02 22:26:38+00:00
6e24c4510d6dfc4cf5439382ee1c4c93,2026-08-31T09:40:32Z,'Spritpreise',www.diepresse.com,de,0.9,Spritpreisbremse wird um ein weiteres Monat verlängert,"Die Spritpreisbremse wird verlängert; ohne Margenbegrenzung. Das teilt das Wirtschaftsministerium mit. Zuletzt gab es Entspannung an den Tankstellen, die Spritpreise waren zuletzt wieder gesunken.",https://www.diepresse.com/41218812/spritpreisbremse-wird-um-ein-weiteres-monat-verlaengert,https://img.diepresse.com/public/incoming/psty3u-22730394794221432bldhiresjpg/alternates/WEBP_WIDE_1200/22730394794221432_BLD_HiRes.jpg,http://web.archive.org/web/20260831105452/https://www.diepresse.com/41218812/spritpreisbremse-wird-um-ein-weiteres-monat-verlaengert,"Die Presse auf Google als bevorzugte Nachrichtenquelle hinzufügen.
 Wien (APA) - Die Spritpreisbremse wird um ein weiteres Monat verlängert. Bis Ende September wird die Mineralölsteuer (MöSt) um 1,9… [+1619 chars]",,"Spritpreisbremse wird um ein weiteres Monat verlängert. Die Spritpreisbremse wird verlängert; ohne Margenbegrenzung. Das teilt das Wirtschaftsministerium mit. Zuletzt gab es Entspannung an den Tankstellen, die Spritpreise waren zuletzt wieder gesunken.","Fuel price brake will be extended for another month. The fuel price brake will be extended; without margin limits. This is announced by the Ministry of Economic Affairs. Recently there was relaxation at the gas stations, fuel prices had recently fallen again.","Cibus pretium fractum in alium mensem prorogatum erit. Cibus pretium fregit extendetur; sine margine fines. Hoc annuntiatur a Ministerio Negotium Oeconomicorum. Nuper relaxatio in stationibus gasorum erat, pretia escae recenter lapsae erant.",2026-09-02 22:26:38+00:00
a3649dc871107d29ff0a577723b93496,2026-08-03T06:16:30Z,'Niedrigwasser',www.zeit.de,de,0.9,Binnenschifffahrt: Niedrigwasser am Rhein: Ruf nach Taskforce,Hier finden Sie Informationen zu dem Thema „Binnenschifffahrt“. Lesen Sie jetzt „Niedrigwasser am Rhein: Ruf nach Taskforce“.,https://www.zeit.de/news/2026-08/03/niedrigwasser-am-rhein-ruf-nach-taskforce,https://img.zeit.de/news/2026-08/03/niedrigwasser-am-rhein-ruf-nach-taskforce-image-group/wide__1300x731,http://web.archive.org/web/20260803091411/https://www.zeit.de/news/2026-08/03/niedrigwasser-am-rhein-ruf-nach-taskforce,Angesichts des Niedrigwassers am Rhein soll eine nationale Taskforce nach dem Willen von Nordrhein-Westfalens Verkehrsminister Oliver Krischer (Grüne) rasch konkrete Maßnahmen abstimmen. Dazu zählten… [+1432 chars],,Binnenschifffahrt: Niedrigwasser am Rhein: Ruf nach Taskforce. Hier finden Sie Informationen zu dem Thema „Binnenschifffahrt“. Lesen Sie jetzt „Niedrigwasser am Rhein: Ruf nach Taskforce“.,Inland shipping: Low water on the Rhine: Call for a task force. Here you will find information on the topic of “inland shipping”. Read “Low water on the Rhine: Call for a task force” now.,"Inland shipping: Low aquae ad Rhenum: voca vi molis. Hic informationes invenies in argumento ""navationis mediterranei"". Lege ""Aquam humilem Rhenum: voca vim operis"" nunc.",2026-09-03 18:24:17+00:00
b8989feca3bf63de4cbfb0ce65df1332,2026-08-03T11:27:02Z,'Niedrigwasser',www.zeit.de,de,0.9,Binnenschifffahrt: Niedrigwasser-Konferenz mit dem Bundesverkehrsminister,Hier finden Sie Informationen zu dem Thema „Binnenschifffahrt“. Lesen Sie jetzt „Niedrigwasser-Konferenz mit dem Bundesverkehrsminister“.,https://www.zeit.de/news/2026-08/03/niedrigwasser-konferenz-mit-dem-bundesverkehrsminister,https://img.zeit.de/news/2026-08/03/niedrigwasser-konferenz-mit-dem-bundesverkehrsminister-image-group/wide__1300x731,http://web.archive.org/web/20260803125501/https://www.zeit.de/news/2026-08/03/niedrigwasser-konferenz-mit-dem-bundesverkehrsminister,Wegen des historischen Niedrigwassers am Rhein lädt Bundesverkehrsminister Steffen Bilger (CDU) für Donnerstag zu einer «Fachkonferenz» nach Bonn ein. Das kündigte ein Sprecher seines Ministeriums in… [+680 chars],,Binnenschifffahrt: Niedrigwasser-Konferenz mit dem Bundesverkehrsminister. Hier finden Sie Informationen zu dem Thema „Binnenschifffahrt“. Lesen Sie jetzt „Niedrigwasser-Konferenz mit dem Bundesverkehrsminister“.,Inland shipping: Low water conference with the Federal Minister of Transport. Here you will find information on the topic of “inland shipping”. Now read “Low Water Conference with the Federal Minister of Transport”.,"De naviculas mediterraneas: Aquae Minimum colloquium cum Ministro Foederali Transport. Hic informationes invenies in argumento ""navationis mediterranei"". Nunc lege ""Low Conferentiae aquae cum Ministro Foederali Transport"".",2026-09-03 18:24:17+00:00
3e0238e7e8eabe83dd13b030f9e2e69f,2026-08-03T13:42:15Z,'Niedrigwasser',www.zeit.de,de,0.9,Verkehr: Niedrigwasser im Rhein bremst Fährbetrieb,Hier finden Sie Informationen zu dem Thema „Verkehr“. Lesen Sie jetzt „Niedrigwasser im Rhein bremst Fährbetrieb“.,https://www.zeit.de/news/2026-08/03/niedrigwasser-im-rhein-bremst-faehrbetrieb,https://img.zeit.de/news/2026-08/03/niedrigwasser-im-rhein-bremst-faehrbetrieb-image-group/wide__1300x731,,Das Niedrigwasser bremst den Fährbetrieb am Rhein in Rheinland-Pfalz aus - an einer Stelle ruht der Verkehr inzwischen sogar. Die Fähre zwischen Lorch und Niederheimbach ist nach Angaben der FRS Fähr… [+1469 chars],,Verkehr: Niedrigwasser im Rhein bremst Fährbetrieb. Hier finden Sie Informationen zu dem Thema „Verkehr“. Lesen Sie jetzt „Niedrigwasser im Rhein bremst Fährbetrieb“.,Traffic: Low water in the Rhine slows ferry operations. Here you will find information on the topic of “Traffic”. Now read “Low water in the Rhine slows down ferry operations”.,"Negotiatio: Minimum aquae in Rheno vada tardantur. Hic informationes invenies in argumento ""Traffic"". Nunc lege ""Aqua gravis in Rheno operationes porttitor cohibetur"".",2026-09-03 18:24:17+00:00
feb834fdfa1d089b2176f5a55e8e4e13,2026-08-04T08:13:44Z,'Niedrigwasser',www.zeit.de,de,0.9,Niedrigwasser: Elbe in Magdeburg erreicht Rekordtiefstand,Hier finden Sie Informationen zu dem Thema „Niedrigwasser“. Lesen Sie jetzt „Elbe in Magdeburg erreicht Rekordtiefstand“.,https://www.zeit.de/news/2026-08/04/elbe-in-magdeburg-erreicht-rekordtiefstand,https://img.zeit.de/news/2026-08/04/elbe-in-magdeburg-erreicht-rekordtiefstand-image-group/wide__1300x731,http://web.archive.org/web/20260805041838/https://www.zeit.de/news/2026-08/04/elbe-in-magdeburg-erreicht-rekordtiefstand,Am Pegel Magdeburg-Strombrücke ist der Wasserstand der Elbe auf den bisherigen Rekordtiefstwert von 45 Zentimetern gesunken. Der Wert ist nach Angaben des Informationsportals ELWIS der Wasserstraßen-… [+393 chars],,Niedrigwasser: Elbe in Magdeburg erreicht Rekordtiefstand. Hier finden Sie Informationen zu dem Thema „Niedrigwasser“. Lesen Sie jetzt „Elbe in Magdeburg erreicht Rekordtiefstand“.,Low water: Elbe in Magdeburg reaches record low level. Here you will find information on the topic of “low water”. Read now “Elbe in Magdeburg reaches record low”.,"Humilis aqua: Albis in Magdeburgum attingit recordum humilem. Hic informationes invenies in argumento ""aquae humilis"". Lege nunc ""Elbe in Magdeburgum humilis recordum attingit"".",2026-09-03 18:24:17+00:00
45a68147159ebbfcc227f4d86e3b0231,2026-08-04T08:16:12Z,'Niedrigwasser',www.zeit.de,de,0.9,Niedrigwasser: Rhein erreicht an mehreren Orten Rekordtiefststände,Hier finden Sie Informationen zu dem Thema „Niedrigwasser“. Lesen Sie jetzt „Rhein erreicht an mehreren Orten Rekordtiefststände“.,https://www.zeit.de/news/2026-08/04/rhein-erreicht-an-mehreren-orten-rekordtiefststaende,https://img.zeit.de/news/2026-08/04/rhein-erreicht-an-mehreren-orten-rekordtiefststaende-image-group/wide__1300x731,http://web.archive.org/web/20260805093122/https://www.zeit.de/news/2026-08/04/rhein-erreicht-an-mehreren-orten-rekordtiefststaende,Die Pegelstände im Rhein sind bei mehreren Orten auf Rekordtiefstwerte gesunken. Dem Wasserstraßen- und Schifffahrtsamt (WSA) Rhein zufolge liegt der Pegelstand in Kaub aktuell bei 24 Zentimetern. Da… [+2421 chars],,Niedrigwasser: Rhein erreicht an mehreren Orten Rekordtiefststände. Hier finden Sie Informationen zu dem Thema „Niedrigwasser“. Lesen Sie jetzt „Rhein erreicht an mehreren Orten Rekordtiefststände“.,Low water: Rhine reaches record lows in several places. Here you will find information on the topic of “low water”. Now read “Rhine reaches record lows in several places”.,"Low water: Rhenus attingit recordum mugit pluribus locis. Hic informationes invenies in argumento ""aquae humilis"". Nunc legitur ""Rhenum attingit recordum mugit in pluribus locis"".",2026-09-03 18:24:17+00:00
f2c9d515bc910ed608641b66903988b6,2026-08-05T12:00:02Z,'Niedrigwasser',www.golem.de,de,0.9,Gefährliches Niedrigwasser: So abhängig ist die Industrie von Binnenschiffen,"Der Rheinpegel hat den niedrigsten Stand seit 150 Jahren erreicht. Binnenschiffe können nicht mehr fahren. Wie relevant ist das? Von Mario Petzold (Schifffahrt, Wirtschaft)",https://www.golem.de/sonstiges/zustimmung/auswahl.html?from=https://www.golem.de/news/gefaehrliches-niedrigwasser-so-abhaengig-ist-die-industrie-von-binnenschiffen-2608-211593.html&referer=https://t.co/d656fc8f81,,,"Besuchen Sie Golem.de wie gewohnt mit Werbung und Tracking,
 indem Sie der Nutzung aller Cookies zustimmen.
 Details zum Tracking finden Sie im Privacy Center.
Skript wurde nicht geladen. Informat… [+607 chars]",,"Gefährliches Niedrigwasser: So abhängig ist die Industrie von Binnenschiffen. Der Rheinpegel hat den niedrigsten Stand seit 150 Jahren erreicht. Binnenschiffe können nicht mehr fahren. Wie relevant ist das? Von Mario Petzold (Schifffahrt, Wirtschaft)","Dangerous low water: This is how dependent the industry is on inland waterway vessels. The Rhine level has reached its lowest level in 150 years. Inland waterway vessels can no longer sail. How relevant is that? By Mario Petzold (shipping, economy)","Periculo humilis aqua: Sic industria dependens est in vasis mediterraneis aqueis. Ad ultimum gradum Rheni perventum est per CL annos. Intus aquatiles naves amplius navigare non possunt. Quid pertinet illud? Auctore Mario Petzold (naves, oeconomia)",2026-09-03 18:24:17+00:00
b9e2b1fbda0d9dea44b7cb815cac10a8,2026-08-05T13:38:12Z,'Niedrigwasser',www.zeit.de,de,0.9,Spitzentreffen: Niedrigwasser: Verkehrsminister will «kurzfristig handeln»,Hier finden Sie Informationen zu dem Thema „Spitzentreffen“. Lesen Sie jetzt „Niedrigwasser: Verkehrsminister will «kurzfristig handeln»“.,https://www.zeit.de/news/2026-08/05/niedrigwasser-verkehrsminister-will-kurzfristig-handeln,https://img.zeit.de/news/2026-08/05/niedrigwasser-verkehrsminister-will-kurzfristig-handeln-image-group/wide__1300x731,,Bundesverkehrsminister Steffen Bilger (CDU) hat sich besorgt über die niedrigen Pegelstände im Rhein und anderen Flüssen gezeigt und eine rasche Reaktion in Aussicht gestellt. «Das Niedrigwasser stel… [+1112 chars],,Spitzentreffen: Niedrigwasser: Verkehrsminister will «kurzfristig handeln». Hier finden Sie Informationen zu dem Thema „Spitzentreffen“. Lesen Sie jetzt „Niedrigwasser: Verkehrsminister will «kurzfristig handeln»“.,Top meeting: Low tide: Transport Minister wants to “act in the short term”. Here you will find information on the topic of “top meetings”. Now read “Low water: Transport Minister wants to “act in the short term””.,"Top conventus: Maximum aestus: Minister onerariam vult ""agere in termino brevi"". Hic reperies informationes in argumento ""conventuum summorum"". Nunc lege ""Aqua humilis: Minister onerariam facere vult in termino brevi"".",2026-09-03 18:24:17+00:00
35337af98a5f2fb3abc5bebff1949084,2026-08-06T05:33:32Z,'Niedrigwasser',www.zeit.de,de,0.9,Niedrigwasser: Bilger und Wirtschaftsverbände suchen Auswege aus Niedrigwasserkrise,"Binnenschiffer, Hafenbetreiber und Behördenvertreter treffen Bundesverkehrsminister Steffen Bilger. Gemeinsam sollen Lösungen für extremes Niedrigwasser gefunden werden.",https://www.zeit.de/politik/deutschland/2026-08/niedrigwasser-rhein-bonn-binnenschifffahrt-steffen-bilger,https://img.zeit.de/politik/deutschland/2026-08/niedrigwasser-rhein-bonn-binnenschifffahrt-steffen-bilger-foto-1/wide__1300x731,,"Wie aus wirtschaftlicher Sicht mit dem extremen Niedrigwasser des Rheins und anderer Flüsse umgegangen werden kann, darüber sprechen an diesem Donnerstag in Bonn Wirtschaftsverbände mit dem neuen Bun… [+608 chars]",,"Niedrigwasser: Bilger und Wirtschaftsverbände suchen Auswege aus Niedrigwasserkrise. Binnenschiffer, Hafenbetreiber und Behördenvertreter treffen Bundesverkehrsminister Steffen Bilger. Gemeinsam sollen Lösungen für extremes Niedrigwasser gefunden werden.","Low water: Bilgers and business associations are looking for ways out of the low water crisis. Inland waterway boatmen, port operators and representatives of authorities meet Federal Transport Minister Steffen Bilger. Solutions for extremely low water levels should be found together.","Minimum aqua: Bilgers et societates negotiatorum quaerunt vias extra discrimen aquarum. Navigantes in mediterraneo aquatici, operarii portus et procuratores auctoritatum ad onerariam Federal Ministerii Steffen Bilger conveniant. Solutiones in aqua perquam humiles inveniendae sunt.",2026-09-03 18:24:17+00:00
afda11686261aa0a90450e1c8fc717e5,2026-08-10T11:48:31Z,'Niedrigwasser',www.zeit.de,de,0.9,Niedrigwasser: Niedrigwasser: Weitere Elbfähre stellt Betrieb ein,Hier finden Sie Informationen zu dem Thema „Niedrigwasser“. Lesen Sie jetzt „Niedrigwasser: Weitere Elbfähre stellt Betrieb ein“.,https://www.zeit.de/news/2026-08/10/niedrigwasser-weitere-elbfaehre-stellt-betrieb-ein,https://img.zeit.de/news/2026-08/10/niedrigwasser-weitere-elbfaehre-stellt-betrieb-ein-image-group/wide__1300x731,http://web.archive.org/web/20260811033127/https://www.zeit.de/news/2026-08/10/niedrigwasser-weitere-elbfaehre-stellt-betrieb-ein,Das Niedrigwasser in den Flüssen macht neben Frachtschiffen auch Fähren zu schaffen. Die Fähre über die Elbe zwischen Bleckede und Neu-Bleckede östlich von Lüneburg in Niedersachsen hat ihren Betrieb… [+815 chars],,Niedrigwasser: Niedrigwasser: Weitere Elbfähre stellt Betrieb ein. Hier finden Sie Informationen zu dem Thema „Niedrigwasser“. Lesen Sie jetzt „Niedrigwasser: Weitere Elbfähre stellt Betrieb ein“.,Low water: Low water: Another Elbe ferry stops operating. Here you will find information on the topic of “low water”. Read “Low water: Another Elbe ferry stops operating” now.,"Minimum aqua: Minimum aqua: Alius porttitor Albis operando cessat. Hic informationes invenies in argumento ""aquae humilis"". Lege ""Aqua gravis: alius porttitor Albis operando cessat"" nunc.",2026-09-03 18:24:17+00:00
8eddb20982b7d31884633afa34f964b3,2026-08-10T13:29:38Z,'Niedrigwasser',www.zeit.de,de,0.9,Extremwetter: Niedrigwasser: Lkw-Fahrverbot wird weiter gelockert,Hier finden Sie Informationen zu dem Thema „Extremwetter“. Lesen Sie jetzt „Niedrigwasser: Lkw-Fahrverbot wird weiter gelockert“.,https://www.zeit.de/news/2026-08/10/niedrigwasser-lkw-fahrverbot-wird-weiter-gelockert,https://img.zeit.de/news/2026-08/10/niedrigwasser-lkw-fahrverbot-wird-weiter-gelockert-image-group/wide__1300x731,http://web.archive.org/web/20260811051811/https://www.zeit.de/news/2026-08/10/niedrigwasser-lkw-fahrverbot-wird-weiter-gelockert,Wegen des anhaltenden Niedrigwassers am Rhein und anderen Flüssen will nun auch Baden-Württemberg das Sonn- und Feiertagsfahrverbot für Lkw aussetzen. Geplant sei dies ab dem kommenden Wochenende und… [+5623 chars],,Extremwetter: Niedrigwasser: Lkw-Fahrverbot wird weiter gelockert. Hier finden Sie Informationen zu dem Thema „Extremwetter“. Lesen Sie jetzt „Niedrigwasser: Lkw-Fahrverbot wird weiter gelockert“.,Extreme weather: low water: truck driving ban is further relaxed. Here you will find information on the topic of “extreme weather”. Now read “Low water: truck driving ban will be further relaxed”.,"Extrema tempestas: humilis aqua: dolor incessus bannum adhuc remittitur. Hic informationes invenies in argumento ""tempestatis extremae"". Nunc lege ""Aqua humilis: dolor incessus laxabitur"".",2026-09-03 18:24:17+00:00
fe3217347c90c3fbfcbab945aa1fdd98,2026-08-10T18:15:19Z,'Niedrigwasser',www.zeit.de,de,0.9,Niedrigwasser: Landkreis Harz schränkt die Wasserentnahme ein,Hier finden Sie Informationen zu dem Thema „Niedrigwasser“. Lesen Sie jetzt „Landkreis Harz schränkt die Wasserentnahme ein“.,https://www.zeit.de/news/2026-08/10/landkreis-harz-schraenkt-die-wasserentnahme-ein,https://img.zeit.de/news/2026-08/10/landkreis-harz-schraenkt-die-wasserentnahme-ein-image-group/wide__1300x731,http://web.archive.org/web/20260810214504/https://www.zeit.de/news/2026-08/10/landkreis-harz-schraenkt-die-wasserentnahme-ein,"Die Wasserentnahme aus Gewässern im Harz ist vom Landkreis eingeschränkt worden. Die Entnahme von Oberflächenwasser sei von Dienstag an untersagt, die aus dem Grundwasser für Beregnungszwecke eingesc… [+547 chars]",,Niedrigwasser: Landkreis Harz schränkt die Wasserentnahme ein. Hier finden Sie Informationen zu dem Thema „Niedrigwasser“. Lesen Sie jetzt „Landkreis Harz schränkt die Wasserentnahme ein“.,Low water: Harz district restricts water withdrawal. Here you will find information on the topic of “low water”. Now read “Harz district restricts water extraction”.,"Humilis aqua: regio Harz aquarum recessum restringit. Hic informationes invenies in argumento ""aquae humilis"". Nunc legitur ""Harz regio aquarum extractionem restringit"".",2026-09-03 18:24:17+00:00
f9fe66413211b7aabd95913679860de3,2026-08-11T05:43:28Z,'Spritpreise',www.zeit.de,de,0.9,Spritpreise: Niedrigwasser am Rhein macht Tanken teurer,Hier finden Sie Informationen zu dem Thema „Spritpreise“. Lesen Sie jetzt „Niedrigwasser am Rhein macht Tanken teurer“.,https://www.zeit.de/news/2026-08/11/niedrigwasser-am-rhein-macht-tanken-teurer,https://img.zeit.de/news/2026-08/11/niedrigwasser-am-rhein-macht-tanken-teurer-image-group/wide__1300x731,http://web.archive.org/web/20260812051443/https://www.zeit.de/news/2026-08/11/niedrigwasser-am-rhein-macht-tanken-teurer,"Das extreme Niedrigwasser am Rhein macht Tanken teurer. «Das derzeitige Niedrigwasser am Rhein wirkt preistreibend», sagt der ADAC-Kraftstoffmarktexperte Christian Laberer. Es sei aber nur einer von … [+1556 chars]",,Spritpreise: Niedrigwasser am Rhein macht Tanken teurer. Hier finden Sie Informationen zu dem Thema „Spritpreise“. Lesen Sie jetzt „Niedrigwasser am Rhein macht Tanken teurer“.,Fuel prices: Low water on the Rhine makes refueling more expensive. Here you will find information on the topic of “fuel prices”. Now read “Low water on the Rhine makes refueling more expensive”.,"Pretia esca: Minimum aqua in Rheno magis pretiosa facit refuelationem. Hic informationes invenies in argumento ""cibus pretia"". Nunc lege ""Aqua Humilis in Rheno magis pretiosa facit refuelationem"".",2026-09-03 18:24:17+00:00
29b9dee86756213a89121a601bcb5bf0,2026-08-11T12:48:54Z,'Niedrigwasser',www.zeit.de,de,0.9,Niedrigwasser: Auch Hessen lockert Lkw-Fahrverbot,Hier finden Sie Informationen zu dem Thema „Niedrigwasser“. Lesen Sie jetzt „Auch Hessen lockert Lkw-Fahrverbot“.,https://www.zeit.de/news/2026-08/11/auch-hessen-lockert-lkw-fahrverbot,https://img.zeit.de/news/2026-08/11/auch-hessen-lockert-lkw-fahrverbot-image-group/wide__1300x731,http://web.archive.org/web/20260812073835/https://www.zeit.de/news/2026-08/11/auch-hessen-lockert-lkw-fahrverbot,"Nach anderen Bundesländern hat auch Hessen eine Lockerung des Lkw-Fahrverbots an Sonn- und Feiertagen verfügt, wie das Hessische Verkehrsministerium mitteilt. Wirtschafts- und Verkehrsminister Kaweh … [+518 chars]",,Niedrigwasser: Auch Hessen lockert Lkw-Fahrverbot. Hier finden Sie Informationen zu dem Thema „Niedrigwasser“. Lesen Sie jetzt „Auch Hessen lockert Lkw-Fahrverbot“.,Low water: Hesse is also relaxing the truck driving ban. Here you will find information on the topic of “low water”. Now read “Hesse also relaxes truck driving ban”.,"Humilis aqua: Hesse est etiam plaustrum emisso bannum relaxans. Hic informationes invenies in argumento ""aquae humilis"". Nunc legitur ""Hesse etiam plaustrum incessus laxat"".",2026-09-03 18:24:17+00:00
449ae0773e30a18c254143f897062a7c,2026-08-11T14:21:10Z,'Niedrigwasser',www.zeit.de,de,0.9,Rhein: Niedrigwasser am Rhein lässt Benzinpreise steigen,Die Pegelstände am Rhein sind aktuell historisch niedrig. Das treibt den Spritpreis. Vor allem in den westdeutschen Bundesländern ist Benzin derzeit wieder teurer.,https://www.zeit.de/mobilitaet/2026-08/niedrigwasser-rhein-spritpreise-benzin-diesel-transport,https://img.zeit.de/mobilitaet/2026-08/niedrigwasser-rhein-spritpreise-benzin-diesel-transport-foto-1/wide__1300x731,http://web.archive.org/web/20260812025213/https://www.zeit.de/mobilitaet/2026-08/niedrigwasser-rhein-spritpreise-benzin-diesel-transport,"Schließen
Artikelzusammenfassung
Der Rhein wird zum Flaschenhals der Energie-Logistik. Mit den weiter fallenden Pegelständen schlägt das historische Niedrigwasser nun direkt auf die Wirtschaft durc… [+1096 chars]",,Rhein: Niedrigwasser am Rhein lässt Benzinpreise steigen. Die Pegelstände am Rhein sind aktuell historisch niedrig. Das treibt den Spritpreis. Vor allem in den westdeutschen Bundesländern ist Benzin derzeit wieder teurer.,"Rhine: Low water on the Rhine causes gasoline prices to rise. The water levels on the Rhine are currently historically low. That drives up the price of fuel. Gasoline is currently more expensive again, especially in the western German states.","Rhenus: Humilis aqua in Rheno gasolina pretia oriri facit. Aquae Rheni gradus nunc historice humiles sunt. Pretium id fugat esca. Gasoline adhuc carior est, praesertim in civitatibus Germanicis occidentalibus.",2026-09-03 18:24:17+00:00
5bdc806f7dc5457492a4f75911d251f7,2026-08-11T22:01:13Z,'Niedrigwasser',www.zeit.de,de,0.9,Drohen Engpässe?: Verkehrsminister: Versorgung trotz Niedrigwasser gesichert,Hier finden Sie Informationen zu dem Thema „Drohen Engpässe?“. Lesen Sie jetzt „Verkehrsminister: Versorgung trotz Niedrigwasser gesichert“.,https://www.zeit.de/news/2026-08/12/verkehrsminister-versorgung-trotz-niedrigwasser-gesichert,https://img.zeit.de/news/2026-08/12/verkehrsminister-versorgung-trotz-niedrigwasser-gesichert-image-group/wide__1300x731,http://web.archive.org/web/20260812014900/https://www.zeit.de/news/2026-08/12/verkehrsminister-versorgung-trotz-niedrigwasser-gesichert,Bundesverkehrsminister Steffen Bilger (CDU) sieht trotz der anhaltenden Niedrigwasserlage auf wichtigen Wasserstraßen derzeit keine Versorgungsengpässe. «Stand jetzt ist die Versorgung gewährleistet»… [+1276 chars],,Drohen Engpässe?: Verkehrsminister: Versorgung trotz Niedrigwasser gesichert. Hier finden Sie Informationen zu dem Thema „Drohen Engpässe?“. Lesen Sie jetzt „Verkehrsminister: Versorgung trotz Niedrigwasser gesichert“.,Is there a risk of bottlenecks?: Transport Minister: Supply secured despite low water levels. Here you will find information on the topic “Is there a risk of bottlenecks?” Now read “Transport Minister: Supply secured despite low water”.,"Estne periculum bottlenecks?: Transporto minister: Supple tutus licet campester aqua humilis. Hic informationes invenies in argumento ""Estne periculum bottlenecks?"" Nunc lege ""Transport minister: Supple tutus licet aqua humilis"".",2026-09-03 18:24:17+00:00
db5a4e421d4f3c6650001cc082b334ab,2026-08-12T10:15:08Z,'Niedrigwasser',www.zeit.de,de,0.9,Niedrigwasser: Thüringen setzt Sonntagsfahrverbot komplett aus,Hier finden Sie Informationen zu dem Thema „Niedrigwasser“. Lesen Sie jetzt „Thüringen setzt Sonntagsfahrverbot komplett aus“.,https://www.zeit.de/news/2026-08/12/thueringen-setzt-sonntagsfahrverbot-komplett-aus,https://img.zeit.de/news/2026-08/12/thueringen-setzt-sonntagsfahrverbot-komplett-aus-image-group/wide__1300x731,http://web.archive.org/web/20260812195202/https://www.zeit.de/news/2026-08/12/thueringen-setzt-sonntagsfahrverbot-komplett-aus,"Thüringen hebt das Sonntagsfahrverbot für Lastwagen vorübergehend ganz auf. Die Regelung als Reaktion auf Niedrigwasser in vielen Flüssen gelte zunächst bis 31. August, sagte eine Sprecherin des Verk… [+1561 chars]",,Niedrigwasser: Thüringen setzt Sonntagsfahrverbot komplett aus. Hier finden Sie Informationen zu dem Thema „Niedrigwasser“. Lesen Sie jetzt „Thüringen setzt Sonntagsfahrverbot komplett aus“.,Low water: Thuringia completely suspends Sunday driving ban. Here you will find information on the topic of “low water”. Now read “Thuringia completely suspends Sunday driving ban”.,"Minimum aqua: Thuringia totaliter suspendit bannum Solis pulsis. Hic informationes invenies in argumento ""aquae humilis"". Nunc legitur ""Thuringia omnino suspendit bannum dominicale"".",2026-09-03 18:24:17+00:00
0f0c592e7bcd9dfdda6f15e011e4fcf6,2026-08-12T13:43:39Z,'Niedrigwasser',www.zeit.de,de,0.9,Niedrigwasser: Bernreiter will Donau rasch weiter ausbauen,Hier finden Sie Informationen zu dem Thema „Niedrigwasser“. Lesen Sie jetzt „Bernreiter will Donau rasch weiter ausbauen“.,https://www.zeit.de/news/2026-08/12/bernreiter-will-donau-rasch-weiter-ausbauen,https://img.zeit.de/news/2026-08/12/bernreiter-will-donau-rasch-weiter-ausbauen-image-group/wide__1300x731,http://web.archive.org/web/20260813014227/https://www.zeit.de/news/2026-08/12/bernreiter-will-donau-rasch-weiter-ausbauen,Angesichts des Niedrigwassers in Europas Flüssen mit erheblichen Auswirkungen auf den Gütertransport hat sich Bayerns Verkehrsminister Christian Bernreiter für einen raschen Ausbau der Donau ausgespr… [+2505 chars],,Niedrigwasser: Bernreiter will Donau rasch weiter ausbauen. Hier finden Sie Informationen zu dem Thema „Niedrigwasser“. Lesen Sie jetzt „Bernreiter will Donau rasch weiter ausbauen“.,Low water: Bernreiter wants to further expand the Danube quickly. Here you will find information on the topic of “low water”. Now read “Bernreiter wants to further expand the Danube”.,"Humilis aqua: Bernreiter celeriter Danubium ulterius expandere vult. Hic informationes invenies in argumento ""aquae humilis"". Nunc legitur ""Bernreiter longius Danubium dilatare vult"".",2026-09-03 18:24:17+00:00
4991187541b8a108436baa169376aa45,2026-08-12T14:35:50Z,'Niedrigwasser',www.zeit.de,de,0.9,Niedrigwasser: Spaziergänger findet qualmende Phosphorgranate am Rheinufer,Hier finden Sie Informationen zu dem Thema „Niedrigwasser“. Lesen Sie jetzt „Spaziergänger findet qualmende Phosphorgranate am Rheinufer“.,https://www.zeit.de/news/2026-08/12/spaziergaenger-findet-qualmende-phosphorgranate-am-rheinufer,https://img.zeit.de/news/2026-08/12/spaziergaenger-findet-qualmende-phosphorgranate-am-rheinufer-image-group/wide__1300x731,http://web.archive.org/web/20260812221858/https://www.zeit.de/news/2026-08/12/spaziergaenger-findet-qualmende-phosphorgranate-am-rheinufer,Mitten in der Nacht hat ein Spaziergänger am Rheinufer eine rauchende Phosphorgranate aus dem Zweiten Weltkrieg entdeckt. Das aktuelle Niedrigwasser am Fluss hatte das Kampfmittel im südhessischen Tr… [+674 chars],,Niedrigwasser: Spaziergänger findet qualmende Phosphorgranate am Rheinufer. Hier finden Sie Informationen zu dem Thema „Niedrigwasser“. Lesen Sie jetzt „Spaziergänger findet qualmende Phosphorgranate am Rheinufer“.,Low water: walker finds smoking phosphorus grenades on the banks of the Rhine. Here you will find information on the topic of “low water”. Now read “Walker finds smoking phosphorus grenade on the banks of the Rhine”.,"Humilis aqua: walker phosphorus tasque fumantes invenit in ripa Rheni. Hic informationes invenies in argumento ""aquae humilis"". Nunc legitur ""Fumantes phosphoro grenade in ripa Rheni invenit Walker"".",2026-09-03 18:24:17+00:00
5222943a7238df2bd508e1f480c427ca,2026-08-12T15:28:20Z,'Niedrigwasser',www.zeit.de,de,0.9,Ausnahmeregelung: Wegen Niedrigwasser: Sachsen lockert Sonntagsfahrverbot,Hier finden Sie Informationen zu dem Thema „Ausnahmeregelung“. Lesen Sie jetzt „Wegen Niedrigwasser: Sachsen lockert Sonntagsfahrverbot“.,https://www.zeit.de/news/2026-08/12/wegen-niedrigwasser-sachsen-lockert-sonntagsfahrverbot,https://img.zeit.de/news/2026-08/12/wegen-niedrigwasser-sachsen-lockert-sonntagsfahrverbot-image-group/wide__1300x731,http://web.archive.org/web/20260813024115/https://www.zeit.de/news/2026-08/12/wegen-niedrigwasser-sachsen-lockert-sonntagsfahrverbot,"Wegen des andauernden Niedrigwassers zieht Sachsen mit Lockerungen beim Sonntagsfahrverbot für Lastwagen nach. Lkw, die Transporte per Binnenschiff ersetzen, dürfen bis einschließlich 31. August 2026… [+1531 chars]",,Ausnahmeregelung: Wegen Niedrigwasser: Sachsen lockert Sonntagsfahrverbot. Hier finden Sie Informationen zu dem Thema „Ausnahmeregelung“. Lesen Sie jetzt „Wegen Niedrigwasser: Sachsen lockert Sonntagsfahrverbot“.,Exception: Due to low water: Saxony relaxes Sunday driving ban. Here you will find information on the topic of “exemptions”. Now read “Due to low water: Saxony relaxes Sunday driving ban”.,"Exceptio: Ob aqua humilis: Saxonia bannum Solis pulsis relaxat. Hic informationes invenies in argumento ""exemptionis"". Nunc legitur ""Ob aquam humilis: Saxonia bannum Solis pulsis relaxat"".",2026-09-03 18:24:17+00:00
a1edf51d42bbd969a57f46cccf9d987f,2026-08-14T14:26:44Z,'Niedrigwasser',www.zeit.de,de,0.9,Niedrigwasser und Kriegsfolgen: Niedrigwasser: Mann findet Mörsergranate in der Zorge,Hier finden Sie Informationen zu dem Thema „Niedrigwasser und Kriegsfolgen“. Lesen Sie jetzt „Niedrigwasser: Mann findet Mörsergranate in der Zorge“.,https://www.zeit.de/news/2026-08/14/niedrigwasser-mann-findet-moersergranate-in-der-zorge,https://img.zeit.de/news/2026-08/14/niedrigwasser-mann-findet-moersergranate-in-der-zorge-image-group/wide__1300x731,http://web.archive.org/web/20260815035934/https://www.zeit.de/news/2026-08/14/niedrigwasser-mann-findet-moersergranate-in-der-zorge,"Der geringe Wasserstand in der Zorge hat in Nordhausen eine Mörsergranate zum Vorschein gebracht. Ein 30-Jähriger habe den Sprengkörper am Donnerstagabend im Flussbett entdeckt, teilte die Polizei am… [+345 chars]",,Niedrigwasser und Kriegsfolgen: Niedrigwasser: Mann findet Mörsergranate in der Zorge. Hier finden Sie Informationen zu dem Thema „Niedrigwasser und Kriegsfolgen“. Lesen Sie jetzt „Niedrigwasser: Mann findet Mörsergranate in der Zorge“.,Low water and consequences of war: Low water: Man finds mortar shell in the Zorge. Here you will find information on the topic of “Low water and the consequences of war”. Now read “Low water: Man finds mortar shell in Zorge”.,"Humilis aqua et consectaria belli: Minimum aqua: homo mortarium invenit in Zorge. Hic informationes invenies in argumento ""Aquae Minimum et eventus belli"". Nunc lege ""Aqua humilis: homo mortarium in Zorge invenit"".",2026-09-03 18:24:17+00:00
ce43f47f6184844ac29006d8e7715f21,2026-08-15T14:46:15Z,'Niedrigwasser',www.zeit.de,de,0.9,Niedrigwasser: Oder-Wasserstand zeigt weiter nach unten,Hier finden Sie Informationen zu dem Thema „Niedrigwasser“. Lesen Sie jetzt „Oder-Wasserstand zeigt weiter nach unten“.,https://www.zeit.de/news/2026-08/15/oder-wasserstand-zeigt-weiter-nach-unten,https://img.zeit.de/news/2026-08/15/oder-wasserstand-zeigt-weiter-nach-unten-image-group/wide__1300x731,http://web.archive.org/web/20260815193436/https://www.zeit.de/news/2026-08/15/oder-wasserstand-zeigt-weiter-nach-unten,Der extrem niedrige Wasserstand der Oder ist in Frankfurt (Oder) noch einmal gefallen. Das Landesamt für Umwelt gab den Wasserstand am Nachmittag mit 84 Zentimeter an. Der bislang niedrigste Wert am … [+537 chars],,Niedrigwasser: Oder-Wasserstand zeigt weiter nach unten. Hier finden Sie Informationen zu dem Thema „Niedrigwasser“. Lesen Sie jetzt „Oder-Wasserstand zeigt weiter nach unten“.,Low water: Oder water level continues to point downwards. Here you will find information on the topic of “low water”. Now read “Oder water level continues to point downwards”.,"Humilis aqua: Oder aqua gradu deorsum usque ad designandum pergit. Hic informationes invenies in argumento ""aquae humilis"". Nunc lege ""Oder aqua gradu deorsum monstrare pergit"".",2026-09-03 18:24:17+00:00
fbce8560a5fb61555ecbc0f689978108,2026-08-16T02:00:18Z,'Niedrigwasser',www.zeit.de,de,0.9,Niedrigwasser: Fachleute: Rhein-Niedrigwasser trotz Regens wohl bis Herbst,Hier finden Sie Informationen zu dem Thema „Niedrigwasser“. Lesen Sie jetzt „Fachleute: Rhein-Niedrigwasser trotz Regens wohl bis Herbst“.,https://www.zeit.de/news/2026-08/16/fachleute-rhein-niedrigwasser-trotz-regens-wohl-bis-herbst,https://img.zeit.de/news/2026-08/16/fachleute-rhein-niedrigwasser-trotz-regens-wohl-bis-herbst-image-group/wide__1300x731,,Trotz des vorhergesagten Regens rechnen Experten nicht mit einem baldigen Ende des Rhein-Niedrigwassers. Die Bundesanstalt für Gewässerkunde in Koblenz teilte am 13. August in ihrem wöchentlichen Ber… [+1340 chars],,Niedrigwasser: Fachleute: Rhein-Niedrigwasser trotz Regens wohl bis Herbst. Hier finden Sie Informationen zu dem Thema „Niedrigwasser“. Lesen Sie jetzt „Fachleute: Rhein-Niedrigwasser trotz Regens wohl bis Herbst“.,Low water: Experts: Low water on the Rhine will probably last until autumn despite the rain. Here you will find information on the topic of “low water”. Now read “Experts: Low water in the Rhine despite rain probably until autumn”.,"Minimum aqua: Periti: Humilis aqua in Rheno verisimiliter durabit usque ad autumnum non obstante pluvia. Hic informationes invenies in argumento ""aquae humilis"". Nunc lego ""Perii: Humilis aqua in Rheno propter pluviam probabiliter usque ad autumnum"".",2026-09-03 18:24:17+00:00
0652fd0f2b882fdaba8a1e44c6d6e9cc,2026-08-16T02:15:04Z,'Niedrigwasser',www.zeit.de,de,0.9,"Niedrigwasser: Neue Kiesbänke, alte Bomben - Niedrigwasser verändert Rhein","Hier finden Sie Informationen zu dem Thema „Niedrigwasser“. Lesen Sie jetzt „Neue Kiesbänke, alte Bomben - Niedrigwasser verändert Rhein“.",https://www.zeit.de/news/2026-08/16/neue-kiesbaenke-alte-bomben-niedrigwasser-veraendert-rhein,https://img.zeit.de/news/2026-08/16/neue-kiesbaenke-alte-bomben-niedrigwasser-veraendert-rhein-image-group/wide__1300x731,http://web.archive.org/web/20260817205413/https://www.zeit.de/news/2026-08/16/neue-kiesbaenke-alte-bomben-niedrigwasser-veraendert-rhein,"Heinz-Dieter Kimpel steht in Kaub am Mittelrhein - und in einer langen Tradition: «Mein Großvater und mein Vater waren schon Binnenschiffer, ich selber bin 25 Jahre lang die Fähre hier gefahren und j… [+5093 chars]",,"Niedrigwasser: Neue Kiesbänke, alte Bomben - Niedrigwasser verändert Rhein. Hier finden Sie Informationen zu dem Thema „Niedrigwasser“. Lesen Sie jetzt „Neue Kiesbänke, alte Bomben - Niedrigwasser verändert Rhein“.","Low water: New gravel banks, old bombs - low water changes the Rhine. Here you will find information on the topic of “low water”. Now read “New gravel banks, old bombs - low water changes the Rhine”.","Humilis aqua: Novae ripae glareae, bombae veteres - humilis aqua Rhenum mutat. Hic informationes invenies in argumento ""aquae humilis"". Nunc lege ""novae ripae glarea, bombae veteres - humilis aqua Rhenum mutat"".",2026-09-03 18:24:17+00:00
fa432b96abdc818d09d5c496953742db,2026-08-17T08:19:34Z,'Niedrigwasser',www.zeit.de,de,0.9,Granate entschärft: Niedrigwasser bringt Weltkriegsmunition zum Vorschein,Hier finden Sie Informationen zu dem Thema „Granate entschärft“. Lesen Sie jetzt „Niedrigwasser bringt Weltkriegsmunition zum Vorschein“.,https://www.zeit.de/news/2026-08/17/niedrigwasser-bringt-weltkriegsmunition-zum-vorschein,https://img.zeit.de/news/2026-08/17/niedrigwasser-bringt-weltkriegsmunition-zum-vorschein-image-group/wide__1300x731,http://web.archive.org/web/20260818142008/https://www.zeit.de/news/2026-08/17/niedrigwasser-bringt-weltkriegsmunition-zum-vorschein,"Das Niedrigwasser in der Donau hat am Wochenende Weltkriegsmunition an die Wasseroberfläche gebracht. Ein Mann, der hobbymäßig mit einer Sonde unterwegs war, fand so am Samstag einen Gefechtskopf ein… [+547 chars]",,Granate entschärft: Niedrigwasser bringt Weltkriegsmunition zum Vorschein. Hier finden Sie Informationen zu dem Thema „Granate entschärft“. Lesen Sie jetzt „Niedrigwasser bringt Weltkriegsmunition zum Vorschein“.,Grenade defused: low water reveals World War II ammunition. Here you will find information on the topic of “defused grenades”. Now read “Low water reveals world war munitions”.,"Grenade defused: humilis aqua Bellum Orbis Terrarum II munitionem revelat. Hic informationes invenies in argumento ""tasque diffusarum"". Nunc legitur ""Minus aquae munimenta belli revelat"".",2026-09-03 18:24:17+00:00
108c8d6d0c17d337db31a0223b74d1af,2026-08-18T07:29:08Z,'Niedrigwasser',www.zeit.de,de,0.9,Niedrigwasser: Pegelstände an der Elbe sinken weiter,Hier finden Sie Informationen zu dem Thema „Niedrigwasser“. Lesen Sie jetzt „Pegelstände an der Elbe sinken weiter“.,https://www.zeit.de/news/2026-08/18/pegelstaende-an-der-elbe-sinken-weiter,https://img.zeit.de/news/2026-08/18/pegelstaende-an-der-elbe-sinken-weiter-image-group/wide__1300x731,,Der Wasserstand der Elbe sinkt weiter. An der Strombrücke in Magdeburg liegt der Pegelstand aktuell bei 34 Zentimeter. Das geht aus dem Informationsportal ELWIS der Wasserstraßen- und Schifffahrtsver… [+706 chars],,Niedrigwasser: Pegelstände an der Elbe sinken weiter. Hier finden Sie Informationen zu dem Thema „Niedrigwasser“. Lesen Sie jetzt „Pegelstände an der Elbe sinken weiter“.,Low water: water levels on the Elbe continue to fall. Here you will find information on the topic of “low water”. Now read “Water levels on the Elbe continue to fall”.,"Humilis aqua: aquae gradus in Albis cadere pergunt. Hic informationes invenies in argumento ""aquae humilis"". Nunc lege ""Aquae gradus in Albis cadere pergunt"".",2026-09-03 18:24:17+00:00
585023bceef2c57f924bd02cfb06bf5b,2026-08-19T02:00:18Z,'Niedrigwasser',www.zeit.de,de,0.9,Niedrigwasser: Keine Flussbestattungen möglich - Belastung für Angehörige,Hier finden Sie Informationen zu dem Thema „Niedrigwasser“. Lesen Sie jetzt „Keine Flussbestattungen möglich - Belastung für Angehörige“.,https://www.zeit.de/news/2026-08/19/keine-flussbestattungen-moeglich-belastung-fuer-angehoerige,https://img.zeit.de/news/2026-08/19/keine-flussbestattungen-moeglich-belastung-fuer-angehoerige-image-group/wide__1300x731,http://web.archive.org/web/20260820080535/https://www.zeit.de/news/2026-08/19/keine-flussbestattungen-moeglich-belastung-fuer-angehoerige,Das Niedrigwasser im Rhein wird auch für manche Angehörige von Verstorbenen zur Belastungsprobe. Denn bei den niedrigen Pegelständen sind die in Rheinland-Pfalz erlaubten Flussbestattungen zurzeit ni… [+4709 chars],,Niedrigwasser: Keine Flussbestattungen möglich - Belastung für Angehörige. Hier finden Sie Informationen zu dem Thema „Niedrigwasser“. Lesen Sie jetzt „Keine Flussbestattungen möglich - Belastung für Angehörige“.,Low water: No river burials possible - burden on relatives. Here you will find information on the topic of “low water”. Now read “No river burials possible – burden on relatives”.,"Humilis aqua: Nulla ripa sepulturae potest - onus propinquis. Hic informationes invenies in argumento ""aquae humilis"". Nunc lege ""Nullum flumen sepulturae datur, propinquis onus"".",2026-09-03 18:24:17+00:00
468329d0b13e27b6a55e5ddc391a801b,2026-08-19T14:33:39Z,'Niedrigwasser',www.zeit.de,de,0.9,Niedrigwasser: Niedrigwasser im Rhein sorgt weiter für Probleme in der Schifffahrt,"Dank aktueller Regenfälle könnten den Rhein bald wieder Frachtschiffe mit leichter Ladung befahren, sagen Schifffahrtskonzerne. Für ein Aufatmen sei es aber zu früh.",https://www.zeit.de/wirtschaft/2026-08/rheinpegel-wasserstand-schifffahrt-binnenschifffahrt-bdb-kaub-duisburg,https://img.zeit.de/wirtschaft/2026-08/rheinpegel-wasserstand-schifffahrt-binnenschifffahrt-bdb-kaub-duisburg-foto-1/wide__1300x731,http://web.archive.org/web/20260819230650/https://www.zeit.de/wirtschaft/2026-08/rheinpegel-wasserstand-schifffahrt-binnenschifffahrt-bdb-kaub-duisburg,"Die derzeitigen Regenschauer erleichtern es Schiffen, den Rhein zu befahren. Der Bundesverband der Deutschen Binnenschifffahrt (BDB) warnt zugleich vor überzogenen Erwartungen. Der Rheinpegel sinke z… [+1087 chars]",,"Niedrigwasser: Niedrigwasser im Rhein sorgt weiter für Probleme in der Schifffahrt. Dank aktueller Regenfälle könnten den Rhein bald wieder Frachtschiffe mit leichter Ladung befahren, sagen Schifffahrtskonzerne. Für ein Aufatmen sei es aber zu früh.","Low water: Low water in the Rhine continues to cause problems for shipping. Thanks to recent rainfall, freight ships with light cargo could soon be able to sail on the Rhine again, say shipping companies. But it is too early to breathe a sigh of relief.","Low water: Low water in the Rhine, continues to cause problems for shipping. Propter recentem pluviam, onerarias naves cum levi onere cito in Rhenum iterum navigare possunt, societates navium dicunt. Sed immaturum respirare suspiria subsidii est.",2026-09-03 18:24:17+00:00
c326dac0b100461787f407d67a6cadd3,2026-08-21T08:06:07Z,'Niedrigwasser',www.zeit.de,de,0.9,Niedrigwasser: Rheinfähre bei Kaub fährt wieder,Hier finden Sie Informationen zu dem Thema „Niedrigwasser“. Lesen Sie jetzt „Rheinfähre bei Kaub fährt wieder“.,https://www.zeit.de/news/2026-08/21/rheinfaehre-bei-kaub-faehrt-wieder,https://img.zeit.de/news/2026-08/21/rheinfaehre-bei-kaub-faehrt-wieder-image-group/wide__1300x731,http://web.archive.org/web/20260822111012/https://www.zeit.de/news/2026-08/21/rheinfaehre-bei-kaub-faehrt-wieder,"Die Rheinfähre bei Kaub im Rhein-Lahn-Kreis hat den Betrieb nach dem extremen Niedrigwasser wieder aufgenommen. «Es hat sich entspannt aber wer weiß, was in diesem Sommer noch kommt», heißt es von de… [+1008 chars]",,Niedrigwasser: Rheinfähre bei Kaub fährt wieder. Hier finden Sie Informationen zu dem Thema „Niedrigwasser“. Lesen Sie jetzt „Rheinfähre bei Kaub fährt wieder“.,Low water: Rhine ferry near Kaub is running again. Here you will find information on the topic of “low water”. Now read “Rhine ferry near Kaub is running again”.,"Humilis aqua: Portitor Rheni prope Kaub iterum currit. Hic informationes invenies in argumento ""aquae humilis"". Nunc legitur ""portitus Rheni prope Kaub iterum currit"".",2026-09-03 18:24:17+00:00
698b2ecadc0a6819753df2e58fd30649,2026-08-22T11:52:31Z,'Spritpreise',www.bild.de,de,0.9,Droht Spritpreiszoff mit dem Kanzler? - Klingbeil will Ölkonzerne zur Kasse bitten,Hohe Spritpreise und Milliardenprofite der Ölkonzerne heizen die Debatte an. Lars Klingbeil fordert eine Übergewinnsteuer – doch die CDU lehnt sie ab.,https://www.bild.de/politik/inland/droht-spritpreiszoff-mit-dem-kanzler-klingbeil-will-oelkonzerne-zur-kasse-bitten-6a898095c3692834ff6d940f,"https://images.bild.de/6a898095c3692834ff6d940f/cad07611dc1a51e6ec267cbb613bdb9c,e35375b1?w=1280",,"TTS-Player überspringenArtikel weiterlesenBerlin Bundesfinanzminister Lars Klingbeil (48, SPD) will den Ölkonzernen an den Kragen. Sein Ziel: eine Übergewinnsteuer für die Energie-Riesen. Der Grund: … [+2418 chars]",,Droht Spritpreiszoff mit dem Kanzler? - Klingbeil will Ölkonzerne zur Kasse bitten. Hohe Spritpreise und Milliardenprofite der Ölkonzerne heizen die Debatte an. Lars Klingbeil fordert eine Übergewinnsteuer – doch die CDU lehnt sie ab.,Is there a fuel price dispute with the Chancellor? - Klingbeil wants to ask oil companies to pay. High fuel prices and oil companies' billions in profits are fueling the debate. Lars Klingbeil calls for an excess profits tax - but the CDU rejects it.,Estne cibus lites cum cancellario pretio? - Klingbeil societates oleum quaerere vult ut stipendium. Alta esca pretia et societatum oleum 'billions in lucris demum inter se disceptant. Lars Klingbeil vocat ob excessum quaestus vectigalis - sed CDU respuit.,2026-09-05 08:52:27+00:00
940ba7a0cb118680cb1e637806140334,2026-08-24T01:32:59Z,'Pendlerpauschale',www.zeit.de,de,0.9,Hitzesommer in Deutschland: Hitzesommer verursacht laut Greenpeace 36 Milliarden Euro Schäden,"Die Umweltorganisation Greenpeace sieht hohe Einbußen in der Arbeitswelt durch den heißen Sommer. Auch Niedrigwasser, Ernteausfälle und Brände kosten Milliarden Euro.",https://www.zeit.de/wissenschaft/umwelt/2026-08/hitzesommer-deutschland-greenpeace-schaeden-klimakrise,https://img.zeit.de/wissenschaft/umwelt/2026-08/hitzesommer-deutschland-greenpeace-schaeden-klimakrise-bild/wide__1300x731,http://web.archive.org/web/20260825013747/https://www.zeit.de/wissenschaft/umwelt/2026-08/hitzesommer-deutschland-greenpeace-schaeden-klimakrise,"Der Hitzesommer 2026 verursacht in Deutschland nach einer Berechnung von Greenpeace volkswirtschaftliche Schäden von mindestens 36 Milliarden Euro. Ernteausfälle, Waldbrände und Gesundheitskosten, di… [+3202 chars]",,"Hitzesommer in Deutschland: Hitzesommer verursacht laut Greenpeace 36 Milliarden Euro Schäden. Die Umweltorganisation Greenpeace sieht hohe Einbußen in der Arbeitswelt durch den heißen Sommer. Auch Niedrigwasser, Ernteausfälle und Brände kosten Milliarden Euro.","Hot summer in Germany: According to Greenpeace, hot summer causes 36 billion euros in damage. The environmental organization Greenpeace sees major losses in the world of work due to the hot summer. Low water levels, crop failures and fires also cost billions of euros.","Aestas calida in Germania: Secundum Greenpeace, aestas calida 36 miliarda euronum in damno causat. Organizationis environmentalis Greenpeace maiora damna in mundo operis ob aestatem calidam videt. Gradus aquae humilis, defectis seges et incendiis etiam billions euronum constant.",2026-09-05 08:52:27+00:00
15a82648d54edc6efed581d4e6a23716,2026-08-04T11:48:51Z,'LKW KLimawandel',www.tagesspiegel.de,de,0.9,Niedrigwasser des Rheins: Pegel fällt an wichtiger Engstelle auf Rekordtief,Der Pegelstand des Flusses beträgt bei Kaub nur noch 24 Zentimeter und soll bis Samstag weiter fallen. Die Nachfrage nach alternativen Transportrouten nimmt zu.,https://www.tagesspiegel.de/wirtschaft/niedrigwasser-des-rheins-pegel-fallt-an-wichtiger-engstelle-auf-rekordtief-15912615.html,https://www.tagesspiegel.de/images/15912626/alternates/BASE_16_9_W1400/1785843584000/niedrigwasser-rhein.jpeg,http://web.archive.org/web/20260805085122/https://www.tagesspiegel.de/wirtschaft/niedrigwasser-des-rheins-pegel-fallt-an-wichtiger-engstelle-auf-rekordtief-15912615.html,Der Rheinpegel an der wichtigen Engstelle Kaub hat ein Rekordtief erreicht. Am Dienstag wurden nur noch 24 Zentimeter gemessen. Damit wurde das historische Tief für einen einzelnen Messwert von Oktob… [+3168 chars],,Niedrigwasser des Rheins: Pegel fällt an wichtiger Engstelle auf Rekordtief. Der Pegelstand des Flusses beträgt bei Kaub nur noch 24 Zentimeter und soll bis Samstag weiter fallen. Die Nachfrage nach alternativen Transportrouten nimmt zu.,Low water on the Rhine: water levels fall to record lows at an important bottleneck. The river level at Kaub is only 24 centimeters and is expected to continue to fall until Saturday. The demand for alternative transport routes is increasing.,Humilis aqua in Rheno: aquae gradus incidere in memoriam sequitur magni bottleneck. Fluminis campus in Kaub tantum 24 centimetra datur et expectatur usque ad Sabbatum delabi. Augetur viarum vecturae jocus postulatio.,2026-09-05 17:13:13+00:00
1f53ad80011ef07f9d3cc2b97e4c8019,2026-08-05T21:02:29Z,'Niedrigwasser',www.zeit.de,de,0.9,Dürre in Europa: Niedrigwasser am Rhein zwingt Logistik auf Schiene und Straße,Das Niedrigwasser am Rhein beeinflusst die Logistik einiger Unternehmen. Der Umweltstaatssekretär nennt die Situation einen Weckruf angesichts des Klimawandels.,https://www.zeit.de/wirtschaft/2026-08/niedrigwasser-rhein-schifffahrt-unternehmen-basf-lanxess,https://img.zeit.de/wirtschaft/2026-08/rhein-bild/wide__1300x731,http://web.archive.org/web/20260805232509/https://www.zeit.de/wirtschaft/2026-08/niedrigwasser-rhein-schifffahrt-unternehmen-basf-lanxess,"Das Niedrigwasser im Rhein zwingt Unternehmen dazu ihre Transporte auf die Schiene oder den Lkw zu verlagern. Unter anderem gaben die Konzerne ThyssenKrupp Steel Europe, BASF, Evonik und Lanxess beka… [+3346 chars]",,Dürre in Europa: Niedrigwasser am Rhein zwingt Logistik auf Schiene und Straße. Das Niedrigwasser am Rhein beeinflusst die Logistik einiger Unternehmen. Der Umweltstaatssekretär nennt die Situation einen Weckruf angesichts des Klimawandels.,Drought in Europe: Low water on the Rhine forces logistics to rely on rail and road. The low water on the Rhine is affecting the logistics of some companies. The State Secretary for the Environment calls the situation a wake-up call in the face of climate change.,Siccitas in Europa: copiae logistics in Rheno Minimum aquae ad confidunt et in via rail. Aqua humilis Rheno logistics manipulos afficit. Secretarius Civitatis Environment vocat condicionem vigili vocationem in facie mutationis climatis.,2026-09-05 17:13:13+00:00
e461eb9e94b7bd3f3157c0514f35b807,2026-08-06T07:10:01Z,'Niedrigwasser',www.tagesschau.de,de,0.9,Krisentreffen zu Niedrigwasser: Wenn die Wasserstraßen versiegen,Deutschlands Flüsse führen Rekord-Niedrigwasser. Vor allem Wirtschaft und Schifffahrt sind massiv betroffen. Verkehrsminister Bilger lädt daher heute zum Krisentreffen. Was kann das bringen?,https://www.tagesschau.de/inland/innenpolitik/niedrigwasser-verkehrsministerkonferenz-bilger-100.html,https://images.tagesschau.de/image/9fab6829-4cc1-4c1a-9714-31efdd3281e5/AAABn9XoWGs/AAABnSSvrFg/16x9-big/rhein-niedrigwasser-118.jpg?width=1280,http://web.archive.org/web/20260807041745/https://www.tagesschau.de/inland/innenpolitik/niedrigwasser-verkehrsministerkonferenz-bilger-100.html,"Stand: 06.08.2026 09:10 Uhr
Deutschlands Flüsse führen Rekord-Niedrigwasser. Vor allem Wirtschaft und Schifffahrt sind massiv betroffen. Verkehrsminister Bilger lädt daher heute zum Krisentreffen. W… [+7301 chars]",,Krisentreffen zu Niedrigwasser: Wenn die Wasserstraßen versiegen. Deutschlands Flüsse führen Rekord-Niedrigwasser. Vor allem Wirtschaft und Schifffahrt sind massiv betroffen. Verkehrsminister Bilger lädt daher heute zum Krisentreffen. Was kann das bringen?,Crisis meeting on low water: When the waterways dry up. Germany's rivers have record low water levels. The economy and shipping in particular are massively affected. Transport Minister Bilger is therefore inviting people to a crisis meeting today. What can this bring?,Humilis aqua discriminis occurrens: Cum siccabuntur rivi. Fluvii Germaniae aquam inferiorem habent. Oeconomia et naviculae imprimis massive afficiuntur. Ministri onerariae Bilger propterea homines invitant ad discriminis conventum hodie. Quid hoc potest?,2026-09-05 17:13:13+00:00
b5e03448cb7f7497fc4b9827ddca09e3,2026-08-06T08:59:58Z,'Niedrigwasser',www.n-tv.de,de,0.9,Wäre eine Notfallmaßnahme: Bilger könnte wegen Niedrigwassers Sonntagsfahrverbot für Lkw kippen,Fehlendes Schmelzwasser und ausbleibender Regen führen zu großer Trockenheit - an Land und in Flüssen. Der Warentransport auf Rhein und Co. ist kaum noch regulär möglich. Verkehrsminister Bilger würde im Notfall Laster sogar sonntags fahren lassen.,https://www.n-tv.de/wirtschaft/Bilger-koennte-wegen-Niedrigwassers-Sonntagsfahrverbot-fuer-Lkw-kippen-id31165062.html,https://www.n-tv.de/img/31165051/1786012023/Img_16_9/1200/Blick-von-der-Zoobruecke-in-Koeln-auf-das-ausgetrocknete-Flussbett-des-Rheins-im-Hintergrund-der-Koelner-Dom-Mit-einem-Pegelstand-von-69-cm-am-Pegel-Koeln-erreicht-das-Niedrigwasser-den-bisherigen-historischen-Tiefstwert-vom-23-Oktober-2018-ein-neuer-Rekord-rueckt-in-greifbare-Naehe.jpg,http://web.archive.org/web/20260806230717/https://www.n-tv.de/wirtschaft/Bilger-koennte-wegen-Niedrigwassers-Sonntagsfahrverbot-fuer-Lkw-kippen-id31165062.html,"Der Pegel des Rheins - hier bei Köln - ist deutlich zu gering für zahlreiche Transporte per Schiff. (Foto: picture alliance / Bonn.digital)
Fehlendes Schmelzwasser und ausbleibender Regen führen zu … [+2008 chars]",,Wäre eine Notfallmaßnahme: Bilger könnte wegen Niedrigwassers Sonntagsfahrverbot für Lkw kippen. Fehlendes Schmelzwasser und ausbleibender Regen führen zu großer Trockenheit - an Land und in Flüssen. Der Warentransport auf Rhein und Co. ist kaum noch regulär möglich. Verkehrsminister Bilger würde im Notfall Laster sogar sonntags fahren lassen.,"Would be an emergency measure: Bilger could overturn the Sunday driving ban for trucks due to low water. A lack of meltwater and a lack of rain leads to severe drought - on land and in rivers. The transport of goods on the Rhine etc. is hardly possible any more regularly. In an emergency, Transport Minister Bilger would even allow trucks to drive on Sundays.","Mensura repentina esset: Bilgerus dominicum bannum evertere potuit pro aliquet propter aquam gravem. Defectus meltwater et defectus pluviae gravem siccitatem ducit - in terra et in fluminibus. De bonis in Rheno etc., vix fieri potest regulariter. In subitis, Ministri Transport Bilgerus etiam permitteret aliquet ut dominicis diebus pelleret.",2026-09-05 17:13:13+00:00
f30922f35658bb964a7e62518791ad07,2026-08-06T10:04:00Z,'Niedrigwasser',www.zeit.de,de,0.9,Niedrigwasser auf dem Rhein: Bundesverkehrsministerium erwägt Aussetzung von Sonntagsfahrverbot,Wegen des Niedrigwassers vieler Flüsse denkt Steffen Bilger über erweiterte Lkw-Fahrzeiten nach. Mit der Bahn laufen Gespräche über zusätzliche Gütertransporte.,https://www.zeit.de/mobilitaet/2026-08/niedrigwasser-rhein-schifffahrt-sonntagsfahrverbot-steffen-bilger,https://img.zeit.de/mobilitaet/2026-08/niedrigwasser-rhein-schifffahrt-sonntagsfahrverbot-steffen-bilger-foto-1/wide__1300x731,,Bundesverkehrsminister Steffen Bilger (CDU) hat wegen des Niedrigwassers auf deutschen Flüssen eine vorübergehende Aussetzung des Sonn- und Feiertagsfahrverbots für Lastwagen ins Gespräch gebracht. »… [+2797 chars],,Niedrigwasser auf dem Rhein: Bundesverkehrsministerium erwägt Aussetzung von Sonntagsfahrverbot. Wegen des Niedrigwassers vieler Flüsse denkt Steffen Bilger über erweiterte Lkw-Fahrzeiten nach. Mit der Bahn laufen Gespräche über zusätzliche Gütertransporte.,"Low water on the Rhine: Federal Ministry of Transport is considering suspending the Sunday driving ban. Because of the low water levels in many rivers, Steffen Bilger is thinking about extending truck travel times. Discussions about additional freight transport are ongoing with the railways.","Humilis aqua in Rheno: Ministerium Transportum Foederatum considerans bannum pulsum Solis suspendendi. Propter gradus aquae humiles in multis fluminibus, Steffen Bilger cogitat de extensione temporum itinerariorum. Disputationes de onerariis onerariis additis cum ferriviariis permanentes.",2026-09-05 17:13:13+00:00
d840443f65133a9dea8baed8586f1377,2026-08-06T10:21:32Z,'LKW KLimawandel',www.tagesspiegel.de,de,0.9,Niedrigwasser am Rhein: Rheinland-Pfalz setzt Sonn- und Feiertagsfahrverbot für Lkw zeitweise aus,Der neue Verkehrsminister Steffen Bilger hatte sich für die Maßnahme ausgesprochen. Nun setzt Mainz das Lkw-Fahrverbot außer Kraft. Kritik kommt von der Gewerkschaft Verdi.,https://www.tagesspiegel.de/wirtschaft/niedrigwasser-am-rhein-rheinland-pfalz-setzt-sonn-und-feiertagsfahrverbot-fur-lkw-zeitweise-aus-15919706.html,https://www.tagesspiegel.de/images/15925774/alternates/BASE_16_9_W1400/1786119175000/niedrigwasser-im-rhein.jpeg,http://web.archive.org/web/20260807200700/https://www.tagesspiegel.de/wirtschaft/niedrigwasser-am-rhein-rheinland-pfalz-setzt-sonn-und-feiertagsfahrverbot-fur-lkw-zeitweise-aus-15919706.html,Rheinland-Pfalz setzt wegen des anhaltenden Niedrigwassers am Rhein das Sonn- und Feiertagsfahrverbot für bestimmte Lkw-Transporte vorübergehend außer Kraft. Auch das Saarland will Transporte an alle… [+8766 chars],,Niedrigwasser am Rhein: Rheinland-Pfalz setzt Sonn- und Feiertagsfahrverbot für Lkw zeitweise aus. Der neue Verkehrsminister Steffen Bilger hatte sich für die Maßnahme ausgesprochen. Nun setzt Mainz das Lkw-Fahrverbot außer Kraft. Kritik kommt von der Gewerkschaft Verdi.,Low water on the Rhine: Rhineland-Palatinate temporarily suspends the driving ban for trucks on Sundays and public holidays. The new Transport Minister Steffen Bilger spoke out in favor of the measure. Now Mainz is repealing the truck driving ban. Criticism comes from the Verdi union.,Humilis aqua in Rheno: Rheno-Palatinatus ad tempus bannum pulsis suspendit pro aliquet diebus dominicis et festis publicis. Novus minister onerariae Steffen Bilger pro mensura locutus est. Nunc Moguntiacum plaustrum bannum abrogat. Reprehensio ex Unione Verdi venit.,2026-09-05 17:13:13+00:00
bb1f970133cb7a1638ad2253e5004322,2026-08-06T10:21:32Z,'Niedrigwasser',www.tagesspiegel.de,de,0.9,Rhein-Pegelstand auf historischem Tief: Bilger zieht Aussetzung des Sonntagsfahrverbots für Lkw in Betracht,Verkehrsminister Steffen Bilger erwägt eine vorübergehende Aufhebung des Sonntagsfahrverbots für Lastwagen. Schiffe können wegen Niedrigwassers zurzeit nur wenig transportieren.,https://www.tagesspiegel.de/wirtschaft/rhein-pegelstand-auf-historischem-tief-bilger-zieht-aussetzung-des-sonntagsfahrverbots-fur-lkw-in-betracht-15919706.html,https://www.tagesspiegel.de/images/15919480/alternates/BASE_16_9_W1400/1786011362000/pfutze006-niedrigwasser-stand-am-rhein-ufer-fallen-trocken-die-schifffahrt-kann-nur-mit-verringerter-ladung-und-geschwindigkeit.jpeg,http://web.archive.org/web/20260806140515/https://www.tagesspiegel.de/wirtschaft/rhein-pegelstand-auf-historischem-tief-bilger-zieht-aussetzung-des-sonntagsfahrverbots-fur-lkw-in-betracht-15919706.html,"Angesichts des Niedrigwassers auf deutschen Flüssen erwägt Bundesverkehrsminister Steffen Bilger (CDU) als Notfallmaßnahme eine vorübergehende Aufhebung des Sonntagsfahrverbots für Lastwagen.
Das st… [+2526 chars]",,Rhein-Pegelstand auf historischem Tief: Bilger zieht Aussetzung des Sonntagsfahrverbots für Lkw in Betracht. Verkehrsminister Steffen Bilger erwägt eine vorübergehende Aufhebung des Sonntagsfahrverbots für Lastwagen. Schiffe können wegen Niedrigwassers zurzeit nur wenig transportieren.,Rhine water level at historic low: Bilger is considering suspending the Sunday driving ban for trucks. Transport Minister Steffen Bilger is considering temporarily lifting the Sunday driving ban for trucks. Ships can currently only transport a small amount due to low water levels.,Aqua Rhenana in plano historico humilis: Bilger considerans bannum pro aliquet pulsum Solis suspendere. Minister onerariam Steffen Bilger cogitat ad tempus dominicae emissionis bannum pro aliquet levare. Naves nunc tantum parvam quantitatem transportare possunt propter aquae gradus humilis.,2026-09-05 17:13:13+00:00
6a34576bdbaa179450c1b0fb896f5199,2026-08-06T10:21:32Z,'Niedrigwasser',www.tagesspiegel.de,de,0.9,Rhein-Pegelstand auf historischem Tief: Bundesregierung will Sonntagsfahrverbot für Lkw aussetzen,Verkehrsminister kündigt nach Spitzentreffen mit Industrie und Logistikbranche schnelle Maßnahmen an. Schiffe können wegen Niedrigwassers zurzeit nur wenig transportieren.,https://www.tagesspiegel.de/wirtschaft/rhein-pegelstand-auf-historischem-tief-bundesregierung-will-sonntagsfahrverbot-fur-lkw-aussetzen-15919706.html,https://www.tagesspiegel.de/images/15922377/alternates/BASE_16_9_W1400/1786030425000/weltkriegsbombe-bei-niedrigwasser-im-rhein.jpeg,http://web.archive.org/web/20260807024058/https://www.tagesspiegel.de/wirtschaft/rhein-pegelstand-auf-historischem-tief-bundesregierung-will-sonntagsfahrverbot-fur-lkw-aussetzen-15919706.html,Der neue Bundesverkehrsminister Steffen Bilger will angesichts des extremen Niedrigwassers an Rhein und Donau Konsequenzen ziehen. Nach einem Spitzentreffen mit der Industrie und Logistikbranche am D… [+3263 chars],,Rhein-Pegelstand auf historischem Tief: Bundesregierung will Sonntagsfahrverbot für Lkw aussetzen. Verkehrsminister kündigt nach Spitzentreffen mit Industrie und Logistikbranche schnelle Maßnahmen an. Schiffe können wegen Niedrigwassers zurzeit nur wenig transportieren.,Rhine water level at historic low: Federal government wants to suspend Sunday driving ban for trucks. Transport Minister announces quick measures after top meeting with industry and logistics sector. Ships can currently only transport a small amount due to low water levels.,Aqua Rhenana in planitie historica humilis: regimen Foederatum Solis bannum pro aliquet suspendere cupit. Transporto minister denuntiat celeria consilia cum summo conventu industriae et sectoris logistics. Naves nunc tantum parvam quantitatem transportare possunt propter aquae gradus humilis.,2026-09-05 17:13:13+00:00
62c887234c6fba04a5bf7d11cfcc7f23,2026-08-06T13:26:41Z,'Niedrigwasser',www.zeit.de,de,0.9,Dürre: Steffen Bilger will wegen Niedrigwasser Landtransporte ausbauen,Wegen des Rhein-Niedrigwassers will Bundesverkehrsminister Bilger Ausnahmen vom Sonntagsfahrverbot für Lkw. Auch soll mehr Fracht auf Schienenwegen transportiert werden.,https://www.zeit.de/politik/deutschland/2026-08/steffen-bilger-verkehrsminister-niedrigwasser-industrie-logistik,https://img.zeit.de/politik/deutschland/2026-08/steffen-bilger-verkehrsminister-niedrigwasser-industrie-logistik-bild/wide__1300x731,http://web.archive.org/web/20260806232921/https://www.zeit.de/politik/deutschland/2026-08/steffen-bilger-verkehrsminister-niedrigwasser-industrie-logistik,Bundesverkehrsminister Steffen Bilger (CDU) will wegen des aktuellen Niedrigwassers im Rhein Frachttransporte über Land ausbauen. Das gab Bilger nach einem Treffen mit Vertretern der Industrie- und L… [+2105 chars],,Dürre: Steffen Bilger will wegen Niedrigwasser Landtransporte ausbauen. Wegen des Rhein-Niedrigwassers will Bundesverkehrsminister Bilger Ausnahmen vom Sonntagsfahrverbot für Lkw. Auch soll mehr Fracht auf Schienenwegen transportiert werden.,"Drought: Steffen Bilger wants to expand land transport due to low water levels. Because of the low water in the Rhine, Federal Transport Minister Bilger wants exceptions to the Sunday driving ban for trucks. More freight should also be transported on rail routes.","Siccitas: Steffen Bilger vult expandere terram onerariam propter aquae gradus humilis. Propter aquam humilem in Rheno, Minister Federal Transport Bilger exceptiones in die Dominico bannum pro aliquet eiecit. Plures onerarias etiam in itinera ferriviaria transportari debent.",2026-09-05 17:13:13+00:00
994d2a5e916ae6d0c2de894ea40eae19,2026-08-06T18:11:47Z,'LKW KLimawandel',www.faz.net,de,0.9,Niedrigwasser in Flüssen: Mehr Tiefgang für den Rhein,"So tief lagen die Pegel von Rhein, Donau und Elbe noch nie. Jetzt rächt sich die jahrzehntelange Vernachlässigung der Wasserwege.",https://www.faz.net/aktuell/wirtschaft/niedrigwasser-in-fluessen-wenn-sich-die-vernachlaessigung-der-wasserwege-raecht-201102002.html,https://media0.faz.net/image/w1200h627/9e6acf538ec4/w6144h3210x0y764o/202607/43601.0.2366990932/kaum-wasser-der-rhein-in.webp,http://web.archive.org/web/20260807095133/https://www.faz.net/aktuell/wirtschaft/niedrigwasser-in-fluessen-wenn-sich-die-vernachlaessigung-der-wasserwege-raecht-201102002.html,Nicht einmal 20 Zentimeter sind es noch. So niedrig lag der Pegel des Rheins an der Engstelle Kaub bei Bingen noch nie. Der alte Negativrekord vom Dürrejahr 2018 ist damit unterschritten. Deutschland… [+4003 chars],,"Niedrigwasser in Flüssen: Mehr Tiefgang für den Rhein. So tief lagen die Pegel von Rhein, Donau und Elbe noch nie. Jetzt rächt sich die jahrzehntelange Vernachlässigung der Wasserwege.","Low water in rivers: More depth for the Rhine. The levels of the Rhine, Danube and Elbe have never been this low. Decades of neglect of the waterways are now taking their toll.","Humilis aquae in fluminibus : More profundior for the Rhine. Gradus Rheni, Danubii et Albis nunquam humiles fuerunt. Decades neglectionis aquarum nunc portorium capiunt.",2026-09-05 17:13:13+00:00
99b5923040c99c1680e2a9aa23011994,2026-08-09T11:24:06Z,'Niedrigwasser',www.morgenpost.de,de,0.9,Lkw dürfen sonntags fahren: Das ist pure Erste Hilfe. Wo bleibt der Weitblick?,"Im Hitzesommer sind durch Niedrigwasser unsere Flüsse kaum befahrbar. Die Politik reagiert, doch langfristig reicht das nicht aus.",https://www.morgenpost.de/politik/article412812711/lkw-duerfen-sonntags-fahren-das-ist-pure-erste-hilfe-wo-bleibt-der-weitblick.html,https://img.sparknews.funkemedien.de/412812760/412812760_1786273635_v16_9_1600.jpeg,,"Was für ein Sommer. Hitzerekorde, Waldbrände, Niedrigwasser. Wir spüren in diesen Tagen den Klimawandel mit all unseren Sinnen. Mehr als 12.000 Menschen sind bislang an den Folgen der hohen Temperatu… [+1449 chars]",,"Lkw dürfen sonntags fahren: Das ist pure Erste Hilfe. Wo bleibt der Weitblick?. Im Hitzesommer sind durch Niedrigwasser unsere Flüsse kaum befahrbar. Die Politik reagiert, doch langfristig reicht das nicht aus.","Trucks are allowed to drive on Sundays: That's pure first aid. Where is the foresight? In the hot summer, our rivers are hardly navigable due to low water levels. Politicians are reacting, but in the long term that is not enough.","Aliquet dominicis diebus agitare permittuntur: Primum auxilium pura est. Ubi est providentia? Aestate calida, nostri fluvii vix sunt navigabiles propter gradus aquarum infimis. Politici reagunt, sed longo termino non sufficit.",2026-09-05 17:13:13+00:00
