,summary,Verkehrswende,Klimawandel,Landwirtschaft,Waermewende,Energiewende,Gesundheit,Industrie,Wasserversorgung,Klimaextreme,Urbane_Hitzeinsel,Geo_Engineering,Tipping_Points,Oekologie,word
summaryOfAllWords,3116.066244373053,2790.2135099696106,0.0,0.0,0.0,0.0,0.0,159.78970453354978,0.0,0.0,0.0,166.06302986979995,0.0,0.0,
Verkehrswende,42.86683961449951,0.09790541257718602,0.0,0.0,0.0,0.0,0.0,-3.083183974540812,0.0,0.0,0.0,-1.6612633855605778,0.0,0.0,Verkehrswende
Das,9.625221053782301,0.0664474369409302,0.0,0.0,0.0,0.0,0.0,-1.5894722633975273,0.0,0.0,0.0,-0.49182309864857576,0.0,0.0,Das
verkehr+s+wende der,4.698186418568769,0.018118344222868347,0.0,0.0,0.0,0.0,0.0,-0.8722619827207012,0.0,0.0,0.0,0.22538718202825034,0.0,0.0,verkehr+s+wende der
Münchens,5.763158670770744,-0.020608408297250892,0.0,0.0,0.0,0.0,0.0,-1.076571121605066,0.0,0.0,0.0,0.6816087789329457,0.0,0.0,Münchens
der münchen+s,4.1918641192483355,0.004905452555366368,0.0,0.0,0.0,0.0,0.0,-0.7582309490526151,0.0,0.0,0.0,0.35683659986817773,0.0,0.0,der münchen+s
größte,3.8857919697115593,-0.005648010655827204,0.0,0.0,0.0,0.0,0.0,-0.6824122331126532,0.0,0.0,0.0,0.4514260255459058,0.0,0.0,größte
münchen+s groß,3.8857919697115593,-0.005648010655827204,0.0,0.0,0.0,0.0,0.0,-0.6824122331126532,0.0,0.0,0.0,0.4514260255459058,0.0,0.0,münchen+s groß
Baustellen,3.718230667698602,-0.0127727036835885,0.0,0.0,0.0,0.0,0.0,-0.6383333450366073,0.0,0.0,0.0,0.5111742639969122,0.0,0.0,Baustellen
groß bau+stelle+n,3.718230667698602,-0.0127727036835885,0.0,0.0,0.0,0.0,0.0,-0.6383333450366073,0.0,0.0,0.0,0.5111742639969122,0.0,0.0,groß bau+stelle+n
Weniger,3.527722173687995,-0.02278608710461335,0.0,0.0,0.0,0.0,0.0,-0.5857378029497088,0.0,0.0,0.0,0.5906073318167397,0.0,0.0,Weniger
bau+stelle+n wenig+er,3.527722173687995,-0.02278608710461335,0.0,0.0,0.0,0.0,0.0,-0.5857378029497088,0.0,0.0,0.0,0.5906073318167397,0.0,0.0,bau+stelle+n wenig+er
Autos,4.433773678837621,-0.022153587615062708,0.0,0.0,0.0,0.0,0.0,-0.814336484541367,0.0,0.0,0.0,0.6440396313271421,0.0,0.0,Autos
wenig+er auto+s,3.426245389727256,-0.029491371905164588,0.0,0.0,0.0,0.0,0.0,-0.5565504399206794,0.0,0.0,0.0,0.6413147477540131,0.0,0.0,wenig+er auto+s
mehr,9.883019177112603,0.06336159075704957,0.0,0.0,0.0,0.0,0.0,-1.6159034666669452,0.0,0.0,0.0,-0.39756042876854125,0.0,0.0,mehr
auto+s mehr,3.355770228052164,-0.03512060348445915,0.0,0.0,0.0,0.0,0.0,-0.5357667371062851,0.0,0.0,0.0,0.6825763007921191,0.0,0.0,auto+s mehr
Platz,3.3139855873896975,-0.039060939804594914,0.0,0.0,0.0,0.0,0.0,-0.5232369868482566,0.0,0.0,0.0,0.7108225451158782,0.0,0.0,Platz
mehr platz,3.3139855873896975,-0.039060939804594914,0.0,0.0,0.0,0.0,0.0,-0.5232369868482566,0.0,0.0,0.0,0.7108225451158782,0.0,0.0,mehr platz
Radler,3.2486193504683993,-0.04687173592023276,0.0,0.0,0.0,0.0,0.0,-0.5033155077022717,0.0,0.0,0.0,0.7654262551130354,0.0,0.0,Radler
platz radler,3.2486193504683993,-0.04687173592023276,0.0,0.0,0.0,0.0,0.0,-0.5033155077022717,0.0,0.0,0.0,0.7654262551130354,0.0,0.0,platz radler
Fußgänger,4.358518189298592,-0.03574077034043642,0.0,0.0,0.0,0.0,0.0,-0.7972175516147024,0.0,0.0,0.0,0.7507461539392273,0.0,0.0,Fußgänger
radler fußgänger,3.202012797903864,-0.05557534222370083,0.0,0.0,0.0,0.0,0.0,-0.48886502827413947,0.0,0.0,0.0,0.8243426495743434,0.0,0.0,radler fußgänger
neue,8.424473499482879,0.028880628523281403,0.0,0.0,0.0,0.0,0.0,-1.4562263985033728,0.0,0.0,0.0,0.21960433962973608,0.0,0.0,neue
fußgänger neu+e,3.182765838342159,-0.06465763445464048,0.0,0.0,0.0,0.0,0.0,-0.482835996115243,0.0,0.0,0.0,0.8839787905236455,0.0,0.0,fußgänger neu+e
U-Bahnen,3.1850759928300714,-0.068964564885907,0.0,0.0,0.0,0.0,0.0,-0.48356156520144494,0.0,0.0,0.0,0.9117326537615391,0.0,0.0,U-Bahnen
neu+e u-bahn+en,3.1850759928300714,-0.068964564885907,0.0,0.0,0.0,0.0,0.0,-0.48356156520144494,0.0,0.0,0.0,0.9117326537615391,0.0,0.0,neu+e u-bahn+en
Tramlinien,3.246183524031432,-0.08036430880148485,0.0,0.0,0.0,0.0,0.0,-0.5025654228734506,0.0,0.0,0.0,0.9849058282530382,0.0,0.0,Tramlinien
u-bahn+en tram+linie+n,3.246183524031432,-0.08036430880148485,0.0,0.0,0.0,0.0,0.0,-0.5025654228734506,0.0,0.0,0.0,0.9849058282530382,0.0,0.0,u-bahn+en tram+linie+n
Mobilitätsreferent,9.292038691913751,-0.0007984634885302237,0.0,0.0,0.0,0.0,0.0,-1.5542433957629402,0.0,0.0,0.0,0.5722604356294861,0.0,0.0,Mobilitätsreferent
tram+linie+n mobilität+s+referent,3.589328796640106,-0.08118697828630657,0.0,0.0,0.0,0.0,0.0,-0.6030506371565759,0.0,0.0,0.0,1.010131287534782,0.0,0.0,tram+linie+n mobilität+s+referent
Georg,5.403273150008361,-0.2380844080704766,0.0,0.0,0.0,0.0,0.0,-1.0120903256933633,0.0,0.0,0.0,1.6433097194603048,0.0,0.0,Georg
mobilität+s+referent georg,5.403273150008361,-0.2380844080704766,0.0,0.0,0.0,0.0,0.0,-1.0120903256933633,0.0,0.0,0.0,1.6433097194603048,0.0,0.0,mobilität+s+referent georg
Dunkel,10.059119710445133,-0.023181915450678745,0.0,0.0,0.0,0.0,0.0,-1.6335650737716811,0.0,0.0,0.0,0.7698266001816801,0.0,0.0,Dunkel
georg dunkel,4.931546056198021,-0.16288999042683203,0.0,0.0,0.0,0.0,0.0,-0.9207379574154356,0.0,0.0,0.0,1.412123053317926,0.0,0.0,georg dunkel
kommenden,5.691314093595713,0.005333065701180328,0.0,0.0,0.0,0.0,0.0,-1.0640265862424105,0.0,0.0,0.0,0.4320088698813993,0.0,0.0,kommenden
dunkel komm+end+en,5.691314093595713,0.005333065701180328,0.0,0.0,0.0,0.0,0.0,-1.0640265862424105,0.0,0.0,0.0,0.4320088698813993,0.0,0.0,dunkel komm+end+en
Jahren,7.567112237777716,0.037285244645619386,0.0,0.0,0.0,0.0,0.0,-1.348896936996126,0.0,0.0,0.0,0.07157954959265282,0.0,0.0,Jahren
komm+end+en jahr+en,6.320325865020822,0.022197261293615166,0.0,0.0,0.0,0.0,0.0,-1.1688561846112393,0.0,0.0,0.0,0.2516203019775395,0.0,0.0,komm+end+en jahr+en
verantworten,2.7760448245514535,-0.09510991264866694,0.0,0.0,0.0,0.0,0.0,-0.3461126065475834,0.0,0.0,0.0,1.0317323502810658,0.0,0.0,verantworten
jahr+en verantwort+en,2.7760448245514535,-0.09510991264866694,0.0,0.0,0.0,0.0,0.0,-0.3461126065475834,0.0,0.0,0.0,1.0317323502810658,0.0,0.0,jahr+en verantwort+en
aufstaut,2.615784852045214,-0.08096636257095463,0.0,0.0,0.0,0.0,0.0,-0.28664960397149614,0.0,0.0,0.0,0.9347596224474323,0.0,0.0,aufstaut
verantwort+en auf+stau+t,2.615784852045214,-0.08096636257095463,0.0,0.0,0.0,0.0,0.0,-0.28664960397149614,0.0,0.0,0.0,0.9347596224474323,0.0,0.0,verantwort+en auf+stau+t
Keine,2.585567280482891,-0.07866586040927098,0.0,0.0,0.0,0.0,0.0,-0.2750303516090371,0.0,0.0,0.0,0.9172783551032606,0.0,0.0,Keine
idealen,2.569085694073594,-0.07743408561396482,0.0,0.0,0.0,0.0,0.0,-0.2686354914089666,0.0,0.0,0.0,0.9077096433574823,0.0,0.0,idealen
kein+e ideal+en,2.569085694073594,-0.07743408561396482,0.0,0.0,0.0,0.0,0.0,-0.2686354914089666,0.0,0.0,0.0,0.9077096433574823,0.0,0.0,kein+e ideal+en
Voraussetzungen,2.5488305637265944,-0.07592751016458675,0.0,0.0,0.0,0.0,0.0,-0.2607200683805816,0.0,0.0,0.0,0.8958221290031169,0.0,0.0,Voraussetzungen
ideal+en voraussetzung+en,2.5488305637265944,-0.07592751016458675,0.0,0.0,0.0,0.0,0.0,-0.2607200683805816,0.0,0.0,0.0,0.8958221290031169,0.0,0.0,ideal+en voraussetzung+en
gewünschte,2.4897408190474173,-0.0713101990068117,0.0,0.0,0.0,0.0,0.0,-0.23726403318370656,0.0,0.0,0.0,0.8585253838088617,0.0,0.0,gewünschte
voraussetzung+en ge+wünsch+t+e,2.4897408190474173,-0.0713101990068117,0.0,0.0,0.0,0.0,0.0,-0.23726403318370656,0.0,0.0,0.0,0.8585253838088617,0.0,0.0,voraussetzung+en ge+wünsch+t+e
Neuverteilung,2.4727185907678555,-0.06974276429444189,0.0,0.0,0.0,0.0,0.0,-0.23040360627156375,0.0,0.0,0.0,0.8458299865070334,0.0,0.0,Neuverteilung
ge+wünsch+t+e neuverteilung,2.4727185907678555,-0.06974276429444189,0.0,0.0,0.0,0.0,0.0,-0.23040360627156375,0.0,0.0,0.0,0.8458299865070334,0.0,0.0,ge+wünsch+t+e neuverteilung
öffentlichen,2.451416988287577,-0.06719180536593795,0.0,0.0,0.0,0.0,0.0,-0.22175163679650028,0.0,0.0,0.0,0.8255976923793966,0.0,0.0,öffentlichen
neuverteilung öffentlich+en,2.451416988287577,-0.06719180536593795,0.0,0.0,0.0,0.0,0.0,-0.22175163679650028,0.0,0.0,0.0,0.8255976923793966,0.0,0.0,neuverteilung öffentlich+en
Raums,2.4418886864204534,-0.06522782392586554,0.0,0.0,0.0,0.0,0.0,-0.21785720855384683,0.0,0.0,0.0,0.8106422530258051,0.0,0.0,Raums
öffentlich+en raum+s,2.4418886864204534,-0.06522782392586554,0.0,0.0,0.0,0.0,0.0,-0.21785720855384683,0.0,0.0,0.0,0.8106422530258051,0.0,0.0,öffentlich+en raum+s
umzusetzen,2.4395588872805254,-0.06424225807638145,0.0,0.0,0.0,0.0,0.0,-0.21690265592098285,0.0,0.0,0.0,0.803386970412142,0.0,0.0,umzusetzen
raum+s um+zu+setz+en,2.4395588872805254,-0.06424225807638145,0.0,0.0,0.0,0.0,0.0,-0.21690265592098285,0.0,0.0,0.0,0.803386970412142,0.0,0.0,raum+s um+zu+setz+en
besseres,2.444901526340562,-0.060448280521405995,0.0,0.0,0.0,0.0,0.0,-0.21909026345109767,0.0,0.0,0.0,0.7769781882499212,0.0,0.0,besseres
um+zu+setz+en gut+er+es,2.444901526340562,-0.060448280521405995,0.0,0.0,0.0,0.0,0.0,-0.21909026345109767,0.0,0.0,0.0,0.7769781882499212,0.0,0.0,um+zu+setz+en gut+er+es
Miteinander,2.458550549171055,-0.057970074250720004,0.0,0.0,0.0,0.0,0.0,-0.2246573854998603,0.0,0.0,0.0,0.7607758300475701,0.0,0.0,Miteinander
gut+er+es miteinander,2.458550549171055,-0.057970074250720004,0.0,0.0,0.0,0.0,0.0,-0.2246573854998603,0.0,0.0,0.0,0.7607758300475701,0.0,0.0,gut+er+es miteinander
öffentlichem,2.52997161340129,-0.05051138340018684,0.0,0.0,0.0,0.0,0.0,-0.2532934995376697,0.0,0.0,0.0,0.7143840977554708,0.0,0.0,öffentlichem
miteinander öffentlich+em,2.52997161340129,-0.05051138340018684,0.0,0.0,0.0,0.0,0.0,-0.2532934995376697,0.0,0.0,0.0,0.7143840977554708,0.0,0.0,miteinander öffentlich+em
Nahverkehr,4.054112003618819,0.01408097690118556,0.0,0.0,0.0,0.0,0.0,-0.7248170924365208,0.0,0.0,0.0,0.22940040904128542,0.0,0.0,Nahverkehr
öffentlich+em nahverkehr,2.8632604969128574,-0.028906821321659913,0.0,0.0,0.0,0.0,0.0,-0.3770464262328914,0.0,0.0,0.0,0.5771710752449148,0.0,0.0,öffentlich+em nahverkehr
nahverkehr fußgänger,2.508720820455705,-0.04878250369362035,0.0,0.0,0.0,0.0,0.0,-0.24485840681260762,0.0,0.0,0.0,0.6976167746163835,0.0,0.0,nahverkehr fußgänger
Radfahrer,2.4170767464913077,-0.05401302924524847,0.0,0.0,0.0,0.0,0.0,-0.20764427086703444,0.0,0.0,0.0,0.7245881733509228,0.0,0.0,Radfahrer
fußgänger rad+fahrer,2.4170767464913077,-0.05401302924524847,0.0,0.0,0.0,0.0,0.0,-0.20764427086703444,0.0,0.0,0.0,0.7245881733509228,0.0,0.0,fußgänger rad+fahrer
rad+fahrer auto+s,2.351887448035682,-0.05733381040786521,0.0,0.0,0.0,0.0,0.0,-0.18030359202570437,0.0,0.0,0.0,0.7395467886301936,0.0,0.0,rad+fahrer auto+s
hinzubek…,2.331401790855194,-0.05826195309381679,0.0,0.0,0.0,0.0,0.0,-0.17155513050980803,0.0,0.0,0.0,0.7431959955906157,0.0,0.0,hinzubek…
auto+s hinzubek…,2.331401790855194,-0.05826195309381679,0.0,0.0,0.0,0.0,0.0,-0.17155513050980803,0.0,0.0,0.0,0.7431959955906157,0.0,0.0,auto+s hinzubek…
+7357,2.3001879876602938,-0.05954558465236471,0.0,0.0,0.0,0.0,0.0,-0.15807627022110265,0.0,0.0,0.0,0.7476258204760663,0.0,0.0,+7357
hinzubek… +7357,2.3001879876602938,-0.05954558465236471,0.0,0.0,0.0,0.0,0.0,-0.15807627022110265,0.0,0.0,0.0,0.7476258204760663,0.0,0.0,hinzubek… +7357
chars,9.773000579207983,0.039661599226370824,0.0,0.0,0.0,0.0,0.0,-0.4495679957114296,0.0,0.0,0.0,-0.4025300513445606,0.0,0.0,chars
+7357 char+s,2.285604604705577,-0.06008769468854457,0.0,0.0,0.0,0.0,0.0,-0.15171600345249547,0.0,0.0,0.0,0.7492050445496568,0.0,0.0,+7357 char+s
News-Überblick,2.4558167356803153,0.02479701590155873,0.0,0.0,0.0,0.0,0.0,-0.22354480533876098,0.0,0.0,0.0,-0.2601941141846716,0.0,0.0,News-Überblick
news+-+überblick der,2.525412258833761,0.02725855215791008,0.0,0.0,0.0,0.0,0.0,-0.25148973708602007,0.0,0.0,0.0,-0.28813904593193057,0.0,0.0,news+-+überblick der
Nachrichten,2.591883608665026,0.029480955116027906,0.0,0.0,0.0,0.0,0.0,-0.27747029027806736,0.0,0.0,0.0,-0.31411959912397786,0.0,0.0,Nachrichten
der nachricht+en,2.591883608665026,0.029480955116027906,0.0,0.0,0.0,0.0,0.0,-0.27747029027806736,0.0,0.0,0.0,-0.31411959912397786,0.0,0.0,der nachricht+en
Tages,2.6905033298677803,0.03256767972094786,0.0,0.0,0.0,0.0,0.0,-0.3148137044462659,0.0,0.0,0.0,-0.3514630132921765,0.0,0.0,Tages
nachricht+en tag+es,2.6905033298677803,0.03256767972094786,0.0,0.0,0.0,0.0,0.0,-0.3148137044462659,0.0,0.0,0.0,-0.3514630132921765,0.0,0.0,nachricht+en tag+es
Wie,3.7462552459048437,0.0551377943731902,0.0,0.0,0.0,0.0,0.0,-0.6458421568166978,0.0,0.0,0.0,-0.6824914656626082,0.0,0.0,Wie
tag+es wie,2.733829219248813,0.03385053307783324,0.0,0.0,0.0,0.0,0.0,-0.3307886876842463,0.0,0.0,0.0,-0.36743799653015674,0.0,0.0,tag+es wie
Wiesn-Aufbau,4.104942268855466,0.060095095523623736,0.0,0.0,0.0,0.0,0.0,-0.7372770960499656,0.0,0.0,0.0,-0.7739264048958762,0.0,0.0,Wiesn-Aufbau
wie wiesn-aufbau,2.798722426525618,0.03569479838483632,0.0,0.0,0.0,0.0,0.0,-0.3542484536753046,0.0,0.0,0.0,-0.3908977625212152,0.0,0.0,wie wiesn-aufbau
vollen,2.963833793714139,0.04000979960934917,0.0,0.0,0.0,0.0,0.0,-0.4115690477270251,0.0,0.0,0.0,-0.4482183565729357,0.0,0.0,vollen
wiesn-aufbau voll+en,2.963833793714139,0.04000979960934917,0.0,0.0,0.0,0.0,0.0,-0.4115690477270251,0.0,0.0,0.0,-0.4482183565729357,0.0,0.0,wiesn-aufbau voll+en
Gange,3.059867215008529,0.04229776802082067,0.0,0.0,0.0,0.0,0.0,-0.44345693809536496,0.0,0.0,0.0,-0.4801062469412755,0.0,0.0,Gange
voll+en gang+e,3.059867215008529,0.04229776802082067,0.0,0.0,0.0,0.0,0.0,-0.44345693809536496,0.0,0.0,0.0,-0.4801062469412755,0.0,0.0,voll+en gang+e
aussieht,3.4533509214239055,0.050302217621779124,0.0,0.0,0.0,0.0,0.0,-0.5644304580873539,0.0,0.0,0.0,-0.6010797669332643,0.0,0.0,aussieht
gang+e aus+seh+t,3.163033180999154,0.04459560055806036,0.0,0.0,0.0,0.0,0.0,-0.47661685148615235,0.0,0.0,0.0,-0.513266160332063,0.0,0.0,gang+e aus+seh+t
aus+seh+t mobilität+s+referent,3.68581333333968,0.05420470968389972,0.0,0.0,0.0,0.0,0.0,-0.6295766327585859,0.0,0.0,0.0,-0.6662259416044966,0.0,0.0,aus+seh+t mobilität+s+referent
mobilität+s+referent dunkel,3.6815667883027943,0.05413796750123486,0.0,0.0,0.0,0.0,0.0,-0.6284238361234036,0.0,0.0,0.0,-0.6650731449693141,0.0,0.0,mobilität+s+referent dunkel
jahr+en verkehr+s+wende,7.804945882877462,0.08428421426650722,0.0,0.0,0.0,0.0,0.0,-1.3798430371560462,0.0,0.0,0.0,-1.4164923460019567,0.0,0.0,jahr+en verkehr+s+wende
vorantreiben,4.535115151922842,0.06498211487899304,0.0,0.0,0.0,0.0,0.0,-0.8369358919296297,0.0,0.0,0.0,-0.8735852007755401,0.0,0.0,vorantreiben
verkehr+s+wende voran+treib+en,4.535115151922842,0.06498211487899304,0.0,0.0,0.0,0.0,0.0,-0.8369358919296297,0.0,0.0,0.0,-0.8735852007755401,0.0,0.0,verkehr+s+wende voran+treib+en
Anwohner,3.5180438517085504,0.051441623481902274,0.0,0.0,0.0,0.0,0.0,-0.5829905280524627,0.0,0.0,0.0,-0.6196398368983734,0.0,0.0,Anwohner
voran+treib+en anwohner,3.5180438517085504,0.051441623481902274,0.0,0.0,0.0,0.0,0.0,-0.5829905280524627,0.0,0.0,0.0,-0.6196398368983734,0.0,0.0,voran+treib+en anwohner
bald,4.195145614779686,0.06120499987730311,0.0,0.0,0.0,0.0,0.0,-0.759013467686279,0.0,0.0,0.0,-0.7956627765321895,0.0,0.0,bald
anwohner bald,3.3119855220741,0.04765249591217011,0.0,0.0,0.0,0.0,0.0,-0.522633282019696,0.0,0.0,0.0,-0.5592825908656066,0.0,0.0,anwohner bald
Nacht,3.138871093364247,0.0440714447260846,0.0,0.0,0.0,0.0,0.0,-0.46894862773015283,0.0,0.0,0.0,-0.5055979365760634,0.0,0.0,Nacht
bald nacht,3.138871093364247,0.0440714447260846,0.0,0.0,0.0,0.0,0.0,-0.46894862773015283,0.0,0.0,0.0,-0.5055979365760634,0.0,0.0,bald nacht
Aldi,3.003504992592208,0.04097332873360398,0.0,0.0,0.0,0.0,0.0,-0.4248653544254747,0.0,0.0,0.0,-0.46151466327138524,0.0,0.0,Aldi
nacht aldi,3.003504992592208,0.04097332873360398,0.0,0.0,0.0,0.0,0.0,-0.4248653544254747,0.0,0.0,0.0,-0.46151466327138524,0.0,0.0,nacht aldi
parken,2.945963934620346,0.03956699006050881,0.0,0.0,0.0,0.0,0.0,-0.4055214926742252,0.0,0.0,0.0,-0.44217080152013577,0.0,0.0,parken
aldi park+en,2.945963934620346,0.03956699006050881,0.0,0.0,0.0,0.0,0.0,-0.4055214926742252,0.0,0.0,0.0,-0.44217080152013577,0.0,0.0,aldi park+en
dürfen,3.07349866026275,0.04261053845545223,0.0,0.0,0.0,0.0,0.0,-0.44790195832596325,0.0,0.0,0.0,-0.48455126717187386,0.0,0.0,dürfen
park+en dürf+en,2.874193477173356,0.03773098365912454,0.0,0.0,0.0,0.0,0.0,-0.38085752207534584,0.0,0.0,0.0,-0.41750683092125646,0.0,0.0,park+en dürf+en
dürf+en mehr,2.777797191972894,0.03510988450216365,0.0,0.0,0.0,0.0,0.0,-0.3467436534784752,0.0,0.0,0.0,-0.3833929623243858,0.0,0.0,dürf+en mehr
DER,2.7319388330076375,0.03379544266042436,0.0,0.0,0.0,0.0,0.0,-0.3300969692291353,0.0,0.0,0.0,-0.36674627807504595,0.0,0.0,DER
TAG,2.703554230296011,0.03295861062662981,0.0,0.0,0.0,0.0,0.0,-0.3196527057914462,0.0,0.0,0.0,-0.3563020146373568,0.0,0.0,TAG
der tag,2.703554230296011,0.03295861062662981,0.0,0.0,0.0,0.0,0.0,-0.3196527057914462,0.0,0.0,0.0,-0.3563020146373568,0.0,0.0,der tag
MÜNCHEN,2.6575507819426107,0.03156282073715105,0.0,0.0,0.0,0.0,0.0,-0.30249035682744424,0.0,0.0,0.0,-0.3391396656733548,0.0,0.0,MÜNCHEN
tag münchen,2.6575507819426107,0.03156282073715105,0.0,0.0,0.0,0.0,0.0,-0.30249035682744424,0.0,0.0,0.0,-0.3391396656733548,0.0,0.0,tag münchen
münchen wiesn-aufbau,2.60430414409559,0.029883115584786048,0.0,0.0,0.0,0.0,0.0,-0.28225093319437905,0.0,0.0,0.0,-0.31890024204028966,0.0,0.0,münchen wiesn-aufbau
Sightseeing,2.5369540840759663,0.02765315724397959,0.0,0.0,0.0,0.0,0.0,-0.25604959880239925,0.0,0.0,0.0,-0.2926989076483098,0.0,0.0,Sightseeing
wiesn-aufbau sightseeing,2.5369540840759663,0.02765315724397959,0.0,0.0,0.0,0.0,0.0,-0.25604959880239925,0.0,0.0,0.0,-0.2926989076483098,0.0,0.0,wiesn-aufbau sightseeing
Schutzhelm,2.4662256313766497,0.02517439838867907,0.0,0.0,0.0,0.0,0.0,-0.22777431432585846,0.0,0.0,0.0,-0.264423623171769,0.0,0.0,Schutzhelm
sightseeing schutz+helm,2.4662256313766497,0.02517439838867907,0.0,0.0,0.0,0.0,0.0,-0.22777431432585846,0.0,0.0,0.0,-0.264423623171769,0.0,0.0,sightseeing schutz+helm
Sicherheitsweste,2.4093433026282964,0.023070491310756686,0.0,0.0,0.0,0.0,0.0,-0.20443963869551615,0.0,0.0,0.0,-0.24108894754142668,0.0,0.0,Sicherheitsweste
schutz+helm sicherheit+s+weste,2.4093433026282964,0.023070491310756686,0.0,0.0,0.0,0.0,0.0,-0.20443963869551615,0.0,0.0,0.0,-0.24108894754142668,0.0,0.0,schutz+helm sicherheit+s+weste
Dem,2.3534359116430115,0.020898904227892028,0.0,0.0,0.0,0.0,0.0,-0.1809617672646252,0.0,0.0,0.0,-0.21761107611053587,0.0,0.0,Dem
sicherheit+s+weste der,2.3534359116430115,0.020898904227892028,0.0,0.0,0.0,0.0,0.0,-0.1809617672646252,0.0,0.0,0.0,-0.21761107611053587,0.0,0.0,sicherheit+s+weste der
Münchner,2.341388142155237,0.020416716352081588,0.0,0.0,0.0,0.0,0.0,-0.17582939348625756,0.0,0.0,0.0,-0.21247870233216806,0.0,0.0,Münchner
der münchner,2.341388142155237,0.020416716352081588,0.0,0.0,0.0,0.0,0.0,-0.17582939348625756,0.0,0.0,0.0,-0.21247870233216806,0.0,0.0,der münchner
Himmel,2.307421665886277,0.019028869374815138,0.0,0.0,0.0,0.0,0.0,-0.16121615606773168,0.0,0.0,0.0,-0.1978654649136423,0.0,0.0,Himmel
münchner himmel,2.307421665886277,0.019028869374815138,0.0,0.0,0.0,0.0,0.0,-0.16121615606773168,0.0,0.0,0.0,-0.1978654649136423,0.0,0.0,münchner himmel
fehlt,2.288974620582628,0.018257043504037784,0.0,0.0,0.0,0.0,0.0,-0.15318937021290044,0.0,0.0,0.0,-0.189838679058811,0.0,0.0,fehlt
himmel fehl+t,2.288974620582628,0.018257043504037784,0.0,0.0,0.0,0.0,0.0,-0.15318937021290044,0.0,0.0,0.0,-0.189838679058811,0.0,0.0,himmel fehl+t
Kopf,2.252397556509252,0.016687433776897815,0.0,0.0,0.0,0.0,0.0,-0.13708064641968698,0.0,0.0,0.0,-0.17372995526559762,0.0,0.0,Kopf
fehl+t kopf,2.252397556509252,0.016687433776897815,0.0,0.0,0.0,0.0,0.0,-0.13708064641968698,0.0,0.0,0.0,-0.17372995526559762,0.0,0.0,fehl+t kopf
dafür,2.4120902378755806,0.023174476436706223,0.0,0.0,0.0,0.0,0.0,-0.20557910708035368,0.0,0.0,0.0,-0.2422284159262644,0.0,0.0,dafür
kopf dafür,2.238777514193617,0.01608921214525724,0.0,0.0,0.0,0.0,0.0,-0.13101538115833739,0.0,0.0,0.0,-0.16766469000424786,0.0,0.0,kopf dafür
Adler,2.208969990662971,0.01475297106060091,0.0,0.0,0.0,0.0,0.0,-0.11761175617377136,0.0,0.0,0.0,-0.1542610650196819,0.0,0.0,Adler
dafür adler,2.208969990662971,0.01475297106060091,0.0,0.0,0.0,0.0,0.0,-0.11761175617377136,0.0,0.0,0.0,-0.1542610650196819,0.0,0.0,dafür adler
schon,2.196966381441013,0.014204103363474498,0.0,0.0,0.0,0.0,0.0,-0.1121629081164917,0.0,0.0,0.0,-0.14881221696240224,0.0,0.0,schon
adler schon,2.196966381441013,0.014204103363474498,0.0,0.0,0.0,0.0,0.0,-0.1121629081164917,0.0,0.0,0.0,-0.14881221696240224,0.0,0.0,adler schon
Landeanflug,2.179746342801637,0.013405619082955773,0.0,0.0,0.0,0.0,0.0,-0.10429393037871854,0.0,0.0,0.0,-0.14094323922462915,0.0,0.0,Landeanflug
schon lande+anflug,2.179746342801637,0.013405619082955773,0.0,0.0,0.0,0.0,0.0,-0.10429393037871854,0.0,0.0,0.0,-0.14094323922462915,0.0,0.0,schon lande+anflug
Armbrustschützenzelt,2.144495126859449,0.011728970185368998,0.0,0.0,0.0,0.0,0.0,-0.08798956944280063,0.0,0.0,0.0,-0.12463887828871116,0.0,0.0,Armbrustschützenzelt
lande+anflug armbrust+schütze+n+zelt,2.144495126859449,0.011728970185368998,0.0,0.0,0.0,0.0,0.0,-0.08798956944280063,0.0,0.0,0.0,-0.12463887828871116,0.0,0.0,lande+anflug armbrust+schütze+n+zelt
Ein…,2.1098313150922294,0.010022741858984253,0.0,0.0,0.0,0.0,0.0,-0.07169341569892289,0.0,0.0,0.0,-0.10834272454483346,0.0,0.0,Ein…
+2187,2.1010265273522553,0.009579908875913095,0.0,0.0,0.0,0.0,0.0,-0.06751146470392393,0.0,0.0,0.0,-0.10416077354983447,0.0,0.0,+2187
ein… +2187,2.1010265273522553,0.009579908875913095,0.0,0.0,0.0,0.0,0.0,-0.06751146470392393,0.0,0.0,0.0,-0.10416077354983447,0.0,0.0,ein… +2187
+2187 chars,2.092474487837634,0.00914602979972515,0.0,0.0,0.0,0.0,0.0,-0.06343274797555411,0.0,0.0,0.0,-0.10008205682146451,0.0,0.0,+2187 chars
Rathaus,2.86053978497586,-0.10000657325489651,0.0,0.0,0.0,0.0,0.0,-0.3760957598895831,0.0,0.0,0.0,1.0649370204944029,0.0,0.0,Rathaus
rat+haus münchen+s,3.000622686334344,-0.10284339100988668,0.0,0.0,0.0,0.0,0.0,-0.42390524610219854,0.0,0.0,0.0,1.0900973150726192,0.0,0.0,rat+haus münchen+s
münchen+s mobilität+s+referent,3.370030506798763,-0.09502801864262823,0.0,0.0,0.0,0.0,0.0,-0.5400072136465135,0.0,0.0,0.0,1.0731747110448442,0.0,0.0,münchen+s mobilität+s+referent
wiedergewählt,3.057462223601549,-0.1398238085801936,0.0,0.0,0.0,0.0,0.0,-0.4426706500410687,0.0,0.0,0.0,1.2631816431768097,0.0,0.0,wiedergewählt
dunkel wieder+ge+wähl+t,3.057462223601549,-0.1398238085801936,0.0,0.0,0.0,0.0,0.0,-0.4426706500410687,0.0,0.0,0.0,1.2631816431768097,0.0,0.0,dunkel wieder+ge+wähl+t
Der,7.370651446785119,0.01558248328034968,0.0,0.0,0.0,0.0,0.0,-1.3225915108496513,0.0,0.0,0.0,0.36601382554486195,0.0,0.0,Der
wieder+ge+wähl+t der,2.9720824595959927,-0.10701387900644789,0.0,0.0,0.0,0.0,0.0,-0.4143482888211928,0.0,0.0,0.0,1.1090935527242718,0.0,0.0,wieder+ge+wähl+t der
frühere,2.961761690489231,-0.10076039398703472,0.0,0.0,0.0,0.0,0.0,-0.4108696738615997,0.0,0.0,0.0,1.0766015772648891,0.0,0.0,frühere
der früh+er+e,2.961761690489231,-0.10076039398703472,0.0,0.0,0.0,0.0,0.0,-0.4108696738615997,0.0,0.0,0.0,1.0766015772648891,0.0,0.0,der früh+er+e
Oberbürgermeister,2.9516755058553756,-0.09027358798508743,0.0,0.0,0.0,0.0,0.0,-0.40745839406614565,0.0,0.0,0.0,1.0196985744395324,0.0,0.0,Oberbürgermeister
früh+er+e oberbürgermeister,2.9516755058553756,-0.09027358798508743,0.0,0.0,0.0,0.0,0.0,-0.40745839406614565,0.0,0.0,0.0,1.0196985744395324,0.0,0.0,früh+er+e oberbürgermeister
Dieter,2.964435460987234,-0.07230642717947709,0.0,0.0,0.0,0.0,0.0,-0.4117720301656798,0.0,0.0,0.0,0.9150073655067982,0.0,0.0,Dieter
oberbürgermeister dieter,2.964435460987234,-0.07230642717947709,0.0,0.0,0.0,0.0,0.0,-0.4117720301656798,0.0,0.0,0.0,0.9150073655067982,0.0,0.0,oberbürgermeister dieter
Reiter,2.97951995288575,-0.06651282048873733,0.0,0.0,0.0,0.0,0.0,-0.4168476147660055,0.0,0.0,0.0,0.8792961125285471,0.0,0.0,Reiter
dieter reiter,2.97951995288575,-0.06651282048873733,0.0,0.0,0.0,0.0,0.0,-0.4168476147660055,0.0,0.0,0.0,0.8792961125285471,0.0,0.0,dieter reiter
liebsten,3.0547818682164984,-0.051099115401644975,0.0,0.0,0.0,0.0,0.0,-0.4417936053692269,0.0,0.0,0.0,0.7796156210497017,0.0,0.0,liebsten
reiter lieb+sten,3.0547818682164984,-0.051099115401644975,0.0,0.0,0.0,0.0,0.0,-0.4417936053692269,0.0,0.0,0.0,0.7796156210497017,0.0,0.0,reiter lieb+sten
rauswerfen,3.101613462255102,-0.04497369948187659,0.0,0.0,0.0,0.0,0.0,-0.45700786464855647,0.0,0.0,0.0,0.7380636567040275,0.0,0.0,rauswerfen
lieb+sten raus+werf+en,3.101613462255102,-0.04497369948187659,0.0,0.0,0.0,0.0,0.0,-0.45700786464855647,0.0,0.0,0.0,0.7380636567040275,0.0,0.0,lieb+sten raus+werf+en
raus+werf+en neu+e,3.2115133747828817,-0.03423725203008606,0.0,0.0,0.0,0.0,0.0,-0.4918276992206428,0.0,0.0,0.0,0.6623472070154083,0.0,0.0,raus+werf+en neu+e
Mango-Koalition,3.254478937192972,-0.03083934238406584,0.0,0.0,0.0,0.0,0.0,-0.5051175989674326,0.0,0.0,0.0,0.6375513705238334,0.0,0.0,Mango-Koalition
neu+e mango+-+koalition,3.254478937192972,-0.03083934238406584,0.0,0.0,0.0,0.0,0.0,-0.5051175989674326,0.0,0.0,0.0,0.6375513705238334,0.0,0.0,neu+e mango+-+koalition
stellt,4.436136611085404,0.011487579178646259,0.0,0.0,0.0,0.0,0.0,-0.8148692818812374,0.0,0.0,0.0,0.2942511580882679,0.0,0.0,stellt
mango+-+koalition stell+t,3.430747927019433,-0.019472548104625672,0.0,0.0,0.0,0.0,0.0,-0.557863708792708,0.0,0.0,0.0,0.5512567311767976,0.0,0.0,mango+-+koalition stell+t
Als,4.179778181721208,0.008623498968159537,0.0,0.0,0.0,0.0,0.0,-0.7553435954153864,0.0,0.0,0.0,0.3108640735270774,0.0,0.0,Als
Gesicht,4.032554055883068,0.0052412366587178145,0.0,0.0,0.0,0.0,0.0,-0.7194853528427534,0.0,0.0,0.0,0.3402669152659742,0.0,0.0,Gesicht
als gesicht,4.032554055883068,0.0052412366587178145,0.0,0.0,0.0,0.0,0.0,-0.7194853528427534,0.0,0.0,0.0,0.3402669152659742,0.0,0.0,als gesicht
Stadtregierung,4.757913712704318,0.023275113457883478,0.0,0.0,0.0,0.0,0.0,-0.8848946933740373,0.0,0.0,0.0,0.156490797233954,0.0,0.0,Stadtregierung
gesicht stadt+regierung,4.757913712704318,0.023275113457883478,0.0,0.0,0.0,0.0,0.0,-0.8848946933740373,0.0,0.0,0.0,0.156490797233954,0.0,0.0,gesicht stadt+regierung
stadt+regierung verkehr+s+wende,8.14651948964851,0.06165469891028261,0.0,0.0,0.0,0.0,0.0,-1.4226761964140109,0.0,0.0,0.0,-0.4128978999294929,0.0,0.0,stadt+regierung verkehr+s+wende
verkehr+s+wende dunkel,4.497289315610675,0.0218309761711292,0.0,0.0,0.0,0.0,0.0,-0.8285602578279158,0.0,0.0,0.0,0.15803037347578755,0.0,0.0,verkehr+s+wende dunkel
Streit,5.3046324148549315,0.03653947651169682,0.0,0.0,0.0,0.0,0.0,-0.9936658962064142,0.0,0.0,0.0,-0.01949259320015344,0.0,0.0,Streit
dunkel streit,4.00177667444212,0.011246572279740593,0.0,0.0,0.0,0.0,0.0,-0.7118238479774187,0.0,0.0,0.0,0.26234945502884194,0.0,0.0,dunkel streit
richtige,3.630173591121137,0.0017708521644089457,0.0,0.0,0.0,0.0,0.0,-0.6143658852395281,0.0,0.0,0.0,0.34493317014642694,0.0,0.0,richtige
streit richtig+e,3.630173591121137,0.0017708521644089457,0.0,0.0,0.0,0.0,0.0,-0.6143658852395281,0.0,0.0,0.0,0.34493317014642694,0.0,0.0,streit richtig+e
Verkehrspolitik,3.4653976366693957,-0.002906129558607254,0.0,0.0,0.0,0.0,0.0,-0.5679128009758857,0.0,0.0,0.0,0.38232124556840935,0.0,0.0,Verkehrspolitik
richtig+e verkehr+s+politik,3.4653976366693957,-0.002906129558607254,0.0,0.0,0.0,0.0,0.0,-0.5679128009758857,0.0,0.0,0.0,0.38232124556840935,0.0,0.0,richtig+e verkehr+s+politik
entschärfen,3.2501918459582297,-0.009463287234317143,0.0,0.0,0.0,0.0,0.0,-0.503799440985757,0.0,0.0,0.0,0.43117964151078164,0.0,0.0,entschärfen
verkehr+s+politik entschärf+en,3.2501918459582297,-0.009463287234317143,0.0,0.0,0.0,0.0,0.0,-0.503799440985757,0.0,0.0,0.0,0.43117964151078164,0.0,0.0,verkehr+s+politik entschärf+en
Die,7.548514995268564,-0.0831564663110344,0.0,0.0,0.0,0.0,0.0,1.0122804902694202,0.0,0.0,0.0,-0.4231189886584876,0.0,0.0,Die
Herausforderung,3.6774310498498672,0.006438227504924264,0.0,0.0,0.0,0.0,0.0,-0.6272998409873003,0.0,0.0,0.0,0.29255053966859773,0.0,0.0,Herausforderung
der herausforderung,3.087629616141481,-0.01472325847300593,0.0,0.0,0.0,0.0,0.0,-0.45248909887010846,0.0,0.0,0.0,0.4673612817857896,0.0,0.0,der herausforderung
sei,2.9731625614666695,-0.01853796044014449,0.0,0.0,0.0,0.0,0.0,-0.4147116386507569,0.0,0.0,0.0,0.49179766898059896,0.0,0.0,sei
herausforderung sei,2.9731625614666695,-0.01853796044014449,0.0,0.0,0.0,0.0,0.0,-0.4147116386507569,0.0,0.0,0.0,0.49179766898059896,0.0,0.0,herausforderung sei
riesengroß,2.948868672294564,-0.019352093816488444,0.0,0.0,0.0,0.0,0.0,-0.4065070127400242,0.0,0.0,0.0,0.4967913377757222,0.0,0.0,riesengroß
sei riesengroß,2.948868672294564,-0.019352093816488444,0.0,0.0,0.0,0.0,0.0,-0.4065070127400242,0.0,0.0,0.0,0.4967913377757222,0.0,0.0,sei riesengroß
riesengroß der,2.8844252965366017,-0.021501743594639952,0.0,0.0,0.0,0.0,0.0,-0.3844110930035435,0.0,0.0,0.0,0.509531383340615,0.0,0.0,riesengroß der
finanzielle,2.8654750104635025,-0.022126503864477894,0.0,0.0,0.0,0.0,0.0,-0.37781955100295594,0.0,0.0,0.0,0.5130925744773993,0.0,0.0,finanzielle
der finanziell+e,2.8654750104635025,-0.022126503864477894,0.0,0.0,0.0,0.0,0.0,-0.37781955100295594,0.0,0.0,0.0,0.5130925744773993,0.0,0.0,der finanziell+e
Spielraum,2.815380449877213,-0.023739656784814784,0.0,0.0,0.0,0.0,0.0,-0.3601828202535555,0.0,0.0,0.0,0.521887308408671,0.0,0.0,Spielraum
finanziell+e spiel+raum,2.815380449877213,-0.023739656784814784,0.0,0.0,0.0,0.0,0.0,-0.3601828202535555,0.0,0.0,0.0,0.521887308408671,0.0,0.0,finanziell+e spiel+raum
immer,2.7632625812923473,-0.025279293404595404,0.0,0.0,0.0,0.0,0.0,-0.3414974931370804,0.0,0.0,0.0,0.5293265525228834,0.0,0.0,immer
spiel+raum immer,2.7632625812923473,-0.025279293404595404,0.0,0.0,0.0,0.0,0.0,-0.3414974931370804,0.0,0.0,0.0,0.5293265525228834,0.0,0.0,spiel+raum immer
kleiner,2.7480313042022457,-0.02566206405642415,0.0,0.0,0.0,0.0,0.0,-0.33597018278698826,0.0,0.0,0.0,0.530785778558049,0.0,0.0,kleiner
immer klein+er,2.7480313042022457,-0.02566206405642415,0.0,0.0,0.0,0.0,0.0,-0.33597018278698826,0.0,0.0,0.0,0.530785778558049,0.0,0.0,immer klein+er
Erwartungen,2.724188207513898,-0.02604630961147102,0.0,0.0,0.0,0.0,0.0,-0.327255895093738,0.0,0.0,0.0,0.5309462247863207,0.0,0.0,Erwartungen
klein+er erwartung+en,2.724188207513898,-0.02604630961147102,0.0,0.0,0.0,0.0,0.0,-0.327255895093738,0.0,0.0,0.0,0.5309462247863207,0.0,0.0,klein+er erwartung+en
blieben,2.716893981537587,-0.025650647166386004,0.0,0.0,0.0,0.0,0.0,-0.3245747261304628,0.0,0.0,0.0,0.5260294422336442,0.0,0.0,blieben
erwartung+en bleib+en,2.716893981537587,-0.025650647166386004,0.0,0.0,0.0,0.0,0.0,-0.3245747261304628,0.0,0.0,0.0,0.5260294422336442,0.0,0.0,erwartung+en bleib+en
hoch,2.724820255832779,-0.02472170604301144,0.0,0.0,0.0,0.0,0.0,-0.32748788163806697,0.0,0.0,0.0,0.5182002925713176,0.0,0.0,hoch
bleib+en hoch,2.724820255832779,-0.02472170604301144,0.0,0.0,0.0,0.0,0.0,-0.32748788163806697,0.0,0.0,0.0,0.5182002925713176,0.0,0.0,bleib+en hoch
beschrieb,2.7583019074555204,-0.022423021439162315,0.0,0.0,0.0,0.0,0.0,-0.3397006563233061,0.0,0.0,0.0,0.5005924184727613,0.0,0.0,beschrieb
beschreib mobilität+s+referent,3.0779115559422188,-0.007057199179004244,0.0,0.0,0.0,0.0,0.0,-0.4493367176027391,0.0,0.0,0.0,0.382833681740391,0.0,0.0,beschreib mobilität+s+referent
Ausgangslage,2.610695162580846,-0.02829023633839839,0.0,0.0,0.0,0.0,0.0,-0.28470194854794373,0.0,0.0,0.0,0.5347828976089112,0.0,0.0,Ausgangslage
mobilität+s+referent ausgang+s+lage,2.610695162580846,-0.02829023633839839,0.0,0.0,0.0,0.0,0.0,-0.28470194854794373,0.0,0.0,0.0,0.5347828976089112,0.0,0.0,mobilität+s+referent ausgang+s+lage
zweite,2.4947971757014336,-0.03392157733088355,0.0,0.0,0.0,0.0,0.0,-0.23929285045572465,0.0,0.0,0.0,0.5682484891725932,0.0,0.0,zweite
ausgang+s+lage zweit+e,2.4947971757014336,-0.03392157733088355,0.0,0.0,0.0,0.0,0.0,-0.23929285045572465,0.0,0.0,0.0,0.5682484891725932,0.0,0.0,ausgang+s+lage zweit+e
Amtszeit,2.4695597783278473,-0.03512598444019656,0.0,0.0,0.0,0.0,0.0,-0.22912532421853887,0.0,0.0,0.0,0.5749163444012177,0.0,0.0,Amtszeit
zweit+e amt+s+zeit,2.4695597783278473,-0.03512598444019656,0.0,0.0,0.0,0.0,0.0,-0.22912532421853887,0.0,0.0,0.0,0.5749163444012177,0.0,0.0,zweit+e amt+s+zeit
Und,2.9424875445583276,-0.009813084819390557,0.0,0.0,0.0,0.0,0.0,-0.4043407440586683,0.0,0.0,0.0,0.39480437424671483,0.0,0.0,Und
er…,2.426126297793013,-0.037175451438008156,0.0,0.0,0.0,0.0,0.0,-0.21138128612350243,0.0,0.0,0.0,0.5858380822706768,0.0,0.0,er…
und er…,2.426126297793013,-0.037175451438008156,0.0,0.0,0.0,0.0,0.0,-0.21138128612350243,0.0,0.0,0.0,0.5858380822706768,0.0,0.0,und er…
+3489,2.4123205184028396,-0.037820620218187044,0.0,0.0,0.0,0.0,0.0,-0.2056745718071638,0.0,0.0,0.0,0.5891632895781245,0.0,0.0,+3489
er… +3489,2.4123205184028396,-0.037820620218187044,0.0,0.0,0.0,0.0,0.0,-0.2056745718071638,0.0,0.0,0.0,0.5891632895781245,0.0,0.0,er… +3489
+3489 chars,2.396686148280347,-0.03854761876795791,0.0,0.0,0.0,0.0,0.0,-0.1991724285212798,0.0,0.0,0.0,0.5928444738044262,0.0,0.0,+3489 chars
Nach,1.5328201820048086,-0.030559110657664933,0.0,0.0,0.0,0.0,0.0,0.24780528823475564,0.0,0.0,0.0,0.2111559793888451,0.0,0.0,Nach
Vorstoß,1.544603079153685,-0.029404536316536837,0.0,0.0,0.0,0.0,0.0,0.24014761249243793,0.0,0.0,0.0,0.20349830364652743,0.0,0.0,Vorstoß
nach vorstoß,1.544603079153685,-0.029404536316536837,0.0,0.0,0.0,0.0,0.0,0.24014761249243793,0.0,0.0,0.0,0.20349830364652743,0.0,0.0,nach vorstoß
Verkehrsminister,6.003098295920802,0.07629398135519658,0.0,0.0,0.0,0.0,0.0,-1.1173611354625554,0.0,0.0,0.0,-1.1540104443084662,0.0,0.0,Verkehrsminister
vorstoß verkehr+s+minister,1.5787930392669318,-0.026159057415880566,0.0,0.0,0.0,0.0,0.0,0.2182539272182601,0.0,0.0,0.0,0.18160461837234937,0.0,0.0,vorstoß verkehr+s+minister
Zoff,1.662002061216127,-0.018857007282733828,0.0,0.0,0.0,0.0,0.0,0.16689164650459434,0.0,0.0,0.0,0.13024233765868393,0.0,0.0,Zoff
verkehr+s+minister zoff,1.662002061216127,-0.018857007282733828,0.0,0.0,0.0,0.0,0.0,0.16689164650459434,0.0,0.0,0.0,0.13024233765868393,0.0,0.0,verkehr+s+minister zoff
Sonntagsfahrverbot,3.0371139497524196,0.04176922280344887,0.0,0.0,0.0,0.0,0.0,-0.43599312271840895,0.0,0.0,0.0,-0.4726424315643196,0.0,0.0,Sonntagsfahrverbot
zoff sonntag+s+fahr+verbot,1.7179132755303026,-0.014374315676443903,0.0,0.0,0.0,0.0,0.0,0.13380424075228545,0.0,0.0,0.0,0.09715493190637486,0.0,0.0,zoff sonntag+s+fahr+verbot
Lkw,7.9518392736949055,0.04922486040673511,0.0,0.0,0.0,0.0,0.0,-0.09346577847525704,0.0,0.0,0.0,-1.4351379827960928,0.0,0.0,Lkw
sonntag+s+fahr+verbot lkw,3.8634833786395486,0.056862011430607,0.0,0.0,0.0,0.0,0.0,-0.6766546230919066,0.0,0.0,0.0,-0.713303931937817,0.0,0.0,sonntag+s+fahr+verbot lkw
Niedrigwasser,14.543998316493559,0.06139160330858068,0.0,0.0,0.0,0.0,0.0,-0.22516765749622653,0.0,0.0,0.0,-2.0389131473890596,0.0,0.0,Niedrigwasser
lkw niedrigwasser,4.430866147167481,-0.002877947344085895,0.0,0.0,0.0,0.0,0.0,0.4979792740541666,0.0,0.0,0.0,-0.8503298092003342,0.0,0.0,lkw niedrigwasser
gefährdet,1.877612501427174,-0.0031295286325324634,0.0,0.0,0.0,0.0,0.0,0.04491355941168426,0.0,0.0,0.0,0.008264250565773758,0.0,0.0,gefährdet
niedrigwasser gefährd+et,1.877612501427174,-0.0031295286325324634,0.0,0.0,0.0,0.0,0.0,0.04491355941168426,0.0,0.0,0.0,0.008264250565773758,0.0,0.0,niedrigwasser gefährd+et
Lieferketten,3.6259992129628627,-0.10244073884819237,0.0,0.0,0.0,0.0,0.0,1.1621723959680572,0.0,0.0,0.0,-0.649864620985406,0.0,0.0,Lieferketten
gefährd+et liefer+kette+n,1.7447427600298018,-0.012331939168939647,0.0,0.0,0.0,0.0,0.0,0.11830745380736099,0.0,0.0,0.0,0.08165814496145071,0.0,0.0,gefährd+et liefer+kette+n
liefer+kette+n streit,1.645232137937021,-0.02026507828588787,0.0,0.0,0.0,0.0,0.0,0.1770330915911541,0.0,0.0,0.0,0.14038378274524346,0.0,0.0,liefer+kette+n streit
Aus,1.959706094451763,0.0018966349556523785,0.0,0.0,0.0,0.0,0.0,0.002120072951120332,0.0,0.0,0.0,-0.03452923589479043,0.0,0.0,Aus
streit aus,1.600121886341924,-0.02420973582837855,0.0,0.0,0.0,0.0,0.0,0.2048347778313562,0.0,0.0,0.0,0.16818546898544554,0.0,0.0,streit aus
aus sonntag+s+fahr+verbot,1.7179132755303026,-0.014374315676443903,0.0,0.0,0.0,0.0,0.0,0.13380424075228545,0.0,0.0,0.0,0.09715493190637486,0.0,0.0,aus sonntag+s+fahr+verbot
entbrennt,1.5242029852442303,-0.031415648649847736,0.0,0.0,0.0,0.0,0.0,0.2534429423267184,0.0,0.0,0.0,0.21679363348080785,0.0,0.0,entbrennt
sonntag+s+fahr+verbot entbrenn+t,1.5242029852442303,-0.031415648649847736,0.0,0.0,0.0,0.0,0.0,0.2534429423267184,0.0,0.0,0.0,0.21679363348080785,0.0,0.0,sonntag+s+fahr+verbot entbrenn+t
TTS-Player,1.503516429547103,-0.03351504117151365,0.0,0.0,0.0,0.0,0.0,0.26710793221875956,0.0,0.0,0.0,0.23045862337284898,0.0,0.0,TTS-Player
überspringenArtikel,1.4862794004075663,-0.035312489579334846,0.0,0.0,0.0,0.0,0.0,0.27863863270905076,0.0,0.0,0.0,0.24198932386314015,0.0,0.0,überspringenArtikel
tts-player überspringenartikel,1.4862794004075663,-0.035312489579334846,0.0,0.0,0.0,0.0,0.0,0.27863863270905076,0.0,0.0,0.0,0.24198932386314015,0.0,0.0,tts-player überspringenartikel
weiterlesenBerlin,1.4611446656992353,-0.03801557948410408,0.0,0.0,0.0,0.0,0.0,0.2956944369981171,0.0,0.0,0.0,0.25904512815220654,0.0,0.0,weiterlesenBerlin
überspringenartikel weiterlesenberlin,1.4611446656992353,-0.03801557948410408,0.0,0.0,0.0,0.0,0.0,0.2956944369981171,0.0,0.0,0.0,0.25904512815220654,0.0,0.0,überspringenartikel weiterlesenberlin
weiterlesenberlin der,1.4432984151611876,-0.039996626135797395,0.0,0.0,0.0,0.0,0.0,0.3079835228146536,0.0,0.0,0.0,0.2713342139687431,0.0,0.0,weiterlesenberlin der
Lage,1.439794064332157,-0.04039186915323061,0.0,0.0,0.0,0.0,0.0,0.31041449065889276,0.0,0.0,0.0,0.2737651818129821,0.0,0.0,Lage
der lage,1.439794064332157,-0.04039186915323061,0.0,0.0,0.0,0.0,0.0,0.31041449065889276,0.0,0.0,0.0,0.2737651818129821,0.0,0.0,der lage
Deutschlands,1.4324175266970811,-0.041230679271490586,0.0,0.0,0.0,0.0,0.0,0.31555098817628563,0.0,0.0,0.0,0.2789016793303751,0.0,0.0,Deutschlands
lage deutschland+s,1.4324175266970811,-0.041230679271490586,0.0,0.0,0.0,0.0,0.0,0.31555098817628563,0.0,0.0,0.0,0.2789016793303751,0.0,0.0,lage deutschland+s
Flüssen,4.556954028571231,-0.05423300501408866,0.0,0.0,0.0,0.0,0.0,0.927935199274319,0.0,0.0,0.0,-0.8783891498468676,0.0,0.0,Flüssen
deutschland+s fluss+en,1.4228400332083735,-0.042333814985490374,0.0,0.0,0.0,0.0,0.0,0.32225968552398265,0.0,0.0,0.0,0.28561037667807215,0.0,0.0,deutschland+s fluss+en
spitzt,1.417486781605941,-0.04295743539381741,0.0,0.0,0.0,0.0,0.0,0.3260291517087543,0.0,0.0,0.0,0.28937984286284385,0.0,0.0,spitzt
fluss+en spitz+t,1.417486781605941,-0.04295743539381741,0.0,0.0,0.0,0.0,0.0,0.3260291517087543,0.0,0.0,0.0,0.28937984286284385,0.0,0.0,fluss+en spitz+t
anhaltende,1.405581729180429,-0.04436275303557993,0.0,0.0,0.0,0.0,0.0,0.33446332392410016,0.0,0.0,0.0,0.29781401507818955,0.0,0.0,anhaltende
der an+halt+end+e,1.405581729180429,-0.04436275303557993,0.0,0.0,0.0,0.0,0.0,0.33446332392410016,0.0,0.0,0.0,0.29781401507818955,0.0,0.0,der an+halt+end+e
Hitze,1.3997887952952563,-0.04505594572764782,0.0,0.0,0.0,0.0,0.0,0.33859321840209006,0.0,0.0,0.0,0.3019439095561796,0.0,0.0,Hitze
an+halt+end+e hitze,1.3997887952952563,-0.04505594572764782,0.0,0.0,0.0,0.0,0.0,0.33859321840209006,0.0,0.0,0.0,0.3019439095561796,0.0,0.0,an+halt+end+e hitze
sorgt,1.3968213963753433,-0.04541344463881543,0.0,0.0,0.0,0.0,0.0,0.34071535901531275,0.0,0.0,0.0,0.3040660501694022,0.0,0.0,sorgt
hitze sorg+t,1.3968213963753433,-0.04541344463881543,0.0,0.0,0.0,0.0,0.0,0.34071535901531275,0.0,0.0,0.0,0.3040660501694022,0.0,0.0,hitze sorg+t
sinkende,1.392146475888803,-0.04598001160993738,0.0,0.0,0.0,0.0,0.0,0.34406779983145036,0.0,0.0,0.0,0.30741849098553986,0.0,0.0,sinkende
sorg+t sink+end+e,1.392146475888803,-0.04598001160993738,0.0,0.0,0.0,0.0,0.0,0.34406779983145036,0.0,0.0,0.0,0.30741849098553986,0.0,0.0,sorg+t sink+end+e
Pegelstände,1.3882019459582877,-0.04646128078537045,0.0,0.0,0.0,0.0,0.0,0.3469052374317079,0.0,0.0,0.0,0.31025592858579737,0.0,0.0,Pegelstände
sink+end+e pegel+stand+e,1.3882019459582877,-0.04646128078537045,0.0,0.0,0.0,0.0,0.0,0.3469052374317079,0.0,0.0,0.0,0.31025592858579737,0.0,0.0,sink+end+e pegel+stand+e
Folge,1.3828951888919458,-0.04711345524204056,0.0,0.0,0.0,0.0,0.0,0.35073531865614416,0.0,0.0,0.0,0.3140860098102337,0.0,0.0,Folge
Schiffe,1.3802103875166214,-0.04744547797379454,0.0,0.0,0.0,0.0,0.0,0.35267864086806167,0.0,0.0,0.0,0.3160293320221513,0.0,0.0,Schiffe
folge schiff+e,1.3802103875166214,-0.04744547797379454,0.0,0.0,0.0,0.0,0.0,0.35267864086806167,0.0,0.0,0.0,0.3160293320221513,0.0,0.0,folge schiff+e
schiff+e mehr,1.3727885574149137,-0.04837065590456388,0.0,0.0,0.0,0.0,0.0,0.35807046863891057,0.0,0.0,0.0,0.3214211597930002,0.0,0.0,schiff+e mehr
voll,1.3711472455281533,-0.04857672469826288,0.0,0.0,0.0,0.0,0.0,0.3592667882326498,0.0,0.0,0.0,0.32261747938673924,0.0,0.0,voll
mehr voll,1.3711472455281533,-0.04857672469826288,0.0,0.0,0.0,0.0,0.0,0.3592667882326498,0.0,0.0,0.0,0.32261747938673924,0.0,0.0,mehr voll
beladen,1.3695498390574783,-0.048777796316019875,0.0,0.0,0.0,0.0,0.0,0.36043248192462657,0.0,0.0,0.0,0.32378317307871607,0.0,0.0,beladen
voll belad+en,1.3695498390574783,-0.048777796316019875,0.0,0.0,0.0,0.0,0.0,0.36043248192462657,0.0,0.0,0.0,0.32378317307871607,0.0,0.0,voll belad+en
+1753,1.365883916454431,-0.049241171966412776,0.0,0.0,0.0,0.0,0.0,0.3631128062354369,0.0,0.0,0.0,0.3264634973895264,0.0,0.0,+1753
belad+en +1753,1.365883916454431,-0.049241171966412776,0.0,0.0,0.0,0.0,0.0,0.3631128062354369,0.0,0.0,0.0,0.3264634973895264,0.0,0.0,belad+en +1753
+1753 chars,1.3641340894130183,-0.0494633057834618,0.0,0.0,0.0,0.0,0.0,0.36439472252849975,0.0,0.0,0.0,0.3277454136825893,0.0,0.0,+1753 chars
Deutschlandticket,6.824752368874063,0.08046884920473237,0.0,0.0,0.0,0.0,0.0,-1.2456414743246016,0.0,0.0,0.0,-1.2822907831705124,0.0,0.0,Deutschlandticket
teurer,2.2512358889232194,0.016636707080489713,0.0,0.0,0.0,0.0,0.0,-0.1365647662416614,0.0,0.0,0.0,-0.17321407508757192,0.0,0.0,teurer
deutsch+land+ticket teuer+er,1.8137827562726736,-0.007371510661738353,0.0,0.0,0.0,0.0,0.0,0.0794999981149928,0.0,0.0,0.0,0.042850689269082504,0.0,0.0,deutsch+land+ticket teuer+er
Flüge,1.726413993032474,-0.01371987998819263,0.0,0.0,0.0,0.0,0.0,0.12886816232579015,0.0,0.0,0.0,0.09221885347987965,0.0,0.0,Flüge
teuer+er flug+e,1.726413993032474,-0.01371987998819263,0.0,0.0,0.0,0.0,0.0,0.12886816232579015,0.0,0.0,0.0,0.09221885347987965,0.0,0.0,teuer+er flug+e
billiger,1.6807995342880009,-0.01731437125159676,0.0,0.0,0.0,0.0,0.0,0.15564498966829068,0.0,0.0,0.0,0.11899568082238017,0.0,0.0,billiger
flug+e billig+er,1.6807995342880009,-0.01731437125159676,0.0,0.0,0.0,0.0,0.0,0.15564498966829068,0.0,0.0,0.0,0.11899568082238017,0.0,0.0,flug+e billig+er
Ökologisch,1.6254480272825766,-0.02196623226414733,0.0,0.0,0.0,0.0,0.0,0.18913109626142163,0.0,0.0,0.0,0.15248178741551138,0.0,0.0,Ökologisch
billig+er ökologisch,1.6254480272825766,-0.02196623226414733,0.0,0.0,0.0,0.0,0.0,0.18913109626142163,0.0,0.0,0.0,0.15248178741551138,0.0,0.0,billig+er ökologisch
sozial,1.5787930392669318,-0.026159057415880566,0.0,0.0,0.0,0.0,0.0,0.2182539272182601,0.0,0.0,0.0,0.18160461837234937,0.0,0.0,sozial
ökologisch sozial,1.5787930392669318,-0.026159057415880566,0.0,0.0,0.0,0.0,0.0,0.2182539272182601,0.0,0.0,0.0,0.18160461837234937,0.0,0.0,ökologisch sozial
wirtschaftlich,1.547110511955247,-0.029161279242559256,0.0,0.0,0.0,0.0,0.0,0.23852557780039765,0.0,0.0,0.0,0.20187626895448688,0.0,0.0,wirtschaftlich
sozial wirtschaftlich,1.547110511955247,-0.029161279242559256,0.0,0.0,0.0,0.0,0.0,0.23852557780039765,0.0,0.0,0.0,0.20187626895448688,0.0,0.0,sozial wirtschaftlich
Unsinn,1.5143013480460028,-0.032412818306827455,0.0,0.0,0.0,0.0,0.0,0.2599604069485877,0.0,0.0,0.0,0.2233110981026769,0.0,0.0,Unsinn
wirtschaftlich unsinn,1.5143013480460028,-0.032412818306827455,0.0,0.0,0.0,0.0,0.0,0.2599604069485877,0.0,0.0,0.0,0.2233110981026769,0.0,0.0,wirtschaftlich unsinn
Unser,2.3701239950377446,0.02155833702349474,0.0,0.0,0.0,0.0,0.0,-0.18802768922047305,0.0,0.0,0.0,-0.22467699806638367,0.0,0.0,Unser
unsinn unser,1.5018224750490945,-0.03368971397639572,0.0,0.0,0.0,0.0,0.0,0.2682352291600846,0.0,0.0,0.0,0.2315859203141741,0.0,0.0,unsinn unser
Leser,1.4922102207825927,-0.03468898172885059,0.0,0.0,0.0,0.0,0.0,0.27465619263518715,0.0,0.0,0.0,0.2380068837892766,0.0,0.0,Leser
unser leser,1.4922102207825927,-0.03468898172885059,0.0,0.0,0.0,0.0,0.0,0.27465619263518715,0.0,0.0,0.0,0.2380068837892766,0.0,0.0,unser leser
kritisiert,2.3206897419736463,-0.10363050046025114,0.0,0.0,0.0,0.0,0.0,1.068293810015586,0.0,0.0,0.0,-0.20359916977399933,0.0,0.0,kritisiert
leser kritisier+t,1.4834432658678325,-0.03561255338245737,0.0,0.0,0.0,0.0,0.0,0.2805486665544198,0.0,0.0,0.0,0.24389935770850926,0.0,0.0,leser kritisier+t
Verkehrsplanungen,1.4645064294247705,-0.03764823808258019,0.0,0.0,0.0,0.0,0.0,0.29339630567910346,0.0,0.0,0.0,0.256746996833193,0.0,0.0,Verkehrsplanungen
kritisier+t verkehr+s+planung+en,1.4645064294247705,-0.03764823808258019,0.0,0.0,0.0,0.0,0.0,0.29339630567910346,0.0,0.0,0.0,0.256746996833193,0.0,0.0,kritisier+t verkehr+s+planung+en
schwarz-roten,1.4645064294247705,-0.03764823808258019,0.0,0.0,0.0,0.0,0.0,0.29339630567910346,0.0,0.0,0.0,0.256746996833193,0.0,0.0,schwarz-roten
verkehr+s+planung+en schwarz+-+rot+en,1.4645064294247705,-0.03764823808258019,0.0,0.0,0.0,0.0,0.0,0.29339630567910346,0.0,0.0,0.0,0.256746996833193,0.0,0.0,verkehr+s+planung+en schwarz+-+rot+en
Bundesregierung,2.3363413990396977,0.020213182893011446,0.0,0.0,0.0,0.0,0.0,-0.1736716179974316,0.0,0.0,0.0,-0.2103209268433421,0.0,0.0,Bundesregierung
schwarz+-+rot+en bund+es+regierung,1.4820557085128874,-0.03575980863323709,0.0,0.0,0.0,0.0,0.0,0.2814844668822514,0.0,0.0,0.0,0.2448351580363408,0.0,0.0,schwarz+-+rot+en bund+es+regierung
Argument,1.5242029852442303,-0.031415648649847736,0.0,0.0,0.0,0.0,0.0,0.2534429423267184,0.0,0.0,0.0,0.21679363348080785,0.0,0.0,Argument
als argument,1.5242029852442303,-0.031415648649847736,0.0,0.0,0.0,0.0,0.0,0.2534429423267184,0.0,0.0,0.0,0.21679363348080785,0.0,0.0,als argument
bringt,1.544603079153685,-0.029404536316536837,0.0,0.0,0.0,0.0,0.0,0.24014761249243793,0.0,0.0,0.0,0.20349830364652743,0.0,0.0,bringt
argument bring+t,1.544603079153685,-0.029404536316536837,0.0,0.0,0.0,0.0,0.0,0.24014761249243793,0.0,0.0,0.0,0.20349830364652743,0.0,0.0,argument bring+t
lokalen,1.575554905995243,-0.026459955242022843,0.0,0.0,0.0,0.0,0.0,0.2203070516454706,0.0,0.0,0.0,0.18365774279955988,0.0,0.0,lokalen
bring+t lokal+en,1.575554905995243,-0.026459955242022843,0.0,0.0,0.0,0.0,0.0,0.2203070516454706,0.0,0.0,0.0,0.18365774279955988,0.0,0.0,bring+t lokal+en
Tourismus,1.6040338918170804,-0.02385823392779975,0.0,0.0,0.0,0.0,0.0,0.20239294435645663,0.0,0.0,0.0,0.1657436355105462,0.0,0.0,Tourismus
lokal+en tourismus,1.6040338918170804,-0.02385823392779975,0.0,0.0,0.0,0.0,0.0,0.20239294435645663,0.0,0.0,0.0,0.1657436355105462,0.0,0.0,lokal+en tourismus
Spiel,1.6807995342880009,-0.01731437125159676,0.0,0.0,0.0,0.0,0.0,0.15564498966829068,0.0,0.0,0.0,0.11899568082238017,0.0,0.0,Spiel
tourismus spiel,1.6807995342880009,-0.01731437125159676,0.0,0.0,0.0,0.0,0.0,0.15564498966829068,0.0,0.0,0.0,0.11899568082238017,0.0,0.0,tourismus spiel
sehen,1.8280406897961037,-0.0063966732922495695,0.0,0.0,0.0,0.0,0.0,0.07166985116685758,0.0,0.0,0.0,0.035020542320947104,0.0,0.0,sehen
und seh+en,1.8280406897961037,-0.0063966732922495695,0.0,0.0,0.0,0.0,0.0,0.07166985116685758,0.0,0.0,0.0,0.035020542320947104,0.0,0.0,und seh+en
Sie,9.299126707470176,0.08853550151711667,0.0,0.0,0.0,0.0,0.0,-1.5550059101882157,0.0,0.0,0.0,-1.5916552190341262,0.0,0.0,Sie
seh+en sie,1.9411386536767352,0.0007992067080653141,0.0,0.0,0.0,0.0,0.0,0.011639847358083483,0.0,0.0,0.0,-0.025009461487827112,0.0,0.0,seh+en sie
der deutsch+land+ticket,5.596236589706139,0.07376440718172887,0.0,0.0,0.0,0.0,0.0,-1.0471797511308454,0.0,0.0,0.0,-1.0838290599767557,0.0,0.0,der deutsch+land+ticket
2027,1.7546509143210893,-0.011594505121482536,0.0,0.0,0.0,0.0,0.0,0.11264465522531,0.0,0.0,0.0,0.07599534637939934,0.0,0.0,2027
deutsch+land+ticket 2027,1.7546509143210893,-0.011594505121482536,0.0,0.0,0.0,0.0,0.0,0.11264465522531,0.0,0.0,0.0,0.07599534637939934,0.0,0.0,deutsch+land+ticket 2027
deutlich,1.7098089172185293,-0.015004701430929331,0.0,0.0,0.0,0.0,0.0,0.13853296318526676,0.0,0.0,0.0,0.10188365433935605,0.0,0.0,deutlich
2027 deutlich,1.7098089172185293,-0.015004701430929331,0.0,0.0,0.0,0.0,0.0,0.13853296318526676,0.0,0.0,0.0,0.10188365433935605,0.0,0.0,2027 deutlich
deutlich teuer+er,1.6506196684865317,-0.01980938292724946,0.0,0.0,0.0,0.0,0.0,0.17376380907208144,0.0,0.0,0.0,0.13711450022617086,0.0,0.0,deutlich teuer+er
berichtet,1.5855247248405213,-0.025537747311000572,0.0,0.0,0.0,0.0,0.0,0.21399917391553522,0.0,0.0,0.0,0.17734986506962483,0.0,0.0,berichtet
teuer+er bericht+et,1.5855247248405213,-0.025537747311000572,0.0,0.0,0.0,0.0,0.0,0.21399917391553522,0.0,0.0,0.0,0.17734986506962483,0.0,0.0,teuer+er bericht+et
Tagesspiegel,1.544603079153685,-0.029404536316536837,0.0,0.0,0.0,0.0,0.0,0.24014761249243793,0.0,0.0,0.0,0.20349830364652743,0.0,0.0,Tagesspiegel
bericht+et tagesspiegel,1.544603079153685,-0.029404536316536837,0.0,0.0,0.0,0.0,0.0,0.24014761249243793,0.0,0.0,0.0,0.20349830364652743,0.0,0.0,bericht+et tagesspiegel
Vorher,1.5143013480460028,-0.032412818306827455,0.0,0.0,0.0,0.0,0.0,0.2599604069485877,0.0,0.0,0.0,0.2233110981026769,0.0,0.0,Vorher
vorher bund+es+regierung,1.4892002799935171,-0.03500474792596749,0.0,0.0,0.0,0.0,0.0,0.27667533210685685,0.0,0.0,0.0,0.24002602326094635,0.0,0.0,vorher bund+es+regierung
Steuersenkung,1.455808713630387,-0.03860240470476066,0.0,0.0,0.0,0.0,0.0,0.29935301999678343,0.0,0.0,0.0,0.2627037111508729,0.0,0.0,Steuersenkung
bund+es+regierung steuer+senkung,1.455808713630387,-0.03860240470476066,0.0,0.0,0.0,0.0,0.0,0.29935301999678343,0.0,0.0,0.0,0.2627037111508729,0.0,0.0,bund+es+regierung steuer+senkung
Preissenkung,1.4380961029873216,-0.0405841252976694,0.0,0.0,0.0,0.0,0.0,0.3115944950670792,0.0,0.0,0.0,0.27494518622116865,0.0,0.0,Preissenkung
steuer+senkung preis+senkung,1.4380961029873216,-0.0405841252976694,0.0,0.0,0.0,0.0,0.0,0.3115944950670792,0.0,0.0,0.0,0.27494518622116865,0.0,0.0,steuer+senkung preis+senkung
Flugtickets,1.424948262654649,-0.042089611408812545,0.0,0.0,0.0,0.0,0.0,0.3207790769868405,0.0,0.0,0.0,0.28412976814093,0.0,0.0,Flugtickets
preis+senkung flug+ticket+s,1.424948262654649,-0.042089611408812545,0.0,0.0,0.0,0.0,0.0,0.3207790769868405,0.0,0.0,0.0,0.28412976814093,0.0,0.0,preis+senkung flug+ticket+s
ermöglicht,1.416843525893487,-0.04303271412183568,0.0,0.0,0.0,0.0,0.0,0.3264830548560312,0.0,0.0,0.0,0.28983374601012063,0.0,0.0,ermöglicht
flug+ticket+s ermöglich+t,1.416843525893487,-0.04303271412183568,0.0,0.0,0.0,0.0,0.0,0.3264830548560312,0.0,0.0,0.0,0.28983374601012063,0.0,0.0,flug+ticket+s ermöglich+t
Unsere,1.4089533114152297,-0.04396214693222876,0.0,0.0,0.0,0.0,0.0,0.33206748674394726,0.0,0.0,0.0,0.2954181778980367,0.0,0.0,Unsere
Leser…,1.405034955009762,-0.044427916236865865,0.0,0.0,0.0,0.0,0.0,0.33485240165258595,0.0,0.0,0.0,0.2982030928066754,0.0,0.0,Leser…
unser+e leser…,1.405034955009762,-0.044427916236865865,0.0,0.0,0.0,0.0,0.0,0.33485240165258595,0.0,0.0,0.0,0.2982030928066754,0.0,0.0,unser+e leser…
+1423,1.4008069914514876,-0.04493365637727683,0.0,0.0,0.0,0.0,0.0,0.3378660901203788,0.0,0.0,0.0,0.30121678127446816,0.0,0.0,+1423
leser… +1423,1.4008069914514876,-0.04493365637727683,0.0,0.0,0.0,0.0,0.0,0.3378660901203788,0.0,0.0,0.0,0.30121678127446816,0.0,0.0,leser… +1423
+1423 char+s,1.397796345869531,-0.04529580556233316,0.0,0.0,0.0,0.0,0.0,0.3400176252830724,0.0,0.0,0.0,0.3033683164371618,0.0,0.0,+1423 char+s
Versorgung,2.068569402928837,0.00791317298310496,0.0,0.0,0.0,0.0,0.0,-0.05194267551534416,0.0,0.0,0.0,-0.0885919843612547,0.0,0.0,Versorgung
herausforderung versorgung,2.068569402928837,0.00791317298310496,0.0,0.0,0.0,0.0,0.0,-0.05194267551534416,0.0,0.0,0.0,-0.0885919843612547,0.0,0.0,herausforderung versorgung
versorgung niedrigwasser,2.7776791326141086,0.0351065584618626,0.0,0.0,0.0,0.0,0.0,-0.34670115150316094,0.0,0.0,0.0,-0.3833504603490715,0.0,0.0,versorgung niedrigwasser
Bilger,5.539808792528855,0.07338368651333997,0.0,0.0,0.0,0.0,0.0,-1.0370454030402856,0.0,0.0,0.0,-1.0736947118861961,0.0,0.0,Bilger
niedrigwasser bilger,2.041571909131143,0.006484215567364166,0.0,0.0,0.0,0.0,0.0,-0.03880547169215919,0.0,0.0,0.0,-0.07545478053806966,0.0,0.0,niedrigwasser bilger
Logistik,2.1552178064240177,0.01224507534349038,0.0,0.0,0.0,0.0,0.0,-0.09297720557549705,0.0,0.0,0.0,-0.12962651442140763,0.0,0.0,Logistik
bilger logistik,1.9062517557960095,-0.0013240202734509908,0.0,0.0,0.0,0.0,0.0,0.029775700692847382,0.0,0.0,0.0,-0.006873608153063207,0.0,0.0,bilger logistik
Leben,1.8346345185940658,-0.005951283177420091,0.0,0.0,0.0,0.0,0.0,0.06806929389855498,0.0,0.0,0.0,0.03141998505264441,0.0,0.0,Leben
logistik leben,1.8346345185940658,-0.005951283177420091,0.0,0.0,0.0,0.0,0.0,0.06806929389855498,0.0,0.0,0.0,0.03141998505264441,0.0,0.0,logistik leben
halten,1.8099806443504574,-0.007634223414348222,0.0,0.0,0.0,0.0,0.0,0.08159843164779748,0.0,0.0,0.0,0.04494912280188693,0.0,0.0,halten
leben halt+en,1.8099806443504574,-0.007634223414348222,0.0,0.0,0.0,0.0,0.0,0.08159843164779748,0.0,0.0,0.0,0.04494912280188693,0.0,0.0,leben halt+en
halt+en der,1.7870748237457739,-0.009242092893125848,0.0,0.0,0.0,0.0,0.0,0.0943344766882003,0.0,0.0,0.0,0.05768516784228987,0.0,0.0,halt+en der
Pegel,2.0922388867574773,0.009134023936889654,0.0,0.0,0.0,0.0,0.0,-0.06332014715474957,0.0,0.0,0.0,-0.09996945600065996,0.0,0.0,Pegel
der pegel,2.0922388867574773,0.009134023936889654,0.0,0.0,0.0,0.0,0.0,-0.06332014715474957,0.0,0.0,0.0,-0.09996945600065996,0.0,0.0,der pegel
vieler,3.9176857853788767,-0.08662569134141279,0.0,0.0,0.0,0.0,0.0,1.0939410527370519,0.0,0.0,0.0,-0.7272358443046261,0.0,0.0,vieler
pegel viel+er,2.0753274301003786,0.008264739271630238,0.0,0.0,0.0,0.0,0.0,-0.05520435573333607,0.0,0.0,0.0,-0.09185366457924665,0.0,0.0,pegel viel+er
Flüsse,1.7486935780597075,-0.012036824688250628,0.0,0.0,0.0,0.0,0.0,0.11604560081683271,0.0,0.0,0.0,0.07939629197092211,0.0,0.0,Flüsse
viel+er fluss+e,1.7486935780597075,-0.012036824688250628,0.0,0.0,0.0,0.0,0.0,0.11604560081683271,0.0,0.0,0.0,0.07939629197092211,0.0,0.0,viel+er fluss+e
Deutschland,3.480477381977986,0.05078529836724959,0.0,0.0,0.0,0.0,0.0,-0.5722548799682236,0.0,0.0,0.0,-0.6089041888141341,0.0,0.0,Deutschland
fluss+e deutschland,1.7337620551624664,-0.013159694050141474,0.0,0.0,0.0,0.0,0.0,0.12462093728662017,0.0,0.0,0.0,0.08797162844070983,0.0,0.0,fluss+e deutschland
Tiefstand,1.7112211048413462,-0.014894398206866218,0.0,0.0,0.0,0.0,0.0,0.1377073710718253,0.0,0.0,0.0,0.10105806222591494,0.0,0.0,Tiefstand
deutschland tief+stand,1.7112211048413462,-0.014894398206866218,0.0,0.0,0.0,0.0,0.0,0.1377073710718253,0.0,0.0,0.0,0.10105806222591494,0.0,0.0,deutschland tief+stand
verkehr+s+minister bilger,1.7076822626801775,-0.015171177539289454,0.0,0.0,0.0,0.0,0.0,0.1397775339542381,0.0,0.0,0.0,0.1031282251083276,0.0,0.0,verkehr+s+minister bilger
kündigt,1.7096007414175294,-0.015020978078771027,0.0,0.0,0.0,0.0,0.0,0.13865472443766946,0.0,0.0,0.0,0.10200541559175924,0.0,0.0,kündigt
bilger kündig+t,1.7096007414175294,-0.015020978078771027,0.0,0.0,0.0,0.0,0.0,0.13865472443766946,0.0,0.0,0.0,0.10200541559175924,0.0,0.0,bilger kündig+t
sofortige,1.7132394084085378,-0.014737089158322694,0.0,0.0,0.0,0.0,0.0,0.13652861383804793,0.0,0.0,0.0,0.09987930499213736,0.0,0.0,sofortige
kündig+t sofortig+e,1.7132394084085378,-0.014737089158322694,0.0,0.0,0.0,0.0,0.0,0.13652861383804793,0.0,0.0,0.0,0.09987930499213736,0.0,0.0,kündig+t sofortig+e
Maßnahmen,1.7201552390885453,-0.01420104633052092,0.0,0.0,0.0,0.0,0.0,0.1325000411026878,0.0,0.0,0.0,0.09585073225677726,0.0,0.0,Maßnahmen
sofortig+e maßnahme+n,1.7201552390885453,-0.01420104633052092,0.0,0.0,0.0,0.0,0.0,0.1325000411026878,0.0,0.0,0.0,0.09585073225677726,0.0,0.0,sofortig+e maßnahme+n
Probleme,1.7453395329814438,-0.01228727072762162,0.0,0.0,0.0,0.0,0.0,0.11796547163768371,0.0,0.0,0.0,0.08131616279177319,0.0,0.0,Probleme
maßnahme+n problem+e,1.7453395329814438,-0.01228727072762162,0.0,0.0,0.0,0.0,0.0,0.11796547163768371,0.0,0.0,0.0,0.08131616279177319,0.0,0.0,maßnahme+n problem+e
Frachtschifffahrt,1.771197205881855,-0.010382589814273487,0.0,0.0,0.0,0.0,0.0,0.10325887769664448,0.0,0.0,0.0,0.066609568850734,0.0,0.0,Frachtschifffahrt
problem+e fracht+schiff+fahrt,1.771197205881855,-0.010382589814273487,0.0,0.0,0.0,0.0,0.0,0.10325887769664448,0.0,0.0,0.0,0.066609568850734,0.0,0.0,problem+e fracht+schiff+fahrt
aufzufangen,1.830134466644427,-0.00625487670173554,0.0,0.0,0.0,0.0,0.0,0.07052513994477676,0.0,0.0,0.0,0.03387583109886627,0.0,0.0,aufzufangen
fracht+schiff+fahrt auf+zu+fang+en,1.830134466644427,-0.00625487670173554,0.0,0.0,0.0,0.0,0.0,0.07052513994477676,0.0,0.0,0.0,0.03387583109886627,0.0,0.0,fracht+schiff+fahrt auf+zu+fang+en
Dabei,1.9062517557960095,-0.0013240202734509908,0.0,0.0,0.0,0.0,0.0,0.029775700692847382,0.0,0.0,0.0,-0.006873608153063207,0.0,0.0,Dabei
könnten,1.9613355032682638,0.001991892602808914,0.0,0.0,0.0,0.0,0.0,0.0012889627118204,0.0,0.0,0.0,-0.03536034613409025,0.0,0.0,könnten
dabei könn+ten,1.9613355032682638,0.001991892602808914,0.0,0.0,0.0,0.0,0.0,0.0012889627118204,0.0,0.0,0.0,-0.03536034613409025,0.0,0.0,dabei könn+ten
Sonntags-Fahrverbote,2.1729591258160075,0.013087244514364058,0.0,0.0,0.0,0.0,0.0,-0.10117530793321057,0.0,0.0,0.0,-0.137824616779121,0.0,0.0,Sonntags-Fahrverbote
könn+ten sonntag+s+-+fahr+verbot+e,2.1729591258160075,0.013087244514364058,0.0,0.0,0.0,0.0,0.0,-0.10117530793321057,0.0,0.0,0.0,-0.137824616779121,0.0,0.0,könn+ten sonntag+s+-+fahr+verbot+e
Lastwagen,3.155863838344323,0.044440939741746545,0.0,0.0,0.0,0.0,0.0,-0.47434767516970805,0.0,0.0,0.0,-0.5109969840156184,0.0,0.0,Lastwagen
sonntag+s+-+fahr+verbot+e last+wagen,2.014644409680845,0.005018694446362127,0.0,0.0,0.0,0.0,0.0,-0.025528125063963684,0.0,0.0,0.0,-0.06217743390987412,0.0,0.0,sonntag+s+-+fahr+verbot+e last+wagen
gekippt,1.896072509856212,-0.001959132296065238,0.0,0.0,0.0,0.0,0.0,0.03512993644271345,0.0,0.0,0.0,-0.0015193724031970144,0.0,0.0,gekippt
last+wagen ge+kipp+t,1.896072509856212,-0.001959132296065238,0.0,0.0,0.0,0.0,0.0,0.03512993644271345,0.0,0.0,0.0,-0.0015193724031970144,0.0,0.0,last+wagen ge+kipp+t
Blick,1.791777648934225,-0.00890841278374902,0.0,0.0,0.0,0.0,0.0,0.09170635612093729,0.0,0.0,0.0,0.055057047275026645,0.0,0.0,Blick
Kölner,1.7356561010769371,-0.013016119210594484,0.0,0.0,0.0,0.0,0.0,0.12352908498324275,0.0,0.0,0.0,0.08687977613733211,0.0,0.0,Kölner
blick kölner,1.7356561010769371,-0.013016119210594484,0.0,0.0,0.0,0.0,0.0,0.12352908498324275,0.0,0.0,0.0,0.08687977613733211,0.0,0.0,blick kölner
Dom,1.71402121989274,-0.01467625999710422,0.0,0.0,0.0,0.0,0.0,0.13607238270621808,0.0,0.0,0.0,0.0994230738603073,0.0,0.0,Dom
kölner dom,1.71402121989274,-0.01467625999710422,0.0,0.0,0.0,0.0,0.0,0.13607238270621808,0.0,0.0,0.0,0.0994230738603073,0.0,0.0,kölner dom
gegenüberliegenden,1.683356870537648,-0.017107344101286604,0.0,0.0,0.0,0.0,0.0,0.1541246461203071,0.0,0.0,0.0,0.1174753372743964,0.0,0.0,gegenüberliegenden
dom gegenüberliegend+en,1.683356870537648,-0.017107344101286604,0.0,0.0,0.0,0.0,0.0,0.1541246461203071,0.0,0.0,0.0,0.1174753372743964,0.0,0.0,dom gegenüberliegend+en
Rheinseite,1.6459255180826529,-0.020206250936445045,0.0,0.0,0.0,0.0,0.0,0.17661173216182233,0.0,0.0,0.0,0.1399624233159115,0.0,0.0,Rheinseite
gegenüberliegend+en rheinseite,1.6459255180826529,-0.020206250936445045,0.0,0.0,0.0,0.0,0.0,0.17661173216182233,0.0,0.0,0.0,0.1399624233159115,0.0,0.0,gegenüberliegend+en rheinseite
Bei,1.626994357174127,-0.021831673925754937,0.0,0.0,0.0,0.0,0.0,0.188180223148065,0.0,0.0,0.0,0.15153091430215443,0.0,0.0,Bei
rheinseite bei,1.626994357174127,-0.021831673925754937,0.0,0.0,0.0,0.0,0.0,0.188180223148065,0.0,0.0,0.0,0.15153091430215443,0.0,0.0,rheinseite bei
Pegelstand,1.6132134746573792,-0.023040600743375887,0.0,0.0,0.0,0.0,0.0,0.19668644640646338,0.0,0.0,0.0,0.16003713756055293,0.0,0.0,Pegelstand
bei pegel+stand,1.6132134746573792,-0.023040600743375887,0.0,0.0,0.0,0.0,0.0,0.19668644640646338,0.0,0.0,0.0,0.16003713756055293,0.0,0.0,bei pegel+stand
liegt,1.588686783378726,-0.025247850418657163,0.0,0.0,0.0,0.0,0.0,0.21200683057232603,0.0,0.0,0.0,0.17535752172641553,0.0,0.0,liegt
pegel+stand lieg+t,1.588686783378726,-0.025247850418657163,0.0,0.0,0.0,0.0,0.0,0.21200683057232603,0.0,0.0,0.0,0.17535752172641553,0.0,0.0,pegel+stand lieg+t
Flussbett,1.5786420358246605,-0.02617305969598717,0.0,0.0,0.0,0.0,0.0,0.21834957665446073,0.0,0.0,0.0,0.1817002678085502,0.0,0.0,Flussbett
lieg+t fluss+bett,1.5786420358246605,-0.02617305969598717,0.0,0.0,0.0,0.0,0.0,0.21834957665446073,0.0,0.0,0.0,0.1817002678085502,0.0,0.0,lieg+t fluss+bett
großflächig,1.5694344206139075,-0.027032331815798043,0.0,0.0,0.0,0.0,0.0,0.22419927032891,0.0,0.0,0.0,0.1875499614829994,0.0,0.0,großflächig
fluss+bett großflächig,1.5694344206139075,-0.027032331815798043,0.0,0.0,0.0,0.0,0.0,0.22419927032891,0.0,0.0,0.0,0.1875499614829994,0.0,0.0,fluss+bett großflächig
trocken,1.559326199862614,-0.027988202437461706,0.0,0.0,0.0,0.0,0.0,0.23066077834854806,0.0,0.0,0.0,0.19401146950263745,0.0,0.0,trocken
großflächig trocken,1.559326199862614,-0.027988202437461706,0.0,0.0,0.0,0.0,0.0,0.23066077834854806,0.0,0.0,0.0,0.19401146950263745,0.0,0.0,großflächig trocken
Foto,1.5515772669858436,-0.028730032993769264,0.0,0.0,0.0,0.0,0.0,0.23564257799976665,0.0,0.0,0.0,0.19899326915385596,0.0,0.0,Foto
picture,1.5471877116688673,-0.029153803207853688,0.0,0.0,0.0,0.0,0.0,0.2384756797569272,0.0,0.0,0.0,0.20182637091101685,0.0,0.0,picture
foto picture,1.5471877116688673,-0.029153803207853688,0.0,0.0,0.0,0.0,0.0,0.2384756797569272,0.0,0.0,0.0,0.20182637091101685,0.0,0.0,foto picture
alliance,1.5416089466527938,-0.029696124852818313,0.0,0.0,0.0,0.0,0.0,0.24208794155293872,0.0,0.0,0.0,0.2054386327070284,0.0,0.0,alliance
picture alliance,1.5416089466527938,-0.029696124852818313,0.0,0.0,0.0,0.0,0.0,0.24208794155293872,0.0,0.0,0.0,0.2054386327070284,0.0,0.0,picture alliance
Bonn.digital,1.5344009586360887,-0.03040310684316441,0.0,0.0,0.0,0.0,0.0,0.24677453322965126,0.0,0.0,0.0,0.21012522438374068,0.0,0.0,Bonn.digital
alliance bonn.digital,1.5344009586360887,-0.03040310684316441,0.0,0.0,0.0,0.0,0.0,0.24677453322965126,0.0,0.0,0.0,0.21012522438374068,0.0,0.0,alliance bonn.digital
bonn.digital der,1.5253315117696296,-0.03130288194726063,0.0,0.0,0.0,0.0,0.0,0.25270281193762395,0.0,0.0,0.0,0.2160535030917135,0.0,0.0,bonn.digital der
Flüss…,1.5159624412554855,-0.03224455460988109,0.0,0.0,0.0,0.0,0.0,0.2588640711234842,0.0,0.0,0.0,0.22221476227757375,0.0,0.0,Flüss…
viel+er flüss…,1.5159624412554855,-0.03224455460988109,0.0,0.0,0.0,0.0,0.0,0.2588640711234842,0.0,0.0,0.0,0.22221476227757375,0.0,0.0,viel+er flüss…
+1670,1.5118456280148502,-0.03266230476776428,0.0,0.0,0.0,0.0,0.0,0.26158340846810196,0.0,0.0,0.0,0.22493409962219163,0.0,0.0,+1670
flüss… +1670,1.5118456280148502,-0.03266230476776428,0.0,0.0,0.0,0.0,0.0,0.26158340846810196,0.0,0.0,0.0,0.22493409962219163,0.0,0.0,flüss… +1670
+1670 char+s,1.5088690861044471,-0.03296587625216594,0.0,0.0,0.0,0.0,0.0,0.26355416251506036,0.0,0.0,0.0,0.22690485366914978,0.0,0.0,+1670 char+s
Lkw-Fahrverbote,8.978159840635813,0.0010354765210358336,0.0,0.0,0.0,0.0,0.0,0.5889105186949997,0.0,0.0,0.0,-1.5565296694983783,0.0,0.0,Lkw-Fahrverbote
niedrigwasser lkw+-+fahr+verbot+e,2.93558396928025,0.03930721128916914,0.0,0.0,0.0,0.0,0.0,-0.40199181773614745,0.0,0.0,0.0,-0.4386411265820579,0.0,0.0,niedrigwasser lkw+-+fahr+verbot+e
infrage,3.718640590374611,0.05471535853731496,0.0,0.0,0.0,0.0,0.0,-0.6384435856639353,0.0,0.0,0.0,-0.675092894509846,0.0,0.0,infrage
lkw+-+fahr+verbot+e infrag+e,2.498759289457009,0.0263327702790187,0.0,0.0,0.0,0.0,0.0,-0.24087974132786244,0.0,0.0,0.0,-0.277529050173773,0.0,0.0,lkw+-+fahr+verbot+e infrag+e
gestellt,2.330940671704279,0.019994350919906215,0.0,0.0,0.0,0.0,0.0,-0.1713573247260754,0.0,0.0,0.0,-0.20800663357198587,0.0,0.0,gestellt
infrag+e ge+stell+t,2.330940671704279,0.019994350919906215,0.0,0.0,0.0,0.0,0.0,-0.1713573247260754,0.0,0.0,0.0,-0.20800663357198587,0.0,0.0,infrag+e ge+stell+t
Bundesverkehrsminister,4.588911890350922,0.06552733909889824,0.0,0.0,0.0,0.0,0.0,-0.8487283519040216,0.0,0.0,0.0,-0.8853776607499322,0.0,0.0,Bundesverkehrsminister
ge+stell+t bund+es+verkehr+s+minister,2.2136513590760245,0.014965333418248182,0.0,0.0,0.0,0.0,0.0,-0.11972876768854562,0.0,0.0,0.0,-0.1563780765344562,0.0,0.0,ge+stell+t bund+es+verkehr+s+minister
Steffen,4.376820168747503,0.06329819521992307,0.0,0.0,0.0,0.0,0.0,-0.8014078887210613,0.0,0.0,0.0,-0.8380571975669718,0.0,0.0,Steffen
bund+es+verkehr+s+minister steffen,4.376820168747503,0.06329819521992307,0.0,0.0,0.0,0.0,0.0,-0.8014078887210613,0.0,0.0,0.0,-0.8380571975669718,0.0,0.0,bund+es+verkehr+s+minister steffen
steffen bilger,4.35776050675983,0.0630869893702697,0.0,0.0,0.0,0.0,0.0,-0.7970436970221428,0.0,0.0,0.0,-0.8336930058680533,0.0,0.0,steffen bilger
bilger stell+t,2.300267508991517,0.018731078981453403,0.0,0.0,0.0,0.0,0.0,-0.15811084128968017,0.0,0.0,0.0,-0.19476015013559078,0.0,0.0,bilger stell+t
stell+t sonntag+s+fahr+verbot,2.0596554834923024,0.007445732973406457,0.0,0.0,0.0,0.0,0.0,-0.047624144652671827,0.0,0.0,0.0,-0.08427345349858245,0.0,0.0,stell+t sonntag+s+fahr+verbot
lkw infrag+e,2.498759289457009,0.0263327702790187,0.0,0.0,0.0,0.0,0.0,-0.24087974132786244,0.0,0.0,0.0,-0.277529050173773,0.0,0.0,lkw infrag+e
Grund,2.4221009981063206,0.02355134670647346,0.0,0.0,0.0,0.0,0.0,-0.20972076141377033,0.0,0.0,0.0,-0.2463700702596808,0.0,0.0,Grund
der grund,2.4221009981063206,0.02355134670647346,0.0,0.0,0.0,0.0,0.0,-0.20972076141377033,0.0,0.0,0.0,-0.2463700702596808,0.0,0.0,der grund
grund niedrigwasser,3.065636602518577,0.04243049675491909,0.0,0.0,0.0,0.0,0.0,-0.4453406653406443,0.0,0.0,0.0,-0.4819899741865549,0.0,0.0,grund niedrigwasser
niedrigwasser fluss+en,2.3764274102780814,0.021804896156639046,0.0,0.0,0.0,0.0,0.0,-0.1906836886641153,0.0,0.0,0.0,-0.2273329975100258,0.0,0.0,niedrigwasser fluss+en
Mobilität,2.5943827099787575,0.02956219518316927,0.0,0.0,0.0,0.0,0.0,-0.27843402848725884,0.0,0.0,0.0,-0.31508333733316946,0.0,0.0,Mobilität
lkw mobilität,2.5943827099787575,0.02956219518316927,0.0,0.0,0.0,0.0,0.0,-0.27843402848725884,0.0,0.0,0.0,-0.31508333733316946,0.0,0.0,lkw mobilität
Besuchen,2.1991676276088157,0.014305227109615471,0.0,0.0,0.0,0.0,0.0,-0.11316435454521273,0.0,0.0,0.0,-0.14981366339112318,0.0,0.0,Besuchen
mobilität besuch+en,2.1991676276088157,0.014305227109615471,0.0,0.0,0.0,0.0,0.0,-0.11316435454521273,0.0,0.0,0.0,-0.14981366339112318,0.0,0.0,mobilität besuch+en
besuch+en sie,2.084746549866107,0.008750735127590144,0.0,0.0,0.0,0.0,0.0,-0.05973270590535373,0.0,0.0,0.0,-0.09638201475126427,0.0,0.0,besuch+en sie
Golem.de,2.048728195146652,0.006866860984734467,0.0,0.0,0.0,0.0,0.0,-0.042304624876476404,0.0,0.0,0.0,-0.07895393372238685,0.0,0.0,Golem.de
sie golem.de,2.048728195146652,0.006866860984734467,0.0,0.0,0.0,0.0,0.0,-0.042304624876476404,0.0,0.0,0.0,-0.07895393372238685,0.0,0.0,sie golem.de
gewohnt,1.9621529786882548,0.0020396204144386486,0.0,0.0,0.0,0.0,0.0,0.0008722542465962477,0.0,0.0,0.0,-0.035777054599314136,0.0,0.0,gewohnt
golem.de ge+wohn+t,1.9621529786882548,0.0020396204144386486,0.0,0.0,0.0,0.0,0.0,0.0008722542465962477,0.0,0.0,0.0,-0.035777054599314136,0.0,0.0,golem.de ge+wohn+t
Werbung,1.9057785519494153,-0.0013533855415708614,0.0,0.0,0.0,0.0,0.0,0.030023969363777575,0.0,0.0,0.0,-0.006625339482132974,0.0,0.0,Werbung
ge+wohn+t werbung,1.9057785519494153,-0.0013533855415708614,0.0,0.0,0.0,0.0,0.0,0.030023969363777575,0.0,0.0,0.0,-0.006625339482132974,0.0,0.0,ge+wohn+t werbung
Tracking,2.35599798597888,0.02100078049858977,0.0,0.0,0.0,0.0,0.0,-0.18204982780197673,0.0,0.0,0.0,-0.21869913664788715,0.0,0.0,Tracking
werbung tracking,1.8620844578932974,-0.00413309348173954,0.0,0.0,0.0,0.0,0.0,0.053218046616401185,0.0,0.0,0.0,0.016568737770490456,0.0,0.0,werbung tracking
tracking sie,2.084746549866107,0.008750735127590144,0.0,0.0,0.0,0.0,0.0,-0.05973270590535373,0.0,0.0,0.0,-0.09638201475126427,0.0,0.0,tracking sie
Nutzung,1.792440658940546,-0.00886151990682513,0.0,0.0,0.0,0.0,0.0,0.09133639538923385,0.0,0.0,0.0,0.05468708654332316,0.0,0.0,Nutzung
sie nutzung,1.792440658940546,-0.00886151990682513,0.0,0.0,0.0,0.0,0.0,0.09133639538923385,0.0,0.0,0.0,0.05468708654332316,0.0,0.0,sie nutzung
Cookies,1.7638161660268956,-0.01092021568394475,0.0,0.0,0.0,0.0,0.0,0.10743484525587638,0.0,0.0,0.0,0.070785536409966,0.0,0.0,Cookies
nutzung cookie+s,1.7638161660268956,-0.01092021568394475,0.0,0.0,0.0,0.0,0.0,0.10743484525587638,0.0,0.0,0.0,0.070785536409966,0.0,0.0,nutzung cookie+s
zustimmen,1.7493781039593375,-0.011985836927125017,0.0,0.0,0.0,0.0,0.0,0.11565422752858015,0.0,0.0,0.0,0.07900491868266944,0.0,0.0,zustimmen
cookie+s zu+stimm+en,1.7493781039593375,-0.011985836927125017,0.0,0.0,0.0,0.0,0.0,0.11565422752858015,0.0,0.0,0.0,0.07900491868266944,0.0,0.0,cookie+s zu+stimm+en
Details,1.7282924577701093,-0.013576190454458972,0.0,0.0,0.0,0.0,0.0,0.12778068068327653,0.0,0.0,0.0,0.09113137183736615,0.0,0.0,Details
detail+s tracking,1.7109870265442169,-0.014912668176768926,0.0,0.0,0.0,0.0,0.0,0.13784417064012017,0.0,0.0,0.0,0.10119486179420965,0.0,0.0,detail+s tracking
finden,2.3537012792045253,0.020909466869549212,0.0,0.0,0.0,0.0,0.0,-0.18107451841295,0.0,0.0,0.0,-0.21772382725886044,0.0,0.0,finden
tracking find+en,1.6991401878493055,-0.015844338656431273,0.0,0.0,0.0,0.0,0.0,0.14479223187623022,0.0,0.0,0.0,0.10814292303031962,0.0,0.0,tracking find+en
find+en sie,2.274007890118564,0.017621185515553636,0.0,0.0,0.0,0.0,0.0,-0.14662928189213162,0.0,0.0,0.0,-0.18327859073804206,0.0,0.0,find+en sie
Privacy,1.6823362939921904,-0.017189883466784697,0.0,0.0,0.0,0.0,0.0,0.15473110459815834,0.0,0.0,0.0,0.11808179575224792,0.0,0.0,Privacy
sie privacy,1.6823362939921904,-0.017189883466784697,0.0,0.0,0.0,0.0,0.0,0.15473110459815834,0.0,0.0,0.0,0.11808179575224792,0.0,0.0,sie privacy
Center,1.6735042259572033,-0.01790867231085307,0.0,0.0,0.0,0.0,0.0,0.1599948162523521,0.0,0.0,0.0,0.12334550740644165,0.0,0.0,Center
privacy center,1.6735042259572033,-0.01790867231085307,0.0,0.0,0.0,0.0,0.0,0.1599948162523521,0.0,0.0,0.0,0.12334550740644165,0.0,0.0,privacy center
Skript,1.664153398730471,-0.018678567622902074,0.0,0.0,0.0,0.0,0.0,0.16559805825218168,0.0,0.0,0.0,0.12894874940627107,0.0,0.0,Skript
wurde,1.657268900066201,-0.01925133642680228,0.0,0.0,0.0,0.0,0.0,0.16974357658998654,0.0,0.0,0.0,0.13309426774407604,0.0,0.0,wurde
skript werd+e,1.657268900066201,-0.01925133642680228,0.0,0.0,0.0,0.0,0.0,0.16974357658998654,0.0,0.0,0.0,0.13309426774407604,0.0,0.0,skript werd+e
geladen,1.646176065594899,-0.020185007171459067,0.0,0.0,0.0,0.0,0.0,0.17645952087285585,0.0,0.0,0.0,0.1398102120269455,0.0,0.0,geladen
werd+e ge+lad+en,1.646176065594899,-0.020185007171459067,0.0,0.0,0.0,0.0,0.0,0.17645952087285585,0.0,0.0,0.0,0.1398102120269455,0.0,0.0,werd+e ge+lad+en
Informat…,1.6383863326721437,-0.02084874616332315,0.0,0.0,0.0,0.0,0.0,0.18120276918597855,0.0,0.0,0.0,0.14455346034006802,0.0,0.0,Informat…
+607,1.6294161681280988,-0.0216214825425886,0.0,0.0,0.0,0.0,0.0,0.186692811544611,0.0,0.0,0.0,0.15004350269870081,0.0,0.0,+607
informat… +607,1.6294161681280988,-0.0216214825425886,0.0,0.0,0.0,0.0,0.0,0.186692811544611,0.0,0.0,0.0,0.15004350269870081,0.0,0.0,informat… +607
+607 chars,1.6255227052946282,-0.02195972764270828,0.0,0.0,0.0,0.0,0.0,0.18908515428395845,0.0,0.0,0.0,0.1524358454380481,0.0,0.0,+607 chars
Binnenschifffahrt,2.047776836303134,0.006816154539592395,0.0,0.0,0.0,0.0,0.0,-0.04184015145178015,0.0,0.0,0.0,-0.07848946029769065,0.0,0.0,Binnenschifffahrt
Niedersachsen,2.8520860482651758,0.03714611647264622,0.0,0.0,0.0,0.0,0.0,-0.373136090158557,0.0,0.0,0.0,-0.40978539900446737,0.0,0.0,Niedersachsen
binnenschifffahrt niedersachsen,1.6928542283918897,-0.016344338056903447,0.0,0.0,0.0,0.0,0.0,0.14849858624002354,0.0,0.0,0.0,0.11184927739411306,0.0,0.0,binnenschifffahrt niedersachsen
lockert,2.3305719315127345,0.019979371204353474,0.0,0.0,0.0,0.0,0.0,-0.17119911848544042,0.0,0.0,0.0,-0.207848427331351,0.0,0.0,lockert
niedersachsen locker+t,2.3305719315127345,0.019979371204353474,0.0,0.0,0.0,0.0,0.0,-0.17119911848544042,0.0,0.0,0.0,-0.207848427331351,0.0,0.0,niedersachsen locker+t
Lkw-Fahrverbot,2.472612559624597,0.025404318591640572,0.0,0.0,0.0,0.0,0.0,-0.23036072495985796,0.0,0.0,0.0,-0.2670100338057684,0.0,0.0,Lkw-Fahrverbot
locker+t lkw+-+fahr+verbot,2.472612559624597,0.025404318591640572,0.0,0.0,0.0,0.0,0.0,-0.23036072495985796,0.0,0.0,0.0,-0.2670100338057684,0.0,0.0,locker+t lkw+-+fahr+verbot
wegen,7.310622958171445,0.08248977441940504,0.0,0.0,0.0,0.0,0.0,-1.314413906987439,0.0,0.0,0.0,-1.3510632158333495,0.0,0.0,wegen
lkw+-+fahr+verbot wegen,3.097715195170407,0.043159156178608014,0.0,0.0,0.0,0.0,0.0,-0.45575022279282473,0.0,0.0,0.0,-0.49239953163873534,0.0,0.0,lkw+-+fahr+verbot wegen
wegen niedrigwasser,4.056500126006556,0.05947813582028091,0.0,0.0,0.0,0.0,0.0,-0.7254059807765336,0.0,0.0,0.0,-0.7620552896224443,0.0,0.0,wegen niedrigwasser
Hier,1.9481903573635666,0.0012186033485989893,0.0,0.0,0.0,0.0,0.0,0.008013663307394621,0.0,0.0,0.0,-0.028635645538515872,0.0,0.0,Hier
niedrigwasser hier,1.9481903573635666,0.0012186033485989893,0.0,0.0,0.0,0.0,0.0,0.008013663307394621,0.0,0.0,0.0,-0.028635645538515872,0.0,0.0,niedrigwasser hier
hier find+en,1.871419208440533,-0.003527679045750317,0.0,0.0,0.0,0.0,0.0,0.0482175051234267,0.0,0.0,0.0,0.011568196277516277,0.0,0.0,hier find+en
Informationen,1.7662085057074848,-0.010745436706611919,0.0,0.0,0.0,0.0,0.0,0.10607942127484478,0.0,0.0,0.0,0.0694301124289343,0.0,0.0,Informationen
sie information+en,1.7662085057074848,-0.010745436706611919,0.0,0.0,0.0,0.0,0.0,0.10607942127484478,0.0,0.0,0.0,0.0694301124289343,0.0,0.0,sie information+en
Thema,2.0880450190404374,0.008919833410241844,0.0,0.0,0.0,0.0,0.0,-0.06131364749175773,0.0,0.0,0.0,-0.09796295633766816,0.0,0.0,Thema
information+en thema,1.6611729125442412,-0.018925911764671816,0.0,0.0,0.0,0.0,0.0,0.16739065645480067,0.0,0.0,0.0,0.13074134760889008,0.0,0.0,information+en thema
thema binnenschifffahrt,1.6273222867494332,-0.02180317338114214,0.0,0.0,0.0,0.0,0.0,0.18797868801040168,0.0,0.0,0.0,0.15132937916449113,0.0,0.0,thema binnenschifffahrt
Lesen,1.6328276759213036,-0.02132652667622416,0.0,0.0,0.0,0.0,0.0,0.18460130079317497,0.0,0.0,0.0,0.14795199194726447,0.0,0.0,Lesen
les+en sie,1.65100172307178,-0.019777188256102602,0.0,0.0,0.0,0.0,0.0,0.1735323745484679,0.0,0.0,0.0,0.13688306570255743,0.0,0.0,les+en sie
sie niedersachsen,1.6928542283918897,-0.016344338056903447,0.0,0.0,0.0,0.0,0.0,0.14849858624002354,0.0,0.0,0.0,0.11184927739411306,0.0,0.0,sie niedersachsen
setzt,1.7812610940139066,-0.009657185929339802,0.0,0.0,0.0,0.0,0.0,0.09759298990556227,0.0,0.0,0.0,0.06094368105965182,0.0,0.0,setzt
niedersachsen setz+t,1.7812610940139066,-0.009657185929339802,0.0,0.0,0.0,0.0,0.0,0.09759298990556227,0.0,0.0,0.0,0.06094368105965182,0.0,0.0,niedersachsen setz+t
setz+t wegen,1.8362701796738967,-0.005841325662815687,0.0,0.0,0.0,0.0,0.0,0.0671781450823795,0.0,0.0,0.0,0.030528836236468987,0.0,0.0,setz+t wegen
anhaltenden,1.9884006239903715,0.0035500371134780722,0.0,0.0,0.0,0.0,0.0,-0.012416025914321536,0.0,0.0,0.0,-0.04906533476023205,0.0,0.0,anhaltenden
wegen an+halt+end+en,1.9884006239903715,0.0035500371134780722,0.0,0.0,0.0,0.0,0.0,-0.012416025914321536,0.0,0.0,0.0,-0.04906533476023205,0.0,0.0,wegen an+halt+end+en
Niedrigwassers,7.219559828941138,0.0821320181125697,0.0,0.0,0.0,0.0,0.0,-1.3018794023863198,0.0,0.0,0.0,-1.3385287112322302,0.0,0.0,Niedrigwassers
an+halt+end+en niedrigwasser+s,2.676266733234543,0.032136706909422795,0.0,0.0,0.0,0.0,0.0,-0.3095082302559411,0.0,0.0,0.0,-0.3461575391018517,0.0,0.0,an+halt+end+en niedrigwasser+s
Wasserstraßen,1.8258597066261855,-0.006544743009956007,0.0,0.0,0.0,0.0,0.0,0.07286363490057243,0.0,0.0,0.0,0.03621432605466187,0.0,0.0,Wasserstraßen
niedrigwasser+s wasser+straße+n,1.8258597066261855,-0.006544743009956007,0.0,0.0,0.0,0.0,0.0,0.07286363490057243,0.0,0.0,0.0,0.03621432605466187,0.0,0.0,niedrigwasser+s wasser+straße+n
Sonn-,5.847059801307501,-0.09347292497104578,0.0,0.0,0.0,0.0,0.0,1.182035575141286,0.0,0.0,0.0,-1.1276736625385135,0.0,0.0,Sonn-
wasser+straße+n sonn+-,1.702052423685349,-0.015614028813627862,0.0,0.0,0.0,0.0,0.0,0.14307975223725558,0.0,0.0,0.0,0.10643044339134512,0.0,0.0,wasser+straße+n sonn+-
Feiertagsfahrverbot,3.119232986651366,0.0436392403217744,0.0,0.0,0.0,0.0,0.0,-0.4626725508473059,0.0,0.0,0.0,-0.4993218596932164,0.0,0.0,Feiertagsfahrverbot
sonn+- feiertags+fahr+verbot,3.119232986651366,0.0436392403217744,0.0,0.0,0.0,0.0,0.0,-0.4626725508473059,0.0,0.0,0.0,-0.4993218596932164,0.0,0.0,sonn+- feiertags+fahr+verbot
bestimmte,1.596748672275744,-0.024514308945690188,0.0,0.0,0.0,0.0,0.0,0.20694510119678672,0.0,0.0,0.0,0.1702957923508763,0.0,0.0,bestimmte
feiertags+fahr+verbot bestimm+t+e,1.596748672275744,-0.024514308945690188,0.0,0.0,0.0,0.0,0.0,0.20694510119678672,0.0,0.0,0.0,0.1702957923508763,0.0,0.0,feiertags+fahr+verbot bestimm+t+e
bestimm+t+e last+wagen,1.5779045945011339,-0.026241482638092967,0.0,0.0,0.0,0.0,0.0,0.21881682230187702,0.0,0.0,0.0,0.18216751345596646,0.0,0.0,bestimm+t+e last+wagen
vorübergehend,1.5619693949200368,-0.02773696908810605,0.0,0.0,0.0,0.0,0.0,0.2289671254348888,0.0,0.0,0.0,0.1923178165889783,0.0,0.0,vorübergehend
last+wagen vor+übergeh+end,1.5619693949200368,-0.02773696908810605,0.0,0.0,0.0,0.0,0.0,0.2289671254348888,0.0,0.0,0.0,0.1923178165889783,0.0,0.0,last+wagen vor+übergeh+end
außer,1.5432931302558495,-0.02953195817531727,0.0,0.0,0.0,0.0,0.0,0.24099605355883433,0.0,0.0,0.0,0.2043467447129238,0.0,0.0,außer
vor+übergeh+end außer,1.5432931302558495,-0.02953195817531727,0.0,0.0,0.0,0.0,0.0,0.24099605355883433,0.0,0.0,0.0,0.2043467447129238,0.0,0.0,vor+übergeh+end außer
Kraft,1.5363096785201285,-0.03021519910197088,0.0,0.0,0.0,0.0,0.0,0.24553135511526308,0.0,0.0,0.0,0.20888204626935264,0.0,0.0,Kraft
außer kraft,1.5363096785201285,-0.03021519910197088,0.0,0.0,0.0,0.0,0.0,0.24553135511526308,0.0,0.0,0.0,0.20888204626935264,0.0,0.0,außer kraft
Damit,1.528796589979628,-0.030957757421958273,0.0,0.0,0.0,0.0,0.0,0.25043369971879875,0.0,0.0,0.0,0.21378439087288817,0.0,0.0,Damit
sollen,1.8163420296811978,-0.007195331744408577,0.0,0.0,0.0,0.0,0.0,0.07808997835895234,0.0,0.0,0.0,0.041440669513041796,0.0,0.0,sollen
damit soll+en,1.5228347997912952,-0.03155260423715088,0.0,0.0,0.0,0.0,0.0,0.25434098537141286,0.0,0.0,0.0,0.21769167652550253,0.0,0.0,damit soll+en
notwendige,1.5163697110726584,-0.03220336000187451,0.0,0.0,0.0,0.0,0.0,0.25859545291204644,0.0,0.0,0.0,0.22194614406613591,0.0,0.0,notwendige
soll+en notwendig+e,1.5163697110726584,-0.03220336000187451,0.0,0.0,0.0,0.0,0.0,0.25859545291204644,0.0,0.0,0.0,0.22194614406613591,0.0,0.0,soll+en notwendig+e
Ersatztrans…,1.5071334811652064,-0.033143483247809566,0.0,0.0,0.0,0.0,0.0,0.26470509331973796,0.0,0.0,0.0,0.22805578447382735,0.0,0.0,Ersatztrans…
notwendig+e ersatztrans…,1.5071334811652064,-0.033143483247809566,0.0,0.0,0.0,0.0,0.0,0.26470509331973796,0.0,0.0,0.0,0.22805578447382735,0.0,0.0,notwendig+e ersatztrans…
+1366,1.4967411283628476,-0.034216235493398216,0.0,0.0,0.0,0.0,0.0,0.2716244196007468,0.0,0.0,0.0,0.23497511075483626,0.0,0.0,+1366
ersatztrans… +1366,1.4967411283628476,-0.034216235493398216,0.0,0.0,0.0,0.0,0.0,0.2716244196007468,0.0,0.0,0.0,0.23497511075483626,0.0,0.0,ersatztrans… +1366
+1366 char+s,1.4926828269070445,-0.03463952637682736,0.0,0.0,0.0,0.0,0.0,0.27433952726671307,0.0,0.0,0.0,0.2376902184208026,0.0,0.0,+1366 char+s
BUND,3.049666111645983,-0.21545750786145668,0.0,0.0,0.0,0.0,0.0,1.5641631717490507,0.0,0.0,0.0,-0.47676683874197345,0.0,0.0,BUND
bund kritisier+t,2.042940388106083,-0.13662509737709147,0.0,0.0,0.0,0.0,0.0,1.1957681172801278,0.0,0.0,0.0,-0.07612486250945741,0.0,0.0,bund kritisier+t
Lockerung,2.6904524879841496,-0.0735388398393611,0.0,0.0,0.0,0.0,0.0,0.9345243677308296,0.0,0.0,0.0,-0.35144411632094935,0.0,0.0,Lockerung
kritisier+t lockerung,2.097344490656005,-0.13236078968504475,0.0,0.0,0.0,0.0,0.0,1.1835617420653666,0.0,0.0,0.0,-0.10240674198641234,0.0,0.0,kritisier+t lockerung
Sonntagsfahrverbots,2.675458516602281,-0.07772799984886238,0.0,0.0,0.0,0.0,0.0,0.9592450575929637,0.0,0.0,0.0,-0.34585549944148936,0.0,0.0,Sonntagsfahrverbots
lockerung sonntag+s+fahr+verbot+s,2.1968502112939112,-0.12388571471784084,0.0,0.0,0.0,0.0,0.0,1.1563412189961828,0.0,0.0,0.0,-0.1487593380382701,0.0,0.0,lockerung sonntag+s+fahr+verbot+s
sonntag+s+fahr+verbot+s lkw,2.720341756478367,-0.08023258531056633,0.0,0.0,0.0,0.0,0.0,0.979179960435006,0.0,0.0,0.0,-0.3624922438858298,0.0,0.0,sonntag+s+fahr+verbot+s lkw
deutschen,3.4459289480637714,-0.11383735463726616,0.0,0.0,0.0,0.0,0.0,1.2081016208978355,0.0,0.0,0.0,-0.598928244929928,0.0,0.0,deutschen
niedrigwasser deutsch+en,3.4459289480637714,-0.11383735463726616,0.0,0.0,0.0,0.0,0.0,1.2081016208978355,0.0,0.0,0.0,-0.598928244929928,0.0,0.0,niedrigwasser deutsch+en
deutsch+en fluss+en,3.2642944125557567,-0.12776450498079367,0.0,0.0,0.0,0.0,0.0,1.2615459904553377,0.0,0.0,0.0,-0.5447783586658486,0.0,0.0,deutsch+en fluss+en
bedroht,3.183672579025265,-0.1348676908732036,0.0,0.0,0.0,0.0,0.0,1.2876841793963991,0.0,0.0,0.0,-0.5197701551803163,0.0,0.0,bedroht
fluss+en bedroh+t,3.183672579025265,-0.1348676908732036,0.0,0.0,0.0,0.0,0.0,1.2876841793963991,0.0,0.0,0.0,-0.5197701551803163,0.0,0.0,fluss+en bedroh+t
bedroh+t liefer+kette+n,3.1199688289360115,-0.14168101246144063,0.0,0.0,0.0,0.0,0.0,1.3124792802010308,0.0,0.0,0.0,-0.49955773675243226,0.0,0.0,bedroh+t liefer+kette+n
liefer+kette+n viel+er,3.1025497638670565,-0.14556219862091632,0.0,0.0,0.0,0.0,0.0,1.3272178934421872,0.0,0.0,0.0,-0.4939590035994906,0.0,0.0,liefer+kette+n viel+er
Unternehmen,3.1118593722079466,-0.14641625672925015,0.0,0.0,0.0,0.0,0.0,1.3311313751664091,0.0,0.0,0.0,-0.49695514212248854,0.0,0.0,Unternehmen
viel+er unternehmen,3.1118593722079466,-0.14641625672925015,0.0,0.0,0.0,0.0,0.0,1.3311313751664091,0.0,0.0,0.0,-0.49695514212248854,0.0,0.0,viel+er unternehmen
Erste,3.2430616048150878,-0.1694414659988577,0.0,0.0,0.0,0.0,0.0,1.4241282034937528,0.0,0.0,0.0,-0.5382525490940442,0.0,0.0,Erste
Bundesländer,4.615368314516615,-0.08199368121116699,0.0,0.0,0.0,0.0,0.0,1.0944679752964908,0.0,0.0,0.0,-0.8911263986061797,0.0,0.0,Bundesländer
erst+e bund+es+land+er,3.2990505496908096,-0.1704669762599021,0.0,0.0,0.0,0.0,0.0,1.4302249333356558,0.0,0.0,0.0,-0.5553694405670146,0.0,0.0,erst+e bund+es+land+er
lockern,5.214529101169554,-0.06741478400983729,0.0,0.0,0.0,0.0,0.0,1.029735261374317,0.0,0.0,0.0,-1.0131835130870113,0.0,0.0,lockern
bund+es+land+er locker+n,3.497395777934226,-0.1678728149966286,0.0,0.0,0.0,0.0,0.0,1.4291654206593336,0.0,0.0,0.0,-0.6137533538019947,0.0,0.0,bund+es+land+er locker+n
darum,3.7211421317842803,-0.15985910701919537,0.0,0.0,0.0,0.0,0.0,1.4086074767161036,0.0,0.0,0.0,-0.675765371542405,0.0,0.0,darum
locker+n darum,3.7211421317842803,-0.15985910701919537,0.0,0.0,0.0,0.0,0.0,1.4086074767161036,0.0,0.0,0.0,-0.675765371542405,0.0,0.0,locker+n darum
darum lkw+-+fahr+verbot+e,4.368964560440995,-0.12905756215079886,0.0,0.0,0.0,0.0,0.0,1.3091794241454953,0.0,0.0,0.0,-0.8362607640478829,0.0,0.0,darum lkw+-+fahr+verbot+e
lkw+-+fahr+verbot+e sonn+-,3.82950187311628,-0.22037105748837665,0.0,0.0,0.0,0.0,0.0,1.605239776477664,0.0,0.0,0.0,-0.7044694612021355,0.0,0.0,lkw+-+fahr+verbot+e sonn+-
Feiertagen,3.754287152892545,-0.28426536406995634,0.0,0.0,0.0,0.0,0.0,1.764013130111657,0.0,0.0,0.0,-0.6846331534581654,0.0,0.0,Feiertagen
sonn+- feier+tag+en,3.754287152892545,-0.28426536406995634,0.0,0.0,0.0,0.0,0.0,1.764013130111657,0.0,0.0,0.0,-0.6846331534581654,0.0,0.0,sonn+- feier+tag+en
Industrie,3.00873174645189,-0.4642108972712245,0.0,0.0,0.0,0.0,0.0,2.063069427600711,0.0,0.0,0.0,-0.4632533689821861,0.0,0.0,Industrie
der industrie,3.00873174645189,-0.4642108972712245,0.0,0.0,0.0,0.0,0.0,2.063069427600711,0.0,0.0,0.0,-0.4632533689821861,0.0,0.0,der industrie
erfreut,2.490031491223711,-0.2964654729100424,0.0,0.0,0.0,0.0,0.0,1.7455539183998665,0.0,0.0,0.0,-0.2740300831810246,0.0,0.0,erfreut
industrie erfreu+t,2.490031491223711,-0.2964654729100424,0.0,0.0,0.0,0.0,0.0,1.7455539183998665,0.0,0.0,0.0,-0.2740300831810246,0.0,0.0,industrie erfreu+t
erfreu+t bund,2.3518484328229357,-0.24893188352094345,0.0,0.0,0.0,0.0,0.0,1.619521910111943,0.0,0.0,0.0,-0.21693631183951986,0.0,0.0,erfreu+t bund
hält,2.3230678297717984,-0.2377420783778067,0.0,0.0,0.0,0.0,0.0,1.5866030657827577,0.0,0.0,0.0,-0.20462337828156926,0.0,0.0,hält
bund halt,2.3230678297717984,-0.2377420783778067,0.0,0.0,0.0,0.0,0.0,1.5866030657827577,0.0,0.0,0.0,-0.20462337828156926,0.0,0.0,bund halt
Schritt,2.286623057190576,-0.22112199429116444,0.0,0.0,0.0,0.0,0.0,1.5353392347808115,0.0,0.0,0.0,-0.1888108073949562,0.0,0.0,Schritt
halt schritt,2.286623057190576,-0.22112199429116444,0.0,0.0,0.0,0.0,0.0,1.5353392347808115,0.0,0.0,0.0,-0.1888108073949562,0.0,0.0,halt schritt
hingegen,2.2670156724330655,-0.20866289554566417,0.0,0.0,0.0,0.0,0.0,1.4951417381519845,0.0,0.0,0.0,-0.18019901050012618,0.0,0.0,hingegen
schritt hingegen,2.2670156724330655,-0.20866289554566417,0.0,0.0,0.0,0.0,0.0,1.4951417381519845,0.0,0.0,0.0,-0.18019901050012618,0.0,0.0,schritt hingegen
falsche,2.259157415399203,-0.1853452756573762,0.0,0.0,0.0,0.0,0.0,1.4164795756006048,0.0,0.0,0.0,-0.17672664442964459,0.0,0.0,falsche
hingegen falsch+e,2.259157415399203,-0.1853452756573762,0.0,0.0,0.0,0.0,0.0,1.4164795756006048,0.0,0.0,0.0,-0.17672664442964459,0.0,0.0,hingegen falsch+e
Lösung,2.2728697574050396,-0.1745334976194816,0.0,0.0,0.0,0.0,0.0,1.3787994480664127,0.0,0.0,0.0,-0.18277796906949365,0.0,0.0,Lösung
falsch+e lösung,2.2728697574050396,-0.1745334976194816,0.0,0.0,0.0,0.0,0.0,1.3787994480664127,0.0,0.0,0.0,-0.18277796906949365,0.0,0.0,falsch+e lösung
Stand,2.3022302488051594,-0.16291946469431248,0.0,0.0,0.0,0.0,0.0,1.337591516181597,0.0,0.0,0.0,-0.19561305220568892,0.0,0.0,Stand
08.08.2026,2.34757217880888,-0.15128227964597543,0.0,0.0,0.0,0.0,0.0,1.2954661713384044,0.0,0.0,0.0,-0.21511640443061938,0.0,0.0,08.08.2026
stand 08.08.2026,2.34757217880888,-0.15128227964597543,0.0,0.0,0.0,0.0,0.0,1.2954661713384044,0.0,0.0,0.0,-0.21511640443061938,0.0,0.0,stand 08.08.2026
16:27,2.505950744166883,-0.12550064310757997,0.0,0.0,0.0,0.0,0.0,1.1980495161086309,0.0,0.0,0.0,-0.2804029268264369,0.0,0.0,16:27
08.08.2026 16:27,2.505950744166883,-0.12550064310757997,0.0,0.0,0.0,0.0,0.0,1.1980495161086309,0.0,0.0,0.0,-0.2804029268264369,0.0,0.0,08.08.2026 16:27
Uhr,2.7117376507644493,-0.10241180339421575,0.0,0.0,0.0,0.0,0.0,1.1030929514910828,0.0,0.0,0.0,-0.35932435466167667,0.0,0.0,Uhr
16:27 uhr,2.7117376507644493,-0.10241180339421575,0.0,0.0,0.0,0.0,0.0,1.1030929514910828,0.0,0.0,0.0,-0.35932435466167667,0.0,0.0,16:27 uhr
uhr niedrigwasser,3.162750998838114,-0.06715002259810782,0.0,0.0,0.0,0.0,0.0,0.936573871965237,0.0,0.0,0.0,-0.5131769438323515,0.0,0.0,uhr niedrigwasser
Industri…,2.0761402246629226,-0.11899485658484969,0.0,0.0,0.0,0.0,0.0,1.1153298943567282,0.0,0.0,0.0,-0.0922452343278375,0.0,0.0,Industri…
der industri…,2.0761402246629226,-0.11899485658484969,0.0,0.0,0.0,0.0,0.0,1.1153298943567282,0.0,0.0,0.0,-0.0922452343278375,0.0,0.0,der industri…
+4588,2.021980737350913,-0.1238382487413076,0.0,0.0,0.0,0.0,0.0,1.1314327310176913,0.0,0.0,0.0,-0.06581231972680408,0.0,0.0,+4588
industri… +4588,2.021980737350913,-0.1238382487413076,0.0,0.0,0.0,0.0,0.0,1.1314327310176913,0.0,0.0,0.0,-0.06581231972680408,0.0,0.0,industri… +4588
+4588 char+s,1.9978069675574006,-0.1259286970717883,0.0,0.0,0.0,0.0,0.0,1.1380054821864996,0.0,0.0,0.0,-0.05378478843149362,0.0,0.0,+4588 char+s
Drei,1.9026648390936782,-0.0015469968171435047,0.0,0.0,0.0,0.0,0.0,0.03165913272571001,0.0,0.0,0.0,-0.004990176120200592,0.0,0.0,Drei
weitere,1.9372914342247458,0.0005690331992970936,0.0,0.0,0.0,0.0,0.0,0.013623753540041568,0.0,0.0,0.0,-0.023025555305868962,0.0,0.0,weitere
drei weit+er+e,1.9372914342247458,0.0005690331992970936,0.0,0.0,0.0,0.0,0.0,0.013623753540041568,0.0,0.0,0.0,-0.023025555305868962,0.0,0.0,drei weit+er+e
weit+er+e bund+es+land+er,2.0087002173547326,0.004689594207344395,0.0,0.0,0.0,0.0,0.0,-0.022573271725702566,0.0,0.0,0.0,-0.05922258057161307,0.0,0.0,weit+er+e bund+es+land+er
setzen,2.2176043719194842,0.015143922044369802,0.0,0.0,0.0,0.0,0.0,-0.1215129183365933,0.0,0.0,0.0,-0.15816222718250383,0.0,0.0,setzen
bund+es+land+er setz+en,2.2176043719194842,0.015143922044369802,0.0,0.0,0.0,0.0,0.0,-0.1215129183365933,0.0,0.0,0.0,-0.15816222718250383,0.0,0.0,bund+es+land+er setz+en
setz+en lkw+-+fahr+verbot+e,2.4893943195339143,0.02600256744256157,0.0,0.0,0.0,0.0,0.0,-0.2371248525812853,0.0,0.0,0.0,-0.27377416142719574,0.0,0.0,setz+en lkw+-+fahr+verbot+e
Baden-Württemberg,3.08629951592846,0.04290164781563115,0.0,0.0,0.0,0.0,0.0,-0.45205822245246696,0.0,0.0,0.0,-0.48870753129837746,0.0,0.0,Baden-Württemberg
lkw+-+fahr+verbot+e baden-württemberg,2.167320927143214,0.012821174057588584,0.0,0.0,0.0,0.0,0.0,-0.09857722588527898,0.0,0.0,0.0,-0.13522653473118967,0.0,0.0,lkw+-+fahr+verbot+e baden-württemberg
Bayern,2.8445282452793075,0.036944004877131606,0.0,0.0,0.0,0.0,0.0,-0.3704826518070061,0.0,0.0,0.0,-0.40713196065291657,0.0,0.0,Bayern
baden-württemberg bayern,2.8445282452793075,0.036944004877131606,0.0,0.0,0.0,0.0,0.0,-0.3704826518070061,0.0,0.0,0.0,-0.40713196065291657,0.0,0.0,baden-württemberg bayern
Mecklenburg-Vorpommern,2.8270063877372724,0.03647111696345734,0.0,0.0,0.0,0.0,0.0,-0.3643037551158345,0.0,0.0,0.0,-0.4009530639617451,0.0,0.0,Mecklenburg-Vorpommern
bayern mecklenburg-vorpommern,2.8270063877372724,0.03647111696345734,0.0,0.0,0.0,0.0,0.0,-0.3643037551158345,0.0,0.0,0.0,-0.4009530639617451,0.0,0.0,bayern mecklenburg-vorpommern
mecklenburg-vorpommern locker+n,3.039354360232795,0.041821629966761704,0.0,0.0,0.0,0.0,0.0,-0.43673052822029096,0.0,0.0,0.0,-0.4733798370662015,0.0,0.0,mecklenburg-vorpommern locker+n
locker+n wegen,3.294065129572351,0.047299828546821285,0.0,0.0,0.0,0.0,0.0,-0.5172078206041273,0.0,0.0,0.0,-0.5538571294500378,0.0,0.0,locker+n wegen
wegen niedrigwasser+s,4.4645484318019015,0.06424653570492098,0.0,0.0,0.0,0.0,0.0,-0.8212534909798808,0.0,0.0,0.0,-0.8579027998257911,0.0,0.0,wegen niedrigwasser+s
niedrigwasser+s sonn+-,2.8986357016430775,0.03836684680628108,0.0,0.0,0.0,0.0,0.0,-0.38932559544857803,0.0,0.0,0.0,-0.4259749042944885,0.0,0.0,niedrigwasser+s sonn+-
feiertags+fahr+verbot lkw,3.069795318090744,0.04252585057457265,0.0,0.0,0.0,0.0,0.0,-0.4466963046054499,0.0,0.0,0.0,-0.48334561345136057,0.0,0.0,feiertags+fahr+verbot lkw
Rhein,3.5823086264615425,0.05253152747216487,0.0,0.0,0.0,0.0,0.0,-0.6010928771621272,0.0,0.0,0.0,-0.6377421860080377,0.0,0.0,Rhein
der rhein,2.281473290578453,0.017939444639694806,0.0,0.0,0.0,0.0,0.0,-0.14990683122084086,0.0,0.0,0.0,-0.1865561400667514,0.0,0.0,der rhein
Kaub,2.1928633392944024,0.014015043084653695,0.0,0.0,0.0,0.0,0.0,-0.11029356757143717,0.0,0.0,0.0,-0.14694287641734763,0.0,0.0,Kaub
rhein kaub,2.1928633392944024,0.014015043084653695,0.0,0.0,0.0,0.0,0.0,-0.11029356757143717,0.0,0.0,0.0,-0.14694287641734763,0.0,0.0,rhein kaub
kaub bald,2.171278655874282,0.013008093934257645,0.0,0.0,0.0,0.0,0.0,-0.10040165321632225,0.0,0.0,0.0,-0.1370509620622327,0.0,0.0,kaub bald
bald mehr,2.1290109148913383,0.010974028759550081,0.0,0.0,0.0,0.0,0.0,-0.08074292952794082,0.0,0.0,0.0,-0.11739223837385135,0.0,0.0,bald mehr
durchgängig,2.1131098523909504,0.010186641843356645,0.0,0.0,0.0,0.0,0.0,-0.07324614296998615,0.0,0.0,0.0,-0.1098954518158968,0.0,0.0,durchgängig
mehr durchgängig,2.1131098523909504,0.010186641843356645,0.0,0.0,0.0,0.0,0.0,-0.07324614296998615,0.0,0.0,0.0,-0.1098954518158968,0.0,0.0,mehr durchgängig
befahrbar,2.1079617956736314,0.009929040898883891,0.0,0.0,0.0,0.0,0.0,-0.07080692388107679,0.0,0.0,0.0,-0.1074562327269874,0.0,0.0,befahrbar
durchgängig befahr+bar,2.1079617956736314,0.009929040898883891,0.0,0.0,0.0,0.0,0.0,-0.07080692388107679,0.0,0.0,0.0,-0.1074562327269874,0.0,0.0,durchgängig befahr+bar
sein.W…,1.5991920833869502,-0.02429355176162356,0.0,0.0,0.0,0.0,0.0,0.20541602930585934,0.0,0.0,0.0,0.16876672045994875,0.0,0.0,sein.W…
befahr+bar sein.w…,1.5991920833869502,-0.02429355176162356,0.0,0.0,0.0,0.0,0.0,0.20541602930585934,0.0,0.0,0.0,0.16876672045994875,0.0,0.0,befahr+bar sein.w…
+4048,1.5889197935778603,-0.025226537052211985,0.0,0.0,0.0,0.0,0.0,0.21186017289529224,0.0,0.0,0.0,0.17521086404938177,0.0,0.0,+4048
sein.w… +4048,1.5889197935778603,-0.025226537052211985,0.0,0.0,0.0,0.0,0.0,0.21186017289529224,0.0,0.0,0.0,0.17521086404938177,0.0,0.0,sein.w… +4048
+4048 char+s,1.5825650168720153,-0.02581021898138416,0.0,0.0,0.0,0.0,0.0,0.21586762403586596,0.0,0.0,0.0,0.1792183151899553,0.0,0.0,+4048 char+s
Banaszak,2.268826447821365,0.017399002995086173,0.0,0.0,0.0,0.0,0.0,-0.14434813133341878,0.0,0.0,0.0,-0.18099744017932942,0.0,0.0,Banaszak
Merz-Regierung,1.5525725063663423,-0.028634310111612014,0.0,0.0,0.0,0.0,0.0,0.23500134643088808,0.0,0.0,0.0,0.19835203758497755,0.0,0.0,Merz-Regierung
banaszak merz+-+regierung,1.5525725063663423,-0.028634310111612014,0.0,0.0,0.0,0.0,0.0,0.23500134643088808,0.0,0.0,0.0,0.19835203758497755,0.0,0.0,banaszak merz+-+regierung
wartet,1.5718092261543908,-0.026809676179239683,0.0,0.0,0.0,0.0,0.0,0.22268725390486394,0.0,0.0,0.0,0.18603794505895344,0.0,0.0,wartet
merz+-+regierung wart+et,1.5718092261543908,-0.026809676179239683,0.0,0.0,0.0,0.0,0.0,0.22268725390486394,0.0,0.0,0.0,0.18603794505895344,0.0,0.0,merz+-+regierung wart+et
regnet,1.614142909880337,-0.022958370635959267,0.0,0.0,0.0,0.0,0.0,0.19611047329540246,0.0,0.0,0.0,0.1594611644494918,0.0,0.0,regnet
wart+et regn+et,1.614142909880337,-0.022958370635959267,0.0,0.0,0.0,0.0,0.0,0.19611047329540246,0.0,0.0,0.0,0.1594611644494918,0.0,0.0,wart+et regn+et
regn+et der,1.6282412438457348,-0.02172337178353549,0.0,0.0,0.0,0.0,0.0,0.1874141423567401,0.0,0.0,0.0,0.1507648335108297,0.0,0.0,regn+et der
Grünen-Vorsitzende,1.6369741066708778,-0.020969801478729934,0.0,0.0,0.0,0.0,0.0,0.18206510242528612,0.0,0.0,0.0,0.1454157935793755,0.0,0.0,Grünen-Vorsitzende
der grün+en+-+vor+sitz+end+e,1.6369741066708778,-0.020969801478729934,0.0,0.0,0.0,0.0,0.0,0.18206510242528612,0.0,0.0,0.0,0.1454157935793755,0.0,0.0,der grün+en+-+vor+sitz+end+e
Felix,1.687299877788053,-0.01678945422025846,0.0,0.0,0.0,0.0,0.0,0.15178503734765117,0.0,0.0,0.0,0.11513572850174048,0.0,0.0,Felix
grün+en+-+vor+sitz+end+e felix,1.687299877788053,-0.01678945422025846,0.0,0.0,0.0,0.0,0.0,0.15178503734765117,0.0,0.0,0.0,0.11513572850174048,0.0,0.0,grün+en+-+vor+sitz+end+e felix
felix banaszak,1.5412773021265798,-0.029728497538185024,0.0,0.0,0.0,0.0,0.0,0.24230309352465002,0.0,0.0,0.0,0.20565378467873952,0.0,0.0,felix banaszak
banaszak bund+es+regierung,1.7810182651035582,-0.009674586331310867,0.0,0.0,0.0,0.0,0.0,0.09772932335178874,0.0,0.0,0.0,0.06108001450587809,0.0,0.0,banaszak bund+es+regierung
angesichts,1.8935206675515102,-0.002119483234468259,0.0,0.0,0.0,0.0,0.0,0.03647669983970277,0.0,0.0,0.0,-0.00017260900620769812,0.0,0.0,angesichts
bund+es+regierung angesichts,1.8935206675515102,-0.002119483234468259,0.0,0.0,0.0,0.0,0.0,0.03647669983970277,0.0,0.0,0.0,-0.00017260900620769812,0.0,0.0,bund+es+regierung angesichts
dramatischen,2.1061038718856775,0.009835747587482992,0.0,0.0,0.0,0.0,0.0,-0.0699251512392131,0.0,0.0,0.0,-0.1065744600851236,0.0,0.0,dramatischen
angesichts dramatisch+en,2.1061038718856775,0.009835747587482992,0.0,0.0,0.0,0.0,0.0,-0.0699251512392131,0.0,0.0,0.0,-0.1065744600851236,0.0,0.0,angesichts dramatisch+en
dramatisch+en niedrigwasser+s,2.8468629511017545,0.03700655874940993,0.0,0.0,0.0,0.0,0.0,-0.37130308599360395,0.0,0.0,0.0,-0.4079523948395146,0.0,0.0,dramatisch+en niedrigwasser+s
vorgeworfen,2.199517409099551,0.01432127625551317,0.0,0.0,0.0,0.0,0.0,-0.11332339366192758,0.0,0.0,0.0,-0.14997270250783812,0.0,0.0,vorgeworfen
niedrigwasser+s vor+ge+werf+en,2.199517409099551,0.01432127625551317,0.0,0.0,0.0,0.0,0.0,-0.11332339366192758,0.0,0.0,0.0,-0.14997270250783812,0.0,0.0,niedrigwasser+s vor+ge+werf+en
Klimaschutz,4.065919571839296,0.05959928340132796,0.0,0.0,0.0,0.0,0.0,-0.7277253512118932,0.0,0.0,0.0,-0.7643746600578036,0.0,0.0,Klimaschutz
vor+ge+werf+en klima+schutz,2.409121216295837,0.023062073407326206,0.0,0.0,0.0,0.0,0.0,-0.20434745732456516,0.0,0.0,0.0,-0.2409967661704757,0.0,0.0,vor+ge+werf+en klima+schutz
verweigern,1.9478259307644679,0.0011970079613182587,0.0,0.0,0.0,0.0,0.0,0.008200739835422475,0.0,0.0,0.0,-0.028448569010488083,0.0,0.0,verweigern
klima+schutz verweiger+n,1.9478259307644679,0.0011970079613182587,0.0,0.0,0.0,0.0,0.0,0.008200739835422475,0.0,0.0,0.0,-0.028448569010488083,0.0,0.0,klima+schutz verweiger+n
Regierung,1.788172615717437,-0.009164034120483175,0.0,0.0,0.0,0.0,0.0,0.09372036981881493,0.0,0.0,0.0,0.057071060972904215,0.0,0.0,Regierung
gesprochen,1.6780583013643153,-0.017537034153567204,0.0,0.0,0.0,0.0,0.0,0.1572772311422769,0.0,0.0,0.0,0.12062792229636635,0.0,0.0,gesprochen
regierung ge+sprech+en,1.6780583013643153,-0.017537034153567204,0.0,0.0,0.0,0.0,0.0,0.1572772311422769,0.0,0.0,0.0,0.12062792229636635,0.0,0.0,regierung ge+sprech+en
darüber,2.1379175772356347,0.011409683638695801,0.0,0.0,0.0,0.0,0.0,-0.08491767738066659,0.0,0.0,0.0,-0.12156698622657713,0.0,0.0,darüber
ge+sprech+en darüber,1.6366863733600314,-0.02099449325322703,0.0,0.0,0.0,0.0,0.0,0.18224088932398405,0.0,0.0,0.0,0.1455915804780736,0.0,0.0,ge+sprech+en darüber
darüber banaszak,1.6010255563689457,-0.02412837562228717,0.0,0.0,0.0,0.0,0.0,0.2042701864982801,0.0,0.0,0.0,0.1676208776523697,0.0,0.0,darüber banaszak
RTL/ntv,1.581604024043059,-0.025898923619112987,0.0,0.0,0.0,0.0,0.0,0.21647504598208767,0.0,0.0,0.0,0.17982573713617697,0.0,0.0,RTL/ntv
banaszak rtl/ntv,1.581604024043059,-0.025898923619112987,0.0,0.0,0.0,0.0,0.0,0.21647504598208767,0.0,0.0,0.0,0.17982573713617697,0.0,0.0,banaszak rtl/ntv
Frühstart,1.5701187790927462,-0.026968093962508037,0.0,0.0,0.0,0.0,0.0,0.22376331116775178,0.0,0.0,0.0,0.18711400232184133,0.0,0.0,Frühstart
rtl/ntv frühstart,1.5701187790927462,-0.026968093962508037,0.0,0.0,0.0,0.0,0.0,0.22376331116775178,0.0,0.0,0.0,0.18711400232184133,0.0,0.0,rtl/ntv frühstart
Form,1.5410026219260842,-0.029755321130955085,0.0,0.0,0.0,0.0,0.0,0.24248132535822184,0.0,0.0,0.0,0.20583201651231134,0.0,0.0,Form
der form,1.5410026219260842,-0.029755321130955085,0.0,0.0,0.0,0.0,0.0,0.24248132535822184,0.0,0.0,0.0,0.20583201651231134,0.0,0.0,der form
Realitätsverweigerung,1.5317173818274292,-0.03066814901785458,0.0,0.0,0.0,0.0,0.0,0.24852500545277775,0.0,0.0,0.0,0.21187569660686736,0.0,0.0,Realitätsverweigerung
form realität+s+verweigerung,1.5317173818274292,-0.03066814901785458,0.0,0.0,0.0,0.0,0.0,0.24852500545277775,0.0,0.0,0.0,0.21187569660686736,0.0,0.0,form realität+s+verweigerung
Bräsigkeit,1.5085918260644493,-0.03299421913542175,0.0,0.0,0.0,0.0,0.0,0.2637379329424817,0.0,0.0,0.0,0.22708862409657107,0.0,0.0,Bräsigkeit
realität+s+verweigerung bräsigkeit,1.5085918260644493,-0.03299421913542175,0.0,0.0,0.0,0.0,0.0,0.2637379329424817,0.0,0.0,0.0,0.22708862409657107,0.0,0.0,realität+s+verweigerung bräsigkeit
Ignoranz,1.497240689114476,-0.034164301030302796,0.0,0.0,0.0,0.0,0.0,0.2712907096541142,0.0,0.0,0.0,0.2346414008082037,0.0,0.0,Ignoranz
bräsigkeit ignoranz,1.497240689114476,-0.034164301030302796,0.0,0.0,0.0,0.0,0.0,0.2712907096541142,0.0,0.0,0.0,0.2346414008082037,0.0,0.0,bräsigkeit ignoranz
ignoranz deutschland,1.4857533913210763,-0.035368048160450714,0.0,0.0,0.0,0.0,0.0,0.27899260531221065,0.0,0.0,0.0,0.2423432964663,0.0,0.0,ignoranz deutschland
regiert,1.4783885480716208,-0.036150423621283824,0.0,0.0,0.0,0.0,0.0,0.2839619074277198,0.0,0.0,0.0,0.24731259858180935,0.0,0.0,regiert
deutschland regier+t,1.4783885480716208,-0.036150423621283824,0.0,0.0,0.0,0.0,0.0,0.2839619074277198,0.0,0.0,0.0,0.24731259858180935,0.0,0.0,deutschland regier+t
+780,1.4721052845495253,-0.03682458074870296,0.0,0.0,0.0,0.0,0.0,0.28822104056057807,0.0,0.0,0.0,0.2515717317146675,0.0,0.0,+780
regier+t +780,1.4721052845495253,-0.03682458074870296,0.0,0.0,0.0,0.0,0.0,0.28822104056057807,0.0,0.0,0.0,0.2515717317146675,0.0,0.0,regier+t +780
+780 chars,1.4693835705035503,-0.03711853651936653,0.0,0.0,0.0,0.0,0.0,0.29007161008970117,0.0,0.0,0.0,0.2534223012437907,0.0,0.0,+780 chars
Kleine,4.553992534760172,0.06517493613606214,0.0,0.0,0.0,0.0,0.0,-0.8410897452299472,0.0,0.0,0.0,-0.8777390540758576,0.0,0.0,Kleine
Anzeichen,5.047870805688085,0.06969650393379022,0.0,0.0,0.0,0.0,0.0,-0.9440519486041066,0.0,0.0,0.0,-0.9807012574500171,0.0,0.0,Anzeichen
klein+e anzeichen,5.047870805688085,0.06969650393379022,0.0,0.0,0.0,0.0,0.0,-0.9440519486041066,0.0,0.0,0.0,-0.9807012574500171,0.0,0.0,klein+e anzeichen
anzeichen verkehr+s+wende,8.40191705500158,0.08616634222482561,0.0,0.0,0.0,0.0,0.0,-1.4535453175050521,0.0,0.0,0.0,-1.4901946263509624,0.0,0.0,anzeichen verkehr+s+wende
Hohe,5.469122649808979,0.07289546745270205,0.0,0.0,0.0,0.0,0.0,-1.0242036273422805,0.0,0.0,0.0,-1.060852936188191,0.0,0.0,Hohe
verkehr+s+wende hoch+e,5.469122649808979,0.07289546745270205,0.0,0.0,0.0,0.0,0.0,-1.0242036273422805,0.0,0.0,0.0,-1.060852936188191,0.0,0.0,verkehr+s+wende hoch+e
Spritpreise,5.592051029554648,0.07373643579494311,0.0,0.0,0.0,0.0,0.0,-1.046431547207388,0.0,0.0,0.0,-1.0830808560532985,0.0,0.0,Spritpreise
hoch+e sprit+preis+e,5.592051029554648,0.07373643579494311,0.0,0.0,0.0,0.0,0.0,-1.046431547207388,0.0,0.0,0.0,-1.0830808560532985,0.0,0.0,hoch+e sprit+preis+e
pushen,4.596236651732773,0.06560056493219983,0.0,0.0,0.0,0.0,0.0,-0.8503232663250544,0.0,0.0,0.0,-0.886972575170965,0.0,0.0,pushen
sprit+preis+e push+en,4.596236651732773,0.06560056493219983,0.0,0.0,0.0,0.0,0.0,-0.8503232663250544,0.0,0.0,0.0,-0.886972575170965,0.0,0.0,sprit+preis+e push+en
E-Mobilität,4.479538354425152,0.06440477317126603,0.0,0.0,0.0,0.0,0.0,-0.8246054120907346,0.0,0.0,0.0,-0.861254720936645,0.0,0.0,E-Mobilität
push+en e+-+mobilität,4.479538354425152,0.06440477317126603,0.0,0.0,0.0,0.0,0.0,-0.8246054120907346,0.0,0.0,0.0,-0.861254720936645,0.0,0.0,push+en e+-+mobilität
Autoversicherer,6.525930503463876,0.079074101395314,0.0,0.0,0.0,0.0,0.0,-1.2008689657970257,0.0,0.0,0.0,-1.2375182746429363,0.0,0.0,Autoversicherer
e+-+mobilität auto+versicherer,3.9766654781296236,0.05842768694170218,0.0,0.0,0.0,0.0,0.0,-0.7055290654246319,0.0,0.0,0.0,-0.7421783742705426,0.0,0.0,e+-+mobilität auto+versicherer
bestätigt,5.790560612560045,0.07501771907804367,0.0,0.0,0.0,0.0,0.0,-1.081314528034758,0.0,0.0,0.0,-1.1179638368806686,0.0,0.0,bestätigt
auto+versicherer bestätig+t,5.790560612560045,0.07501771907804367,0.0,0.0,0.0,0.0,0.0,-1.081314528034758,0.0,0.0,0.0,-1.1179638368806686,0.0,0.0,auto+versicherer bestätig+t
Trend,5.492176532488424,0.07305610458804694,0.0,0.0,0.0,0.0,0.0,-1.028410047820168,0.0,0.0,0.0,-1.0650593566660784,0.0,0.0,Trend
bestätig+t trend,5.492176532488424,0.07305610458804694,0.0,0.0,0.0,0.0,0.0,-1.028410047820168,0.0,0.0,0.0,-1.0650593566660784,0.0,0.0,bestätig+t trend
Umstieg,5.258136706542292,0.07135859942769357,0.0,0.0,0.0,0.0,0.0,-0.984862142553142,0.0,0.0,0.0,-1.0215114513990526,0.0,0.0,Umstieg
trend umstieg,5.258136706542292,0.07135859942769357,0.0,0.0,0.0,0.0,0.0,-0.984862142553142,0.0,0.0,0.0,-1.0215114513990526,0.0,0.0,trend umstieg
aufs,5.103618274858685,0.07015078881986336,0.0,0.0,0.0,0.0,0.0,-0.9550351706977324,0.0,0.0,0.0,-0.9916844795436428,0.0,0.0,aufs
umstieg auf,5.103618274858685,0.07015078881986336,0.0,0.0,0.0,0.0,0.0,-0.9550351706977324,0.0,0.0,0.0,-0.9916844795436428,0.0,0.0,umstieg auf
Elektroauto,5.018708481107446,0.06945475607845437,0.0,0.0,0.0,0.0,0.0,-0.9382580427837139,0.0,0.0,0.0,-0.9749073516296245,0.0,0.0,Elektroauto
auf elektroauto,5.018708481107446,0.06945475607845437,0.0,0.0,0.0,0.0,0.0,-0.9382580427837139,0.0,0.0,0.0,-0.9749073516296245,0.0,0.0,auf elektroauto
Vielfahrenden,4.675847776059743,0.06638130866298865,0.0,0.0,0.0,0.0,0.0,-0.8674959056334396,0.0,0.0,0.0,-0.90414521447935,0.0,0.0,Vielfahrenden
elektroauto vielfahrende+n,4.675847776059743,0.06638130866298865,0.0,0.0,0.0,0.0,0.0,-0.8674959056334396,0.0,0.0,0.0,-0.90414521447935,0.0,0.0,elektroauto vielfahrende+n
Auch,4.553776986146044,0.06517274366672489,0.0,0.0,0.0,0.0,0.0,-0.8410424123206824,0.0,0.0,0.0,-0.877691721166593,0.0,0.0,Auch
Gebrauchtwagen,4.504005984734272,0.0646607439997785,0.0,0.0,0.0,0.0,0.0,-0.8300526364570117,0.0,0.0,0.0,-0.8667019453029221,0.0,0.0,Gebrauchtwagen
auch gebrauchtwagen,4.504005984734272,0.0646607439997785,0.0,0.0,0.0,0.0,0.0,-0.8300526364570117,0.0,0.0,0.0,-0.8667019453029221,0.0,0.0,auch gebrauchtwagen
geht,4.476670246650871,0.06437458060519743,0.0,0.0,0.0,0.0,0.0,-0.8239649384260234,0.0,0.0,0.0,-0.8606142472719338,0.0,0.0,geht
gebrauchtwagen geh+t,4.476670246650871,0.06437458060519743,0.0,0.0,0.0,0.0,0.0,-0.8239649384260234,0.0,0.0,0.0,-0.8606142472719338,0.0,0.0,gebrauchtwagen geh+t
öfter,4.515680216730075,0.06478187493721121,0.0,0.0,0.0,0.0,0.0,-0.8326412494650589,0.0,0.0,0.0,-0.8692905583109695,0.0,0.0,öfter
geh+t öfter,4.515680216730075,0.06478187493721121,0.0,0.0,0.0,0.0,0.0,-0.8326412494650589,0.0,0.0,0.0,-0.8692905583109695,0.0,0.0,geh+t öfter
Verbrenner,5.0852427102992035,0.07000216993540322,0.0,0.0,0.0,0.0,0.0,-0.9514281758611063,0.0,0.0,0.0,-0.988077484707017,0.0,0.0,Verbrenner
öfter verb+renner,5.0852427102992035,0.07000216993540322,0.0,0.0,0.0,0.0,0.0,-0.9514281758611063,0.0,0.0,0.0,-0.988077484707017,0.0,0.0,öfter verb+renner
...,5.200524369559214,0.07091682683582645,0.0,0.0,0.0,0.0,0.0,-0.973844877663865,0.0,0.0,0.0,-1.0104941865097754,0.0,0.0,...
mehr ...,5.200524369559214,0.07091682683582645,0.0,0.0,0.0,0.0,0.0,-0.973844877663865,0.0,0.0,0.0,-1.0104941865097754,0.0,0.0,mehr ...
Dürre,1.7353446031535997,-0.013039708817439303,0.0,0.0,0.0,0.0,0.0,0.12370857093021695,0.0,0.0,0.0,0.0870592620843063,0.0,0.0,Dürre
dürre lockerung,1.8137827562726736,-0.007371510661738353,0.0,0.0,0.0,0.0,0.0,0.0794999981149928,0.0,0.0,0.0,0.042850689269082504,0.0,0.0,dürre lockerung
Lkw-Fahrverboten,2.207468655234853,0.01468466518313569,0.0,0.0,0.0,0.0,0.0,-0.11693187104173439,0.0,0.0,0.0,-0.15358117988764478,0.0,0.0,Lkw-Fahrverboten
lockerung lkw+-+fahr+verbot+en,2.207468655234853,0.01468466518313569,0.0,0.0,0.0,0.0,0.0,-0.11693187104173439,0.0,0.0,0.0,-0.15358117988764478,0.0,0.0,lockerung lkw+-+fahr+verbot+en
Österreich,2.4650058741335523,0.02513034735457242,0.0,0.0,0.0,0.0,0.0,-0.2272796073681296,0.0,0.0,0.0,-0.2639289162140402,0.0,0.0,Österreich
lkw+-+fahr+verbot+en österreich,1.8433383912366266,-0.005368545676566103,0.0,0.0,0.0,0.0,0.0,0.06333631238728418,0.0,0.0,0.0,0.02668700354137355,0.0,0.0,lkw+-+fahr+verbot+en österreich
derzeit,1.8907628773006504,-0.002293291065993902,0.0,0.0,0.0,0.0,0.0,0.037934196724579865,0.0,0.0,0.0,0.0012848878786694859,0.0,0.0,derzeit
österreich derzeit,1.7179132755303026,-0.014374315676443903,0.0,0.0,0.0,0.0,0.0,0.13380424075228545,0.0,0.0,0.0,0.09715493190637486,0.0,0.0,österreich derzeit
derzeit thema,1.6350068334070755,-0.021138808240393492,0.0,0.0,0.0,0.0,0.0,0.18326759934497264,0.0,0.0,0.0,0.14661829049906222,0.0,0.0,derzeit thema
thema der,1.6080613251703375,-0.023498275328898945,0.0,0.0,0.0,0.0,0.0,0.19988527556602523,0.0,0.0,0.0,0.16323596672011453,0.0,0.0,thema der
Umverteilung,1.5926228072094866,-0.02488872137710933,0.0,0.0,0.0,0.0,0.0,0.2095323616613091,0.0,0.0,0.0,0.17288305281539873,0.0,0.0,Umverteilung
der umverteilung,1.5926228072094866,-0.02488872137710933,0.0,0.0,0.0,0.0,0.0,0.2095323616613091,0.0,0.0,0.0,0.17288305281539873,0.0,0.0,der umverteilung
Gütern,1.7897697888039337,-0.009050648588179777,0.0,0.0,0.0,0.0,0.0,0.09282758116432624,0.0,0.0,0.0,0.056178272318415615,0.0,0.0,Gütern
umverteilung gut+ern,1.5421482725295124,-0.02964351181873613,0.0,0.0,0.0,0.0,0.0,0.24173815663546042,0.0,0.0,0.0,0.2050888477895498,0.0,0.0,umverteilung gut+ern
Donau,1.5105823799863551,-0.03279098349940319,0.0,0.0,0.0,0.0,0.0,0.2624193245585494,0.0,0.0,0.0,0.22577001571263888,0.0,0.0,Donau
gut+ern donau,1.5105823799863551,-0.03279098349940319,0.0,0.0,0.0,0.0,0.0,0.2624193245585494,0.0,0.0,0.0,0.22577001571263888,0.0,0.0,gut+ern donau
Schienen,1.4937500231449086,-0.034527974890636505,0.0,0.0,0.0,0.0,0.0,0.27362483094714124,0.0,0.0,0.0,0.23697552210123077,0.0,0.0,Schienen
donau schiene+n,1.4937500231449086,-0.034527974890636505,0.0,0.0,0.0,0.0,0.0,0.27362483094714124,0.0,0.0,0.0,0.23697552210123077,0.0,0.0,donau schiene+n
Straßen,1.4754043423158896,-0.03646983869625321,0.0,0.0,0.0,0.0,0.0,0.2859825005307554,0.0,0.0,0.0,0.24933319168484505,0.0,0.0,Straßen
schiene+n straße+n,1.4754043423158896,-0.03646983869625321,0.0,0.0,0.0,0.0,0.0,0.2859825005307554,0.0,0.0,0.0,0.24933319168484505,0.0,0.0,schiene+n straße+n
funktioniere,1.4656554082471618,-0.037523105870866345,0.0,0.0,0.0,0.0,0.0,0.2926120630707207,0.0,0.0,0.0,0.2559627542248101,0.0,0.0,funktioniere
straße+n funktionier+e,1.4656554082471618,-0.037523105870866345,0.0,0.0,0.0,0.0,0.0,0.2926120630707207,0.0,0.0,0.0,0.2559627542248101,0.0,0.0,straße+n funktionier+e
funktionier+e österreich,1.8433383912366266,-0.005368545676566103,0.0,0.0,0.0,0.0,0.0,0.06333631238728418,0.0,0.0,0.0,0.02668700354137355,0.0,0.0,funktionier+e österreich
gut,1.434802544534749,-0.04095845050637364,0.0,0.0,0.0,0.0,0.0,0.31388734302278976,0.0,0.0,0.0,0.27723803417687914,0.0,0.0,gut
österreich gut,1.434802544534749,-0.04095845050637364,0.0,0.0,0.0,0.0,0.0,0.31388734302278976,0.0,0.0,0.0,0.27723803417687914,0.0,0.0,österreich gut
heißt,1.4324175266970811,-0.041230679271490586,0.0,0.0,0.0,0.0,0.0,0.31555098817628563,0.0,0.0,0.0,0.2789016793303751,0.0,0.0,heißt
gut heiß+t,1.4324175266970811,-0.041230679271490586,0.0,0.0,0.0,0.0,0.0,0.31555098817628563,0.0,0.0,0.0,0.2789016793303751,0.0,0.0,gut heiß+t
Verkehrsministerium,1.44695614721835,-0.03958629110273553,0.0,0.0,0.0,0.0,0.0,0.3054524419489716,0.0,0.0,0.0,0.2688031331030611,0.0,0.0,Verkehrsministerium
heiß+t verkehr+s+ministerium,1.44695614721835,-0.03958629110273553,0.0,0.0,0.0,0.0,0.0,0.3054524419489716,0.0,0.0,0.0,0.2688031331030611,0.0,0.0,heiß+t verkehr+s+ministerium
Presse,1.4741283184818932,-0.036606844146488536,0.0,0.0,0.0,0.0,0.0,0.28684773856019846,0.0,0.0,0.0,0.2501984297142877,0.0,0.0,Presse
der presse,1.4741283184818932,-0.036606844146488536,0.0,0.0,0.0,0.0,0.0,0.28684773856019846,0.0,0.0,0.0,0.2501984297142877,0.0,0.0,der presse
Google,1.4892002799935171,-0.03500474792596749,0.0,0.0,0.0,0.0,0.0,0.27667533210685685,0.0,0.0,0.0,0.24002602326094635,0.0,0.0,Google
presse googel+e,1.4892002799935171,-0.03500474792596749,0.0,0.0,0.0,0.0,0.0,0.27667533210685685,0.0,0.0,0.0,0.24002602326094635,0.0,0.0,presse googel+e
bevorzugte,1.5069897436923911,-0.033158211873499474,0.0,0.0,0.0,0.0,0.0,0.26480046929623335,0.0,0.0,0.0,0.22815116045032274,0.0,0.0,bevorzugte
googel+e bevorzugt+e,1.5069897436923911,-0.033158211873499474,0.0,0.0,0.0,0.0,0.0,0.26480046929623335,0.0,0.0,0.0,0.22815116045032274,0.0,0.0,googel+e bevorzugt+e
Nachrichtenquelle,1.5284284696371297,-0.030994342562333896,0.0,0.0,0.0,0.0,0.0,0.25067451963692655,0.0,0.0,0.0,0.214025210791016,0.0,0.0,Nachrichtenquelle
bevorzugt+e nachricht+en+quelle,1.5284284696371297,-0.030994342562333896,0.0,0.0,0.0,0.0,0.0,0.25067451963692655,0.0,0.0,0.0,0.214025210791016,0.0,0.0,bevorzugt+e nachricht+en+quelle
hinzufügen,1.575554905995243,-0.026459955242022843,0.0,0.0,0.0,0.0,0.0,0.2203070516454706,0.0,0.0,0.0,0.18365774279955988,0.0,0.0,hinzufügen
nachricht+en+quelle hin+zu+füg+en,1.575554905995243,-0.026459955242022843,0.0,0.0,0.0,0.0,0.0,0.2203070516454706,0.0,0.0,0.0,0.18365774279955988,0.0,0.0,nachricht+en+quelle hin+zu+füg+en
Während,1.6301487194702309,-0.021558035389815117,0.0,0.0,0.0,0.0,0.0,0.1862433335438802,0.0,0.0,0.0,0.14959402469796965,0.0,0.0,Während
deutsche,5.461170266918466,0.07283973541660899,0.0,0.0,0.0,0.0,0.0,-1.022748518251562,0.0,0.0,0.0,-1.0593978270974727,0.0,0.0,deutsche
während deutsch+e,1.726413993032474,-0.01371987998819263,0.0,0.0,0.0,0.0,0.0,0.12886816232579015,0.0,0.0,0.0,0.09221885347987965,0.0,0.0,während deutsch+e
deutsch+e bund+es+land+er,1.8280406897961037,-0.0063966732922495695,0.0,0.0,0.0,0.0,0.0,0.07166985116685758,0.0,0.0,0.0,0.035020542320947104,0.0,0.0,deutsch+e bund+es+land+er
bund+es+land+er lkw+-+fahr+verbot+e,2.207468655234853,0.01468466518313569,0.0,0.0,0.0,0.0,0.0,-0.11693187104173439,0.0,0.0,0.0,-0.15358117988764478,0.0,0.0,bund+es+land+er lkw+-+fahr+verbot+e
erster,1.8598093679047676,-0.004281623765277178,0.0,0.0,0.0,0.0,0.0,0.054440591040492675,0.0,0.0,0.0,0.01779128219458205,0.0,0.0,erster
lkw+-+fahr+verbot+e erst+er,1.8598093679047676,-0.004281623765277178,0.0,0.0,0.0,0.0,0.0,0.054440591040492675,0.0,0.0,0.0,0.01779128219458205,0.0,0.0,lkw+-+fahr+verbot+e erst+er
Linie,1.765117129787768,-0.010825107630688809,0.0,0.0,0.0,0.0,0.0,0.10669753246996913,0.0,0.0,0.0,0.07004822362405858,0.0,0.0,Linie
erst+er linie,1.765117129787768,-0.010825107630688809,0.0,0.0,0.0,0.0,0.0,0.10669753246996913,0.0,0.0,0.0,0.07004822362405858,0.0,0.0,erst+er linie
linie wegen,1.7098089172185293,-0.015004701430929331,0.0,0.0,0.0,0.0,0.0,0.13853296318526676,0.0,0.0,0.0,0.10188365433935605,0.0,0.0,linie wegen
dürrebedingt,1.668023082634958,-0.018358840372875246,0.0,0.0,0.0,0.0,0.0,0.1632754407883539,0.0,0.0,0.0,0.12662613194244343,0.0,0.0,dürrebedingt
wegen dürre+beding+t,1.668023082634958,-0.018358840372875246,0.0,0.0,0.0,0.0,0.0,0.1632754407883539,0.0,0.0,0.0,0.12662613194244343,0.0,0.0,wegen dürre+beding+t
mangelnder,1.6040338918170804,-0.02385823392779975,0.0,0.0,0.0,0.0,0.0,0.20239294435645663,0.0,0.0,0.0,0.1657436355105462,0.0,0.0,mangelnder
dürre+beding+t mangel+nd+er,1.6040338918170804,-0.02385823392779975,0.0,0.0,0.0,0.0,0.0,0.20239294435645663,0.0,0.0,0.0,0.1657436355105462,0.0,0.0,dürre+beding+t mangel+nd+er
Transportkapazitäten,1.5663100997705546,-0.027326364459393102,0.0,0.0,0.0,0.0,0.0,0.22619198488643186,0.0,0.0,0.0,0.18954267604052133,0.0,0.0,Transportkapazitäten
mangel+nd+er transport+kapazität+en,1.5663100997705546,-0.027326364459393102,0.0,0.0,0.0,0.0,0.0,0.22619198488643186,0.0,0.0,0.0,0.18954267604052133,0.0,0.0,mangel+nd+er transport+kapazität+en
Wa…,1.5018224750490945,-0.03368971397639572,0.0,0.0,0.0,0.0,0.0,0.2682352291600846,0.0,0.0,0.0,0.2315859203141741,0.0,0.0,Wa…
transport+kapazität+en wa…,1.5018224750490945,-0.03368971397639572,0.0,0.0,0.0,0.0,0.0,0.2682352291600846,0.0,0.0,0.0,0.2315859203141741,0.0,0.0,transport+kapazität+en wa…
+2421,1.4937500231449086,-0.034527974890636505,0.0,0.0,0.0,0.0,0.0,0.27362483094714124,0.0,0.0,0.0,0.23697552210123077,0.0,0.0,+2421
wa… +2421,1.4937500231449086,-0.034527974890636505,0.0,0.0,0.0,0.0,0.0,0.27362483094714124,0.0,0.0,0.0,0.23697552210123077,0.0,0.0,wa… +2421
+2421 chars,1.4848509982358236,-0.0354634603856267,0.0,0.0,0.0,0.0,0.0,0.27960015380717823,0.0,0.0,0.0,0.24295084496126781,0.0,0.0,+2421 chars
Fahrverbote,11.198209961558565,0.09228648358322755,0.0,0.0,0.0,0.0,0.0,-1.740839357527528,0.0,0.0,0.0,-1.7774886663734386,0.0,0.0,Fahrverbote
neu+e fahr+verbot+e,3.9277733765965026,0.05776272039987097,0.0,0.0,0.0,0.0,0.0,-0.6931581113393529,0.0,0.0,0.0,-0.7298074201852635,0.0,0.0,neu+e fahr+verbot+e
Millionen,9.153438230203387,0.08818273942663275,0.0,0.0,0.0,0.0,0.0,-1.5392149884306794,0.0,0.0,0.0,-1.5758642972765902,0.0,0.0,Millionen
fahr+verbot+e million+en,5.359450322558904,0.07211198698919835,0.0,0.0,0.0,0.0,0.0,-1.0039468349231964,0.0,0.0,0.0,-1.040596143769107,0.0,0.0,fahr+verbot+e million+en
Diesel,4.821752889031978,0.06774381104162316,0.0,0.0,0.0,0.0,0.0,-0.8982229487349529,0.0,0.0,0.0,-0.9348722575808635,0.0,0.0,Diesel
million+en diesel,4.821752889031978,0.06774381104162316,0.0,0.0,0.0,0.0,0.0,-0.8982229487349529,0.0,0.0,0.0,-0.9348722575808635,0.0,0.0,million+en diesel
geben,5.570128165450714,0.07358922941922907,0.0,0.0,0.0,0.0,0.0,-1.0425034804903883,0.0,0.0,0.0,-1.0791527893362987,0.0,0.0,geben
diesel geb+en,5.570128165450714,0.07358922941922907,0.0,0.0,0.0,0.0,0.0,-1.0425034804903883,0.0,0.0,0.0,-1.0791527893362987,0.0,0.0,diesel geb+en
Diesel-Fahrverbote,7.434900498371611,0.08296368056588933,0.0,0.0,0.0,0.0,0.0,-1.331270613814596,0.0,0.0,0.0,-1.3679199226605063,0.0,0.0,Diesel-Fahrverbote
geb+en diesel+-+fahr+verbot+e,6.703292078778016,0.07991716710686993,0.0,0.0,0.0,0.0,0.0,-1.2276841776237306,0.0,0.0,0.0,-1.2643334864696412,0.0,0.0,geb+en diesel+-+fahr+verbot+e
diesel+-+fahr+verbot+e million+en,5.359450322558904,0.07211198698919835,0.0,0.0,0.0,0.0,0.0,-1.0039468349231964,0.0,0.0,0.0,-1.040596143769107,0.0,0.0,diesel+-+fahr+verbot+e million+en
Euro,8.95051602523131,0.08767203706804255,0.0,0.0,0.0,0.0,0.0,-1.5167966039357963,0.0,0.0,0.0,-1.5534459127817066,0.0,0.0,Euro
million+en euro,4.637987700026043,0.06601343442609953,0.0,0.0,0.0,0.0,0.0,-0.8593660036909396,0.0,0.0,0.0,-0.8960153125368501,0.0,0.0,million+en euro
euro euro,4.637987700026043,0.06601343442609953,0.0,0.0,0.0,0.0,0.0,-0.8593660036909396,0.0,0.0,0.0,-0.8960153125368501,0.0,0.0,euro euro
6-Autos,3.982037921304096,0.058499733612563824,0.0,0.0,0.0,0.0,0.0,-0.7068791456376706,0.0,0.0,0.0,-0.7435284544835812,0.0,0.0,6-Autos
euro 6-auto+s,3.982037921304096,0.058499733612563824,0.0,0.0,0.0,0.0,0.0,-0.7068791456376706,0.0,0.0,0.0,-0.7435284544835812,0.0,0.0,euro 6-auto+s
drohen,3.7827096157257856,0.055685744713580385,0.0,0.0,0.0,0.0,0.0,-0.6555259992496649,0.0,0.0,0.0,-0.6921753080955755,0.0,0.0,drohen
6-auto+s droh+en,3.7827096157257856,0.055685744713580385,0.0,0.0,0.0,0.0,0.0,-0.6555259992496649,0.0,0.0,0.0,-0.6921753080955755,0.0,0.0,6-auto+s droh+en
2030,3.568947663945251,0.052308259771097404,0.0,0.0,0.0,0.0,0.0,-0.5973561971942852,0.0,0.0,0.0,-0.6340055060401959,0.0,0.0,2030
droh+en 2030,3.568947663945251,0.052308259771097404,0.0,0.0,0.0,0.0,0.0,-0.5973561971942852,0.0,0.0,0.0,-0.6340055060401959,0.0,0.0,droh+en 2030
Warum,3.4731170738580803,0.05065499150663294,0.0,0.0,0.0,0.0,0.0,-0.5701378997746025,0.0,0.0,0.0,-0.606787208620513,0.0,0.0,Warum
erklärt,4.929062542513584,0.06869332106993854,0.0,0.0,0.0,0.0,0.0,-0.920234233185417,0.0,0.0,0.0,-0.9568835420313275,0.0,0.0,erklärt
warum erklär+t,3.3750965832699076,0.04886373420626807,0.0,0.0,0.0,0.0,0.0,-0.5415093580408606,0.0,0.0,0.0,-0.5781586668867711,0.0,0.0,warum erklär+t
Abgas-Experte,3.2775599180644717,0.04697148799869101,0.0,0.0,0.0,0.0,0.0,-0.5121846349860437,0.0,0.0,0.0,-0.5488339438319542,0.0,0.0,Abgas-Experte
erklär+t abgas+-+experte,3.2775599180644717,0.04697148799869101,0.0,0.0,0.0,0.0,0.0,-0.5121846349860437,0.0,0.0,0.0,-0.5488339438319542,0.0,0.0,erklär+t abgas+-+experte
Professor,3.1350179545792205,0.043987084744376896,0.0,0.0,0.0,0.0,0.0,-0.46772031806766706,0.0,0.0,0.0,-0.5043696269135776,0.0,0.0,Professor
abgas+-+experte professor,3.1350179545792205,0.043987084744376896,0.0,0.0,0.0,0.0,0.0,-0.46772031806766706,0.0,0.0,0.0,-0.5043696269135776,0.0,0.0,abgas+-+experte professor
Thomas,3.0497948319357007,0.042064799664891545,0.0,0.0,0.0,0.0,0.0,-0.4401597369995848,0.0,0.0,0.0,-0.4768090458454954,0.0,0.0,Thomas
professor thomas,3.0497948319357007,0.042064799664891545,0.0,0.0,0.0,0.0,0.0,-0.4401597369995848,0.0,0.0,0.0,-0.4768090458454954,0.0,0.0,professor thomas
Koch,2.9965517209660666,0.04080635897104851,0.0,0.0,0.0,0.0,0.0,-0.4225476180870431,0.0,0.0,0.0,-0.4591969269329537,0.0,0.0,Koch
thomas koch,2.9965517209660666,0.04080635897104851,0.0,0.0,0.0,0.0,0.0,-0.4225476180870431,0.0,0.0,0.0,-0.4591969269329537,0.0,0.0,thomas koch
Feinstaub,2.9345279215985443,0.039280674850611284,0.0,0.0,0.0,0.0,0.0,-0.40163201277408533,0.0,0.0,0.0,-0.43828132161999594,0.0,0.0,Feinstaub
Stickoxide,2.844285326367483,0.03693749021709076,0.0,0.0,0.0,0.0,0.0,-0.37039724949634417,0.0,0.0,0.0,-0.40704655834225456,0.0,0.0,Stickoxide
feinstaub stickoxid+e,2.844285326367483,0.03693749021709076,0.0,0.0,0.0,0.0,0.0,-0.37039724949634417,0.0,0.0,0.0,-0.40704655834225456,0.0,0.0,feinstaub stickoxid+e
Luft,2.7622580232204728,0.034669565334786656,0.0,0.0,0.0,0.0,0.0,-0.34113388646366694,0.0,0.0,0.0,-0.3777831953095773,0.0,0.0,Luft
stickoxid+e luft,2.7622580232204728,0.034669565334786656,0.0,0.0,0.0,0.0,0.0,-0.34113388646366694,0.0,0.0,0.0,-0.3777831953095773,0.0,0.0,stickoxid+e luft
luft deutschland,2.725668910652298,0.03361215310352323,0.0,0.0,0.0,0.0,0.0,-0.32779928665161906,0.0,0.0,0.0,-0.36444859549752956,0.0,0.0,luft deutschland
seit,2.6558705839787775,0.03151088901846533,0.0,0.0,0.0,0.0,0.0,-0.3018579213761124,0.0,0.0,0.0,-0.3385072302220229,0.0,0.0,seit
deutschland seit,2.6558705839787775,0.03151088901846533,0.0,0.0,0.0,0.0,0.0,-0.3018579213761124,0.0,0.0,0.0,-0.3385072302220229,0.0,0.0,deutschland seit
seit jahr+en,2.6371266678330683,0.03092687772819863,0.0,0.0,0.0,0.0,0.0,-0.29477535790301695,0.0,0.0,0.0,-0.3314246667489274,0.0,0.0,seit jahr+en
kontinuierlich,2.612079914893436,0.030132856667175238,0.0,0.0,0.0,0.0,0.0,-0.28523222309528595,0.0,0.0,0.0,-0.32188153194119634,0.0,0.0,kontinuierlich
jahr+en kontinuierlich,2.612079914893436,0.030132856667175238,0.0,0.0,0.0,0.0,0.0,-0.28523222309528595,0.0,0.0,0.0,-0.32188153194119634,0.0,0.0,jahr+en kontinuierlich
weniger,2.5625993643655827,0.028516680413551602,0.0,0.0,0.0,0.0,0.0,-0.2661075369112079,0.0,0.0,0.0,-0.3027568457571185,0.0,0.0,weniger
kontinuierlich weniger,2.5625993643655827,0.028516680413551602,0.0,0.0,0.0,0.0,0.0,-0.2661075369112079,0.0,0.0,0.0,-0.3027568457571185,0.0,0.0,kontinuierlich weniger
Schadstoffen,2.5266043004609084,0.0272994812192346,0.0,0.0,0.0,0.0,0.0,-0.25196164434732016,0.0,0.0,0.0,-0.2886109531932306,0.0,0.0,Schadstoffen
weniger schadstoff+en,2.5266043004609084,0.0272994812192346,0.0,0.0,0.0,0.0,0.0,-0.25196164434732016,0.0,0.0,0.0,-0.2886109531932306,0.0,0.0,weniger schadstoff+en
belastet,2.490698947189923,0.02604872319759673,0.0,0.0,0.0,0.0,0.0,-0.2376487896306455,0.0,0.0,0.0,-0.2742980984765562,0.0,0.0,belastet
schadstoff+en belast+et,2.490698947189923,0.02604872319759673,0.0,0.0,0.0,0.0,0.0,-0.2376487896306455,0.0,0.0,0.0,-0.2742980984765562,0.0,0.0,schadstoff+en belast+et
Straßenverkehr,2.4479190090381255,0.024508440334502713,0.0,0.0,0.0,0.0,0.0,-0.22032369642020028,0.0,0.0,0.0,-0.25697300526611083,0.0,0.0,Straßenverkehr
sogenannten,2.398461756809435,0.02265612283836974,0.0,0.0,0.0,0.0,0.0,-0.1999130140654122,0.0,0.0,0.0,-0.23656232291132268,0.0,0.0,sogenannten
straße+n+verkehr sogenannt+en,2.398461756809435,0.02265612283836974,0.0,0.0,0.0,0.0,0.0,-0.1999130140654122,0.0,0.0,0.0,-0.23656232291132268,0.0,0.0,straße+n+verkehr sogenannt+en
Immissionen,2.373875103526151,0.021705227328536823,0.0,0.0,0.0,0.0,0.0,-0.18960910152356286,0.0,0.0,0.0,-0.22625841036947333,0.0,0.0,Immissionen
sogenannt+en immission+en,2.373875103526151,0.021705227328536823,0.0,0.0,0.0,0.0,0.0,-0.18960910152356286,0.0,0.0,0.0,-0.22625841036947333,0.0,0.0,sogenannt+en immission+en
beiträgt,2.350758808684132,0.02079220567710784,0.0,0.0,0.0,0.0,0.0,-0.17982359020902192,0.0,0.0,0.0,-0.21647289905493253,0.0,0.0,beiträgt
immission+en beitrag+t,2.350758808684132,0.02079220567710784,0.0,0.0,0.0,0.0,0.0,-0.17982359020902192,0.0,0.0,0.0,-0.21647289905493253,0.0,0.0,immission+en beitrag+t
Beitra…,2.31682536554026,0.019417365768931414,0.0,0.0,0.0,0.0,0.0,-0.16528328853393948,0.0,0.0,0.0,-0.2019325973798498,0.0,0.0,Beitra…
beitrag+t beitra…,2.31682536554026,0.019417365768931414,0.0,0.0,0.0,0.0,0.0,-0.16528328853393948,0.0,0.0,0.0,-0.2019325973798498,0.0,0.0,beitrag+t beitra…
+1676,1.519139353102748,-0.03192384638167254,0.0,0.0,0.0,0.0,0.0,0.25677062370540543,0.0,0.0,0.0,0.22012131485949485,0.0,0.0,+1676
beitra… +1676,1.519139353102748,-0.03192384638167254,0.0,0.0,0.0,0.0,0.0,0.25677062370540543,0.0,0.0,0.0,0.22012131485949485,0.0,0.0,beitra… +1676
+1676 char+s,1.5162105569177597,-0.032219455321483036,0.0,0.0,0.0,0.0,0.0,0.2587004157759975,0.0,0.0,0.0,0.2220511069300869,0.0,0.0,+1676 char+s
niedrigwasser rhein,1.8988667474956287,-0.0017840735801757685,0.0,0.0,0.0,0.0,0.0,0.03365732359971926,0.0,0.0,0.0,-0.0029919852461911967,0.0,0.0,niedrigwasser rhein
rhein der,1.8066572663970069,-0.007864819860565166,0.0,0.0,0.0,0.0,0.0,0.08343625947070307,0.0,0.0,0.0,0.046786950624792586,0.0,0.0,rhein der
Aufheben,1.7735658831987338,-0.01021106754384714,0.0,0.0,0.0,0.0,0.0,0.10192243990946127,0.0,0.0,0.0,0.06527313106355069,0.0,0.0,Aufheben
der aufheben,1.7735658831987338,-0.01021106754384714,0.0,0.0,0.0,0.0,0.0,0.10192243990946127,0.0,0.0,0.0,0.06527313106355069,0.0,0.0,der aufheben
aufheben sonntag+s+fahr+verbot+s,1.6973791797188966,-0.01598401463472636,0.0,0.0,0.0,0.0,0.0,0.14582918064503123,0.0,0.0,0.0,0.10917987179912053,0.0,0.0,aufheben sonntag+s+fahr+verbot+s
sonntag+s+fahr+verbot+s last+wagen,1.6170212316790928,-0.022704358667008994,0.0,0.0,0.0,0.0,0.0,0.19432887234045532,0.0,0.0,0.0,0.15767956349454487,0.0,0.0,sonntag+s+fahr+verbot+s last+wagen
null,1.5869096417623607,-0.025410625870016627,0.0,0.0,0.0,0.0,0.0,0.21312607972364606,0.0,0.0,0.0,0.1764767708777355,0.0,0.0,null
last+wagen null,1.5869096417623607,-0.025410625870016627,0.0,0.0,0.0,0.0,0.0,0.21312607972364606,0.0,0.0,0.0,0.1764767708777355,0.0,0.0,last+wagen null
Effekt,1.5779045945011339,-0.026241482638092967,0.0,0.0,0.0,0.0,0.0,0.21881682230187702,0.0,0.0,0.0,0.18216751345596646,0.0,0.0,Effekt
null effekt,1.5779045945011339,-0.026241482638092967,0.0,0.0,0.0,0.0,0.0,0.21881682230187702,0.0,0.0,0.0,0.18216751345596646,0.0,0.0,null effekt
effekt rhein,1.8988667474956287,-0.0017840735801757685,0.0,0.0,0.0,0.0,0.0,0.03365732359971926,0.0,0.0,0.0,-0.0029919852461911967,0.0,0.0,effekt rhein
stocken,1.5664897607328139,-0.02730942227408389,0.0,0.0,0.0,0.0,0.0,0.2260772881483979,0.0,0.0,0.0,0.18942797930248745,0.0,0.0,stocken
rhein stock+en,1.5664897607328139,-0.02730942227408389,0.0,0.0,0.0,0.0,0.0,0.2260772881483979,0.0,0.0,0.0,0.18942797930248745,0.0,0.0,rhein stock+en
Logistikketten,1.5869096417623607,-0.025410625870016627,0.0,0.0,0.0,0.0,0.0,0.21312607972364606,0.0,0.0,0.0,0.1764767708777355,0.0,0.0,Logistikketten
stock+en logistik+kette+n,1.5869096417623607,-0.025410625870016627,0.0,0.0,0.0,0.0,0.0,0.21312607972364606,0.0,0.0,0.0,0.1764767708777355,0.0,0.0,stock+en logistik+kette+n
Mehr,1.622059243148991,-0.022262077897714744,0.0,0.0,0.0,0.0,0.0,0.19121810336034678,0.0,0.0,0.0,0.1545687945144362,0.0,0.0,Mehr
logistik+kette+n mehr,1.622059243148991,-0.022262077897714744,0.0,0.0,0.0,0.0,0.0,0.19121810336034678,0.0,0.0,0.0,0.1545687945144362,0.0,0.0,logistik+kette+n mehr
mehr last+wagen,1.6170212316790928,-0.022704358667008994,0.0,0.0,0.0,0.0,0.0,0.19432887234045532,0.0,0.0,0.0,0.15767956349454487,0.0,0.0,mehr last+wagen
helfen,1.6684232050893248,-0.01832587123164755,0.0,0.0,0.0,0.0,0.0,0.16303559130673204,0.0,0.0,0.0,0.12638628246082148,0.0,0.0,helfen
last+wagen helf+en,1.6684232050893248,-0.01832587123164755,0.0,0.0,0.0,0.0,0.0,0.16303559130673204,0.0,0.0,0.0,0.12638628246082148,0.0,0.0,last+wagen helf+en
sagt,1.7337221706323858,-0.013162721021609187,0.0,0.0,0.0,0.0,0.0,0.1246439421670956,0.0,0.0,0.0,0.08799463332118512,0.0,0.0,sagt
helf+en sag+t,1.7337221706323858,-0.013162721021609187,0.0,0.0,0.0,0.0,0.0,0.1246439421670956,0.0,0.0,0.0,0.08799463332118512,0.0,0.0,helf+en sag+t
Rudolf,2.082300775965004,0.00862498642990495,0.0,0.0,0.0,0.0,0.0,-0.05855884154015229,0.0,0.0,0.0,-0.09520815038606276,0.0,0.0,Rudolf
sag+t rudolf,1.7662085057074848,-0.010745436706611919,0.0,0.0,0.0,0.0,0.0,0.10607942127484478,0.0,0.0,0.0,0.0694301124289343,0.0,0.0,sag+t rudolf
Juchelka,2.134501623398985,0.011243050040942757,0.0,0.0,0.0,0.0,0.0,-0.08331860462861332,0.0,0.0,0.0,-0.11996791347452385,0.0,0.0,Juchelka
rudolf juchelka,2.134501623398985,0.011243050040942757,0.0,0.0,0.0,0.0,0.0,-0.08331860462861332,0.0,0.0,0.0,-0.11996791347452385,0.0,0.0,rudolf juchelka
Interview,2.0114098375062115,0.004839867023446892,0.0,0.0,0.0,0.0,0.0,-0.023921304752075975,0.0,0.0,0.0,-0.0605706135979865,0.0,0.0,Interview
juchelka interview,2.0114098375062115,0.004839867023446892,0.0,0.0,0.0,0.0,0.0,-0.023921304752075975,0.0,0.0,0.0,-0.0605706135979865,0.0,0.0,juchelka interview
Niedrigwasserschiffe,2.676266733234543,0.032136706909422795,0.0,0.0,0.0,0.0,0.0,-0.3095082302559411,0.0,0.0,0.0,-0.3461575391018517,0.0,0.0,Niedrigwasserschiffe
wären,1.847290549069614,-0.005105866590382519,0.0,0.0,0.0,0.0,0.0,0.06119458564768414,0.0,0.0,0.0,0.0245452768017739,0.0,0.0,wären
niedrigwasser+schiff+e sei,1.847290549069614,-0.005105866590382519,0.0,0.0,0.0,0.0,0.0,0.06119458564768414,0.0,0.0,0.0,0.0245452768017739,0.0,0.0,niedrigwasser+schiff+e sei
Option,1.7524132239329049,-0.011760273304610288,0.0,0.0,0.0,0.0,0.0,0.11392076002615407,0.0,0.0,0.0,0.0772714511802437,0.0,0.0,Option
sei option,1.7524132239329049,-0.011760273304610288,0.0,0.0,0.0,0.0,0.0,0.11392076002615407,0.0,0.0,0.0,0.0772714511802437,0.0,0.0,sei option
bringen,1.7068822669985475,-0.015233916366421563,0.0,0.0,0.0,0.0,0.0,0.14024611241530643,0.0,0.0,0.0,0.10359680356939581,0.0,0.0,bringen
option bring+en,1.7068822669985475,-0.015233916366421563,0.0,0.0,0.0,0.0,0.0,0.14024611241530643,0.0,0.0,0.0,0.10359680356939581,0.0,0.0,option bring+en
bring+en neu+e,1.6543036894193766,-0.019499603426138934,0.0,0.0,0.0,0.0,0.0,0.17153439431127007,0.0,0.0,0.0,0.13488508546535977,0.0,0.0,bring+en neu+e
Herausforderungen,1.6385946512641731,-0.02083090809558099,0.0,0.0,0.0,0.0,0.0,0.18107562862988064,0.0,0.0,0.0,0.1444263197839701,0.0,0.0,Herausforderungen
neu+e herausforderung+en,1.6385946512641731,-0.02083090809558099,0.0,0.0,0.0,0.0,0.0,0.18107562862988064,0.0,0.0,0.0,0.1444263197839701,0.0,0.0,neu+e herausforderung+en
Universität,1.9730258300736492,0.0026704499744866945,0.0,0.0,0.0,0.0,0.0,-0.004653735591255375,0.0,0.0,0.0,-0.041303044437165745,0.0,0.0,Universität
Duisburg-Essen,1.9326744142608712,0.00029152345790500945,0.0,0.0,0.0,0.0,0.0,0.01600983255736209,0.0,0.0,0.0,-0.020639476288548442,0.0,0.0,Duisburg-Essen
universität duisburg+-+essen,1.9326744142608712,0.00029152345790500945,0.0,0.0,0.0,0.0,0.0,0.01600983255736209,0.0,0.0,0.0,-0.020639476288548442,0.0,0.0,universität duisburg+-+essen
UDE,1.54574483509258,-0.02929366435380548,0.0,0.0,0.0,0.0,0.0,0.2394086950484949,0.0,0.0,0.0,0.2027593862025845,0.0,0.0,UDE
duisburg+-+essen ude,1.54574483509258,-0.02929366435380548,0.0,0.0,0.0,0.0,0.0,0.2394086950484949,0.0,0.0,0.0,0.2027593862025845,0.0,0.0,duisburg+-+essen ude
Ausschnitt,1.5385781910772953,-0.029992522906062247,0.0,0.0,0.0,0.0,0.0,0.2440558457211375,0.0,0.0,0.0,0.20740653687522698,0.0,0.0,Ausschnitt
ude ausschnitt,1.5385781910772953,-0.029992522906062247,0.0,0.0,0.0,0.0,0.0,0.2440558457211375,0.0,0.0,0.0,0.20740653687522698,0.0,0.0,ude ausschnitt
ausschnitt rudolf,1.5228347997912952,-0.03155260423715088,0.0,0.0,0.0,0.0,0.0,0.25434098537141286,0.0,0.0,0.0,0.21769167652550253,0.0,0.0,ausschnitt rudolf
juchelka der,1.5071334811652064,-0.033143483247809566,0.0,0.0,0.0,0.0,0.0,0.26470509331973796,0.0,0.0,0.0,0.22805578447382735,0.0,0.0,juchelka der
Wirtschaftsgeograph,1.5040210934869438,-0.0334630845039313,0.0,0.0,0.0,0.0,0.0,0.2667723327851949,0.0,0.0,0.0,0.23012302393928438,0.0,0.0,Wirtschaftsgeograph
der wirtschaft+s+geograph,1.5040210934869438,-0.0334630845039313,0.0,0.0,0.0,0.0,0.0,0.2667723327851949,0.0,0.0,0.0,0.23012302393928438,0.0,0.0,der wirtschaft+s+geograph
forscht,1.4900939241042104,-0.034910854144711914,0.0,0.0,0.0,0.0,0.0,0.2760754288571108,0.0,0.0,0.0,0.2394261200112002,0.0,0.0,forscht
wirtschaft+s+geograph forsch+t,1.4900939241042104,-0.034910854144711914,0.0,0.0,0.0,0.0,0.0,0.2760754288571108,0.0,0.0,0.0,0.2394261200112002,0.0,0.0,wirtschaft+s+geograph forsch+t
forsch+t universität,1.5888067427093007,-0.02523687694057224,0.0,0.0,0.0,0.0,0.0,0.2119313249389413,0.0,0.0,0.0,0.17528201609303073,0.0,0.0,forsch+t universität
Konzepten,1.466017443739041,-0.03748372143166905,0.0,0.0,0.0,0.0,0.0,0.2923650808786426,0.0,0.0,0.0,0.25571577203273194,0.0,0.0,Konzepten
duisburg+-+essen konzept+en,1.466017443739041,-0.03748372143166905,0.0,0.0,0.0,0.0,0.0,0.2923650808786426,0.0,0.0,0.0,0.25571577203273194,0.0,0.0,duisburg+-+essen konzept+en
Verkehr,1.4599824907442123,-0.03814299586834007,0.0,0.0,0.0,0.0,0.0,0.2964901401319421,0.0,0.0,0.0,0.25984083128603147,0.0,0.0,Verkehr
konzept+en verkehr,1.4599824907442123,-0.03814299586834007,0.0,0.0,0.0,0.0,0.0,0.2964901401319421,0.0,0.0,0.0,0.25984083128603147,0.0,0.0,konzept+en verkehr
verkehr logistik,1.4552245171471365,-0.03866693452410247,0.0,0.0,0.0,0.0,0.0,0.2997543871023984,0.0,0.0,0.0,0.2631050782564878,0.0,0.0,verkehr logistik
mange…,1.4447159566381667,-0.039837335626945344,0.0,0.0,0.0,0.0,0.0,0.30700185069788094,0.0,0.0,0.0,0.27035254185197044,0.0,0.0,mange…
gut+ern mange…,1.4447159566381667,-0.039837335626945344,0.0,0.0,0.0,0.0,0.0,0.30700185069788094,0.0,0.0,0.0,0.27035254185197044,0.0,0.0,gut+ern mange…
+6048,1.4421983796510938,-0.04012047150662257,0.0,0.0,0.0,0.0,0.0,0.3087459811652316,0.0,0.0,0.0,0.27209667231932116,0.0,0.0,+6048
mange… +6048,1.4421983796510938,-0.04012047150662257,0.0,0.0,0.0,0.0,0.0,0.3087459811652316,0.0,0.0,0.0,0.27209667231932116,0.0,0.0,mange… +6048
+6048 chars,1.4403788284993884,-0.04032577116189772,0.0,0.0,0.0,0.0,0.0,0.3100084288028687,0.0,0.0,0.0,0.2733591199569582,0.0,0.0,+6048 chars
Busfahrer,2.072934682459209,0.008140539929354741,0.0,0.0,0.0,0.0,0.0,-0.05405074111516352,0.0,0.0,0.0,-0.09070004996107385,0.0,0.0,Busfahrer
bus+fahrer der,2.424705606847192,0.02364886786152601,0.0,0.0,0.0,0.0,0.0,-0.21079553464236692,0.0,0.0,0.0,-0.24744484348827742,0.0,0.0,bus+fahrer der
ersetzt,2.060410341245618,0.007485482462335726,0.0,0.0,0.0,0.0,0.0,-0.047990574604945886,0.0,0.0,0.0,-0.08463988345085628,0.0,0.0,ersetzt
deutsch+land+ticket ersetz+t,2.060410341245618,0.007485482462335726,0.0,0.0,0.0,0.0,0.0,-0.047990574604945886,0.0,0.0,0.0,-0.08463988345085628,0.0,0.0,deutsch+land+ticket ersetz+t
Busverbindung,2.0833446626274594,0.008678695585093078,0.0,0.0,0.0,0.0,0.0,-0.059060029987270474,0.0,0.0,0.0,-0.09570933883318103,0.0,0.0,Busverbindung
ersetz+t bus+verbindung,2.0833446626274594,0.008678695585093078,0.0,0.0,0.0,0.0,0.0,-0.059060029987270474,0.0,0.0,0.0,-0.09570933883318103,0.0,0.0,ersetz+t bus+verbindung
bus+verbindung der,2.424705606847192,0.02364886786152601,0.0,0.0,0.0,0.0,0.0,-0.21079553464236692,0.0,0.0,0.0,-0.24744484348827742,0.0,0.0,bus+verbindung der
macht,2.2580224633707084,0.016932282929302645,0.0,0.0,0.0,0.0,0.0,-0.13957483088707096,0.0,0.0,0.0,-0.1762241397329815,0.0,0.0,macht
deutsch+land+ticket mach+t,2.2580224633707084,0.016932282929302645,0.0,0.0,0.0,0.0,0.0,-0.13957483088707096,0.0,0.0,0.0,-0.1762241397329815,0.0,0.0,deutsch+land+ticket mach+t
mach+t nahverkehr,2.4774612372200617,0.025578037341169448,0.0,0.0,0.0,0.0,0.0,-0.23231975803497992,0.0,0.0,0.0,-0.2689690668808904,0.0,0.0,mach+t nahverkehr
günstiger,2.076886260520449,0.00834549059934036,0.0,0.0,0.0,0.0,0.0,-0.05595519883027308,0.0,0.0,0.0,-0.09260450767618354,0.0,0.0,günstiger
nahverkehr günstig+er,2.076886260520449,0.00834549059934036,0.0,0.0,0.0,0.0,0.0,-0.05595519883027308,0.0,0.0,0.0,-0.09260450767618354,0.0,0.0,nahverkehr günstig+er
löst,1.943792393637171,0.0009574143607218094,0.0,0.0,0.0,0.0,0.0,0.010273676200414675,0.0,0.0,0.0,-0.026375632645495764,0.0,0.0,löst
günstig+er lös+t,1.943792393637171,0.0009574143607218094,0.0,0.0,0.0,0.0,0.0,0.010273676200414675,0.0,0.0,0.0,-0.026375632645495764,0.0,0.0,günstig+er lös+t
weder,1.8709064872052448,-0.0035607658164861413,0.0,0.0,0.0,0.0,0.0,0.0484915172112004,0.0,0.0,0.0,0.01184220836528978,0.0,0.0,weder
lös+t weder,1.8709064872052448,-0.0035607658164861413,0.0,0.0,0.0,0.0,0.0,0.0484915172112004,0.0,0.0,0.0,0.01184220836528978,0.0,0.0,lös+t weder
Kostendruck,1.818808535582408,-0.00702603731113599,0.0,0.0,0.0,0.0,0.0,0.07673294720690492,0.0,0.0,0.0,0.04008363836099426,0.0,0.0,Kostendruck
weder kosten+druck,1.818808535582408,-0.00702603731113599,0.0,0.0,0.0,0.0,0.0,0.07673294720690492,0.0,0.0,0.0,0.04008363836099426,0.0,0.0,weder kosten+druck
Personalmangel,1.7438861777510992,-0.012396111258000763,0.0,0.0,0.0,0.0,0.0,0.1187985248333677,0.0,0.0,0.0,0.08214921598745735,0.0,0.0,Personalmangel
kosten+druck personal+mangel,1.7438861777510992,-0.012396111258000763,0.0,0.0,0.0,0.0,0.0,0.1187985248333677,0.0,0.0,0.0,0.08214921598745735,0.0,0.0,kosten+druck personal+mangel
Gleichzeitig,1.70413638584563,-0.015449737363652703,0.0,0.0,0.0,0.0,0.0,0.14185611929331987,0.0,0.0,0.0,0.10520681044740937,0.0,0.0,Gleichzeitig
vielerorts,1.6663419899581025,-0.018497543332542624,0.0,0.0,0.0,0.0,0.0,0.1642837843756305,0.0,0.0,0.0,0.1276344755297199,0.0,0.0,vielerorts
gleichzeitig vielerorts,1.6663419899581025,-0.018497543332542624,0.0,0.0,0.0,0.0,0.0,0.1642837843756305,0.0,0.0,0.0,0.1276344755297199,0.0,0.0,gleichzeitig vielerorts
Verbindungen,1.6493918626535273,-0.019912954704679985,0.0,0.0,0.0,0.0,0.0,0.17450793125351824,0.0,0.0,0.0,0.1378586224076076,0.0,0.0,Verbindungen
vielerorts verbindung+en,1.6493918626535273,-0.019912954704679985,0.0,0.0,0.0,0.0,0.0,0.17450793125351824,0.0,0.0,0.0,0.1378586224076076,0.0,0.0,vielerorts verbindung+en
gekürzt,1.631932907537663,-0.021403759825760482,0.0,0.0,0.0,0.0,0.0,0.1851494380198844,0.0,0.0,0.0,0.14850012917397398,0.0,0.0,gekürzt
verbindung+en ge+kürz+t,1.631932907537663,-0.021403759825760482,0.0,0.0,0.0,0.0,0.0,0.1851494380198844,0.0,0.0,0.0,0.14850012917397398,0.0,0.0,verbindung+en ge+kürz+t
Eine,1.6211750922878851,-0.02233948340302218,0.0,0.0,0.0,0.0,0.0,0.1917633312357109,0.0,0.0,0.0,0.1551140223898003,0.0,0.0,Eine
Fahrt,2.256246145093742,0.016855099118565163,0.0,0.0,0.0,0.0,0.0,-0.13878785141256014,0.0,0.0,0.0,-0.17543716025847064,0.0,0.0,Fahrt
ein fahrt,1.6155998053339764,-0.022829678394255315,0.0,0.0,0.0,0.0,0.0,0.19520829892368372,0.0,0.0,0.0,0.15855899007777335,0.0,0.0,ein fahrt
Abend,1.606201886176565,-0.023664225386195618,0.0,0.0,0.0,0.0,0.0,0.20104226805788677,0.0,0.0,0.0,0.16439295921197628,0.0,0.0,Abend
fahrt abend,1.606201886176565,-0.023664225386195618,0.0,0.0,0.0,0.0,0.0,0.20104226805788677,0.0,0.0,0.0,0.16439295921197628,0.0,0.0,fahrt abend
fällt,1.600347360108605,-0.024189426505409707,0.0,0.0,0.0,0.0,0.0,0.20469387738852027,0.0,0.0,0.0,0.16804456854260966,0.0,0.0,fällt
abend fall+t,1.600347360108605,-0.024189426505409707,0.0,0.0,0.0,0.0,0.0,0.20469387738852027,0.0,0.0,0.0,0.16804456854260966,0.0,0.0,abend fall+t
Sonntag,1.587796140739332,-0.025329379053228282,0.0,0.0,0.0,0.0,0.0,0.21256760340442374,0.0,0.0,0.0,0.17591829455851327,0.0,0.0,Sonntag
fährt,1.5812364327530697,-0.025932884799584253,0.0,0.0,0.0,0.0,0.0,0.21670748975955015,0.0,0.0,0.0,0.18005818091363962,0.0,0.0,fährt
sonntag fahr+t,1.5812364327530697,-0.025932884799584253,0.0,0.0,0.0,0.0,0.0,0.21670748975955015,0.0,0.0,0.0,0.18005818091363962,0.0,0.0,sonntag fahr+t
Bus,1.573580380403079,-0.02664408699719241,0.0,0.0,0.0,0.0,0.0,0.2215610630939114,0.0,0.0,0.0,0.18491175424800085,0.0,0.0,Bus
fahr+t bus,1.573580380403079,-0.02664408699719241,0.0,0.0,0.0,0.0,0.0,0.2215610630939114,0.0,0.0,0.0,0.18491175424800085,0.0,0.0,fahr+t bus
seltener,1.5706720907379088,-0.026916200863583133,0.0,0.0,0.0,0.0,0.0,0.2234109721080573,0.0,0.0,0.0,0.1867616632621469,0.0,0.0,seltener
bus selten+er,1.5706720907379088,-0.026916200863583133,0.0,0.0,0.0,0.0,0.0,0.2234109721080573,0.0,0.0,0.0,0.1867616632621469,0.0,0.0,bus selten+er
Minuten,1.9081371331269383,-0.001207173940464315,0.0,0.0,0.0,0.0,0.0,0.028787139987909934,0.0,0.0,0.0,-0.007862168858000652,0.0,0.0,Minuten
aus minute+n,1.5554276339072768,-0.02836043216314721,0.0,0.0,0.0,0.0,0.0,0.2331640695871186,0.0,0.0,0.0,0.196514760741208,0.0,0.0,aus minute+n
Takt,1.5506428606411393,-0.02882002510233887,0.0,0.0,0.0,0.0,0.0,0.23624498939194405,0.0,0.0,0.0,0.19959568054603344,0.0,0.0,Takt
minute+n takt,1.5506428606411393,-0.02882002510233887,0.0,0.0,0.0,0.0,0.0,0.23624498939194405,0.0,0.0,0.0,0.19959568054603344,0.0,0.0,minute+n takt
takt minute+n,1.5554276339072768,-0.02836043216314721,0.0,0.0,0.0,0.0,0.0,0.2331640695871186,0.0,0.0,0.0,0.196514760741208,0.0,0.0,takt minute+n
Was,1.8489404487496308,-0.004996559049296068,0.0,0.0,0.0,0.0,0.0,0.06030183852740384,0.0,0.0,0.0,0.023652529681493492,0.0,0.0,Was
Fahrplan,1.5341345307760526,-0.030429375867360182,0.0,0.0,0.0,0.0,0.0,0.2469481847071232,0.0,0.0,0.0,0.21029887586121263,0.0,0.0,Fahrplan
was fahr+plan,1.5341345307760526,-0.030429375867360182,0.0,0.0,0.0,0.0,0.0,0.2469481847071232,0.0,0.0,0.0,0.21029887586121263,0.0,0.0,was fahr+plan
kleinen,1.5249040944474654,-0.03134556999457382,0.0,0.0,0.0,0.0,0.0,0.2529830639444462,0.0,0.0,0.0,0.21633375509853572,0.0,0.0,kleinen
fahr+plan klein+en,1.5249040944474654,-0.03134556999457382,0.0,0.0,0.0,0.0,0.0,0.2529830639444462,0.0,0.0,0.0,0.21633375509853572,0.0,0.0,fahr+plan klein+en
Änderung,1.5214719337268658,-0.03168929093348197,0.0,0.0,0.0,0.0,0.0,0.2552363394042179,0.0,0.0,0.0,0.21858703055830742,0.0,0.0,Änderung
klein+en änderung,1.5214719337268658,-0.03168929093348197,0.0,0.0,0.0,0.0,0.0,0.2552363394042179,0.0,0.0,0.0,0.21858703055830742,0.0,0.0,klein+en änderung
änderung aus+seh+t,1.5177704813640773,-0.03206185632072012,0.0,0.0,0.0,0.0,0.0,0.25767211364484305,0.0,0.0,0.0,0.2210228047989326,0.0,0.0,änderung aus+seh+t
Pendler,1.5104603950224886,-0.032803421575046364,0.0,0.0,0.0,0.0,0.0,0.26250008141836095,0.0,0.0,0.0,0.2258507725724504,0.0,0.0,Pendler
aus+seh+t pendler,1.5104603950224886,-0.032803421575046364,0.0,0.0,0.0,0.0,0.0,0.26250008141836095,0.0,0.0,0.0,0.2258507725724504,0.0,0.0,aus+seh+t pendler
pendler darüber,1.5075687142240835,-0.03309890382945932,0.0,0.0,0.0,0.0,0.0,0.2644163529840812,0.0,0.0,0.0,0.22776704413817062,0.0,0.0,pendler darüber
entscheid…,1.5047779911637031,-0.03338522999924175,0.0,0.0,0.0,0.0,0.0,0.26626920999671305,0.0,0.0,0.0,0.22961990115080247,0.0,0.0,entscheid…
darüber entscheid…,1.5047779911637031,-0.03338522999924175,0.0,0.0,0.0,0.0,0.0,0.26626920999671305,0.0,0.0,0.0,0.22961990115080247,0.0,0.0,darüber entscheid…
+6905,1.5007687284515094,-0.03379858585501211,0.0,0.0,0.0,0.0,0.0,0.2689371206727337,0.0,0.0,0.0,0.232287811826823,0.0,0.0,+6905
entscheid… +6905,1.5007687284515094,-0.03379858585501211,0.0,0.0,0.0,0.0,0.0,0.2689371206727337,0.0,0.0,0.0,0.232287811826823,0.0,0.0,entscheid… +6905
+6905 char+s,1.498838885823901,-0.03399840270327524,0.0,0.0,0.0,0.0,0.0,0.27022385090017403,0.0,0.0,0.0,0.23357454205426348,0.0,0.0,+6905 char+s
Experte,2.1888384598964308,0.013828860793362716,0.0,0.0,0.0,0.0,0.0,-0.10845643637700979,0.0,0.0,0.0,-0.1451057452229203,0.0,0.0,Experte
Diesel-,1.6350068334070755,-0.021138808240393492,0.0,0.0,0.0,0.0,0.0,0.18326759934497264,0.0,0.0,0.0,0.14661829049906222,0.0,0.0,Diesel-
experte diesel+-,1.6350068334070755,-0.021138808240393492,0.0,0.0,0.0,0.0,0.0,0.18326759934497264,0.0,0.0,0.0,0.14661829049906222,0.0,0.0,experte diesel+-
Abgastechnik,1.7098089172185293,-0.015004701430929331,0.0,0.0,0.0,0.0,0.0,0.13853296318526676,0.0,0.0,0.0,0.10188365433935605,0.0,0.0,Abgastechnik
diesel+- abgas+technik,1.7098089172185293,-0.015004701430929331,0.0,0.0,0.0,0.0,0.0,0.13853296318526676,0.0,0.0,0.0,0.10188365433935605,0.0,0.0,diesel+- abgas+technik
abgas+technik neu+e,2.151365388982181,0.012060273133209946,0.0,0.0,0.0,0.0,0.0,-0.09118812207490631,0.0,0.0,0.0,-0.1278374309208168,0.0,0.0,abgas+technik neu+e
experte fahr+verbot+e,2.608609362497423,0.030021581634317757,0.0,0.0,0.0,0.0,0.0,-0.2839026848972261,0.0,0.0,0.0,-0.3205519937431365,0.0,0.0,experte fahr+verbot+e
+1677,1.9938043607139924,0.003855780167563149,0.0,0.0,0.0,0.0,0.0,-0.015129969601871627,0.0,0.0,0.0,-0.05177927844778236,0.0,0.0,+1677
beitra… +1677,1.9938043607139924,0.003855780167563149,0.0,0.0,0.0,0.0,0.0,-0.015129969601871627,0.0,0.0,0.0,-0.05177927844778236,0.0,0.0,beitra… +1677
+1677 char+s,1.9867453208572283,0.0034560286175850303,0.0,0.0,0.0,0.0,0.0,-0.011583199521637569,0.0,0.0,0.0,-0.04823250836754814,0.0,0.0,+1677 char+s
Auto-Experte,3.078575847036169,0.042726300609502894,0.0,0.0,0.0,0.0,0.0,-0.4495525195862555,0.0,0.0,0.0,-0.4862018284321661,0.0,0.0,Auto-Experte
auto+-+experte fahr+verbot+e,2.608609362497423,0.030021581634317757,0.0,0.0,0.0,0.0,0.0,-0.2839026848972261,0.0,0.0,0.0,-0.3205519937431365,0.0,0.0,auto+-+experte fahr+verbot+e
ADAC,1.934130819658254,0.0003792132606352984,0.0,0.0,0.0,0.0,0.0,0.01525654638019645,0.0,0.0,0.0,-0.021392762465713994,0.0,0.0,ADAC
warnt,1.6335649885886707,-0.021262952591240582,0.0,0.0,0.0,0.0,0.0,0.18414984699957515,0.0,0.0,0.0,0.14750053815366476,0.0,0.0,warnt
adac warn+t,1.6335649885886707,-0.021262952591240582,0.0,0.0,0.0,0.0,0.0,0.18414984699957515,0.0,0.0,0.0,0.14750053815366476,0.0,0.0,adac warn+t
Wochenende,1.6665034436174266,-0.018484209191969896,0.0,0.0,0.0,0.0,0.0,0.1641868979987082,0.0,0.0,0.0,0.1275375891527976,0.0,0.0,Wochenende
warn+t woche+n+ende,1.6665034436174266,-0.018484209191969896,0.0,0.0,0.0,0.0,0.0,0.1641868979987082,0.0,0.0,0.0,0.1275375891527976,0.0,0.0,warn+t woche+n+ende
Stau,1.7450110413330777,-0.012311854292711876,0.0,0.0,0.0,0.0,0.0,0.11815370009344608,0.0,0.0,0.0,0.0815043912475354,0.0,0.0,Stau
woche+n+ende stau,1.7450110413330777,-0.012311854292711876,0.0,0.0,0.0,0.0,0.0,0.11815370009344608,0.0,0.0,0.0,0.0815043912475354,0.0,0.0,woche+n+ende stau
wichtigen,1.8368954779551794,-0.005799344839403418,0.0,0.0,0.0,0.0,0.0,0.06683767675309296,0.0,0.0,0.0,0.03018836790718248,0.0,0.0,wichtigen
stau wichtig+en,1.8368954779551794,-0.005799344839403418,0.0,0.0,0.0,0.0,0.0,0.06683767675309296,0.0,0.0,0.0,0.03018836790718248,0.0,0.0,stau wichtig+en
Autobahnen,4.1369959259342375,0.06049518450852094,0.0,0.0,0.0,0.0,0.0,-0.7450553195519954,0.0,0.0,0.0,-0.7817046283979059,0.0,0.0,Autobahnen
wichtig+en auto+bahn+en,2.17345686798298,0.013110663606336304,0.0,0.0,0.0,0.0,0.0,-0.10140434361219682,0.0,0.0,0.0,-0.13805365245810738,0.0,0.0,wichtig+en auto+bahn+en
Viele,1.8469560655409347,-0.00512805173350879,0.0,0.0,0.0,0.0,0.0,0.061375669134785815,0.0,0.0,0.0,0.02472636028887527,0.0,0.0,Viele
auto+bahn+en viel+e,1.8469560655409347,-0.00512805173350879,0.0,0.0,0.0,0.0,0.0,0.061375669134785815,0.0,0.0,0.0,0.02472636028887527,0.0,0.0,auto+bahn+en viel+e
Urlauber,1.797967854869632,-0.00847202742050832,0.0,0.0,0.0,0.0,0.0,0.08825752552021902,0.0,0.0,0.0,0.05160821667430853,0.0,0.0,Urlauber
viel+e urlauber,1.797967854869632,-0.00847202742050832,0.0,0.0,0.0,0.0,0.0,0.08825752552021902,0.0,0.0,0.0,0.05160821667430853,0.0,0.0,viel+e urlauber
kommen,1.7603021813341468,-0.011177856614064273,0.0,0.0,0.0,0.0,0.0,0.10942909488712538,0.0,0.0,0.0,0.07277978604121492,0.0,0.0,kommen
urlauber komm+en,1.7603021813341468,-0.011177856614064273,0.0,0.0,0.0,0.0,0.0,0.10942909488712538,0.0,0.0,0.0,0.07277978604121492,0.0,0.0,urlauber komm+en
komm+en wegen,1.7459674868716977,-0.012240303516041558,0.0,0.0,0.0,0.0,0.0,0.1176057473891691,0.0,0.0,0.0,0.08095643854325847,0.0,0.0,komm+en wegen
Ferienendes,1.7387700520601985,-0.012780796049297225,0.0,0.0,0.0,0.0,0.0,0.12173658649296784,0.0,0.0,0.0,0.08508727764705724,0.0,0.0,Ferienendes
wegen ferien+ende+s,1.7387700520601985,-0.012780796049297225,0.0,0.0,0.0,0.0,0.0,0.12173658649296784,0.0,0.0,0.0,0.08508727764705724,0.0,0.0,wegen ferien+ende+s
drei,1.749080704533717,-0.012007983870074842,0.0,0.0,0.0,0.0,0.0,0.11582424492344831,0.0,0.0,0.0,0.07917493607753773,0.0,0.0,drei
ferien+ende+s drei,1.749080704533717,-0.012007983870074842,0.0,0.0,0.0,0.0,0.0,0.11582424492344831,0.0,0.0,0.0,0.07917493607753773,0.0,0.0,ferien+ende+s drei
Bundesländern,1.7577575524716949,-0.011365110309064024,0.0,0.0,0.0,0.0,0.0,0.11087570438141997,0.0,0.0,0.0,0.07422639553550937,0.0,0.0,Bundesländern
drei bund+es+land+ern,1.7577575524716949,-0.011365110309064024,0.0,0.0,0.0,0.0,0.0,0.11087570438141997,0.0,0.0,0.0,0.07422639553550937,0.0,0.0,drei bund+es+land+ern
zurück,2.1499816299881593,0.011993723559849859,0.0,0.0,0.0,0.0,0.0,-0.09054471477219157,0.0,0.0,0.0,-0.12719402361810211,0.0,0.0,zurück
bund+es+land+ern zurück,1.803196140226511,-0.008105934566174883,0.0,0.0,0.0,0.0,0.0,0.08535385935148837,0.0,0.0,0.0,0.04870455050557808,0.0,0.0,bund+es+land+ern zurück
wurden,1.9041114435115578,-0.0014569632540860702,0.0,0.0,0.0,0.0,0.0,0.030899117226967556,0.0,0.0,0.0,-0.00575019161894287,0.0,0.0,wurden
zurück werd+en,1.9041114435115578,-0.0014569632540860702,0.0,0.0,0.0,0.0,0.0,0.030899117226967556,0.0,0.0,0.0,-0.00575019161894287,0.0,0.0,zurück werd+en
flächendeckend,1.9876732848236507,0.0035087502119250337,0.0,0.0,0.0,0.0,0.0,-0.012050167939085435,0.0,0.0,0.0,-0.04869947678499599,0.0,0.0,flächendeckend
werd+en flächendeckend,1.9876732848236507,0.0035087502119250337,0.0,0.0,0.0,0.0,0.0,-0.012050167939085435,0.0,0.0,0.0,-0.04869947678499599,0.0,0.0,werd+en flächendeckend
flächendeckend lkw+-+fahr+verbot+e,2.419876228501672,0.023467873604820617,0.0,0.0,0.0,0.0,0.0,-0.20880181047406504,0.0,0.0,0.0,-0.24545111931997562,0.0,0.0,flächendeckend lkw+-+fahr+verbot+e
gelockert,2.1922398971150887,0.013986250998182749,0.0,0.0,0.0,0.0,0.0,-0.11000922207264127,0.0,0.0,0.0,-0.14665853091855177,0.0,0.0,gelockert
lkw+-+fahr+verbot+e ge+locker+t,2.1922398971150887,0.013986250998182749,0.0,0.0,0.0,0.0,0.0,-0.11000922207264127,0.0,0.0,0.0,-0.14665853091855177,0.0,0.0,lkw+-+fahr+verbot+e ge+locker+t
Auf,2.1185808366526624,0.010458957254072362,0.0,0.0,0.0,0.0,0.0,-0.07583186471194013,0.0,0.0,0.0,-0.1124811735578508,0.0,0.0,Auf
vielen,2.143102030897604,0.011661518788773655,0.0,0.0,0.0,0.0,0.0,-0.08733974346353508,0.0,0.0,0.0,-0.12398905230944567,0.0,0.0,vielen
auf viel+en,2.143102030897604,0.011661518788773655,0.0,0.0,0.0,0.0,0.0,-0.08733974346353508,0.0,0.0,0.0,-0.12398905230944567,0.0,0.0,auf viel+en
viel+en auto+bahn+en,2.3692175711924266,0.021522769193354514,0.0,0.0,0.0,0.0,0.0,-0.18764517876255277,0.0,0.0,0.0,-0.22429448760846324,0.0,0.0,viel+en auto+bahn+en
auto+bahn+en fahrt,1.8534086196017656,-0.004701574957625349,0.0,0.0,0.0,0.0,0.0,0.05788814228271401,0.0,0.0,0.0,0.021238833436803398,0.0,0.0,auto+bahn+en fahrt
deshalb,1.8088888526041556,-0.007709879336291759,0.0,0.0,0.0,0.0,0.0,0.08220181996027758,0.0,0.0,0.0,0.045552511114366964,0.0,0.0,deshalb
fahrt deshalb,1.8088888526041556,-0.007709879336291759,0.0,0.0,0.0,0.0,0.0,0.08220181996027758,0.0,0.0,0.0,0.045552511114366964,0.0,0.0,fahrt deshalb
länger,1.7628009399483067,-0.010994538457125932,0.0,0.0,0.0,0.0,0.0,0.10801059594052748,0.0,0.0,0.0,0.07136128709461713,0.0,0.0,länger
deshalb lang+er,1.7628009399483067,-0.010994538457125932,0.0,0.0,0.0,0.0,0.0,0.10801059594052748,0.0,0.0,0.0,0.07136128709461713,0.0,0.0,deshalb lang+er
dauern,1.7306192497005777,-0.013398667995713626,0.0,0.0,0.0,0.0,0.0,0.12643529087386632,0.0,0.0,0.0,0.08978598202795571,0.0,0.0,dauern
lang+er dauer+n,1.7306192497005777,-0.013398667995713626,0.0,0.0,0.0,0.0,0.0,0.12643529087386632,0.0,0.0,0.0,0.08978598202795571,0.0,0.0,lang+er dauer+n
Reisewellen,1.6868966638956993,-0.016821888954781528,0.0,0.0,0.0,0.0,0.0,0.1520240358110139,0.0,0.0,0.0,0.11537472696510327,0.0,0.0,Reisewellen
der reise+welle+n,1.6868966638956993,-0.016821888954781528,0.0,0.0,0.0,0.0,0.0,0.1520240358110139,0.0,0.0,0.0,0.11537472696510327,0.0,0.0,der reise+welle+n
reise+welle+n wegen,1.6618923101690448,-0.01886612366892201,0.0,0.0,0.0,0.0,0.0,0.16695768413086004,0.0,0.0,0.0,0.13030837528494965,0.0,0.0,reise+welle+n wegen
Sommerferien,1.6653496878119656,-0.018579556303921954,0.0,0.0,0.0,0.0,0.0,0.16487945904870988,0.0,0.0,0.0,0.12823015020279938,0.0,0.0,Sommerferien
wegen sommer+ferien,1.6653496878119656,-0.018579556303921954,0.0,0.0,0.0,0.0,0.0,0.16487945904870988,0.0,0.0,0.0,0.12823015020279938,0.0,0.0,wegen sommer+ferien
sorgen,1.6802495777101312,-0.0173589805008319,0.0,0.0,0.0,0.0,0.0,0.15597224259703524,0.0,0.0,0.0,0.11932293375112486,0.0,0.0,sorgen
sommer+ferien sorg+en,1.6802495777101312,-0.0173589805008319,0.0,0.0,0.0,0.0,0.0,0.15597224259703524,0.0,0.0,0.0,0.11932293375112486,0.0,0.0,sommer+ferien sorg+en
Staugefahr,1.7391267020348142,-0.012753901107019591,0.0,0.0,0.0,0.0,0.0,0.12153149128682302,0.0,0.0,0.0,0.08488218244091235,0.0,0.0,Staugefahr
sorg+en stau+gefahr,1.7391267020348142,-0.012753901107019591,0.0,0.0,0.0,0.0,0.0,0.12153149128682302,0.0,0.0,0.0,0.08488218244091235,0.0,0.0,sorg+en stau+gefahr
stau+gefahr auto+bahn+en,2.136117783846676,0.011321957828075584,0.0,0.0,0.0,0.0,0.0,-0.08407547868866251,0.0,0.0,0.0,-0.12072478753457323,0.0,0.0,stau+gefahr auto+bahn+en
Inzwischen,1.7766654094253584,-0.00998735755375111,0.0,0.0,0.0,0.0,0.0,0.10017634127044242,0.0,0.0,0.0,0.06352703242453182,0.0,0.0,Inzwischen
auto+bahn+en inzwischen,1.7766654094253584,-0.00998735755375111,0.0,0.0,0.0,0.0,0.0,0.10017634127044242,0.0,0.0,0.0,0.06352703242453182,0.0,0.0,auto+bahn+en inzwischen
betrifft,1.6879530130072493,-0.01673695079396094,0.0,0.0,0.0,0.0,0.0,0.15139802324916396,0.0,0.0,0.0,0.11474871440325347,0.0,0.0,betrifft
inzwischen betreff+t,1.6879530130072493,-0.01673695079396094,0.0,0.0,0.0,0.0,0.0,0.15139802324916396,0.0,0.0,0.0,0.11474871440325347,0.0,0.0,inzwischen betreff+t
vermehrt,1.6316495154899076,-0.02142824010336528,0.0,0.0,0.0,0.0,0.0,0.18532310732663645,0.0,0.0,0.0,0.14867379848072593,0.0,0.0,vermehrt
betreff+t vermehr+t,1.6316495154899076,-0.02142824010336528,0.0,0.0,0.0,0.0,0.0,0.18532310732663645,0.0,0.0,0.0,0.14867379848072593,0.0,0.0,betreff+t vermehr+t
Urlaub,1.567212683093158,-0.027241292225049184,0.0,0.0,0.0,0.0,0.0,0.22561590268750784,0.0,0.0,0.0,0.18896659384159722,0.0,0.0,Urlaub
vermehr+t urlaub,1.567212683093158,-0.027241292225049184,0.0,0.0,0.0,0.0,0.0,0.22561590268750784,0.0,0.0,0.0,0.18896659384159722,0.0,0.0,vermehr+t urlaub
urlaub zurück,1.5557379096116055,-0.028330734049820377,0.0,0.0,0.0,0.0,0.0,0.2329646101234435,0.0,0.0,0.0,0.196315301277533,0.0,0.0,urlaub zurück
Hause,1.5388538947167014,-0.02996550807447174,0.0,0.0,0.0,0.0,0.0,0.2438766679960359,0.0,0.0,0.0,0.20722735915012522,0.0,0.0,Hause
zurück haus+e,1.5388538947167014,-0.02996550807447174,0.0,0.0,0.0,0.0,0.0,0.2438766679960359,0.0,0.0,0.0,0.20722735915012522,0.0,0.0,zurück haus+e
fahren,1.7512153718769639,-0.011849195634990225,0.0,0.0,0.0,0.0,0.0,0.11460453804077878,0.0,0.0,0.0,0.07795522919486816,0.0,0.0,fahren
haus+e fahr+en,1.5314471492289559,-0.030694893790042706,0.0,0.0,0.0,0.0,0.0,0.24870144559919152,0.0,0.0,0.0,0.21205213675328097,0.0,0.0,haus+e fahr+en
der adac,1.5172146170296832,-0.03211797522299081,0.0,0.0,0.0,0.0,0.0,0.2580384181389929,0.0,0.0,0.0,0.22138910929308228,0.0,0.0,der adac
Auto,1.5049393295863216,-0.033368645635727494,0.0,0.0,0.0,0.0,0.0,0.26616199831828685,0.0,0.0,0.0,0.2295126894723762,0.0,0.0,Auto
adac auto,1.5049393295863216,-0.033368645635727494,0.0,0.0,0.0,0.0,0.0,0.26616199831828685,0.0,0.0,0.0,0.2295126894723762,0.0,0.0,adac auto
Club…,1.5006383642190582,-0.03381206638933231,0.0,0.0,0.0,0.0,0.0,0.26902398941696465,0.0,0.0,0.0,0.23237468057105415,0.0,0.0,Club…
auto club…,1.5006383642190582,-0.03381206638933231,0.0,0.0,0.0,0.0,0.0,0.26902398941696465,0.0,0.0,0.0,0.23237468057105415,0.0,0.0,auto club…
+4159,1.494952234708628,-0.03440251620607771,0.0,0.0,0.0,0.0,0.0,0.27282032683476126,0.0,0.0,0.0,0.23617101798885065,0.0,0.0,+4159
club… +4159,1.494952234708628,-0.03440251620607771,0.0,0.0,0.0,0.0,0.0,0.27282032683476126,0.0,0.0,0.0,0.23617101798885065,0.0,0.0,club… +4159
+4159 chars,1.4903588506726435,-0.03488304205792529,0.0,0.0,0.0,0.0,0.0,0.27589765280149076,0.0,0.0,0.0,0.2392483439555801,0.0,0.0,+4159 chars
überzeugt,2.3583100335962683,0.021092516017518242,0.0,0.0,0.0,0.0,0.0,-0.18303069192589688,0.0,0.0,0.0,-0.21968000077180744,0.0,0.0,überzeugt
auto+-+experte überzeug+t,2.3583100335962683,0.021092516017518242,0.0,0.0,0.0,0.0,0.0,-0.18303069192589688,0.0,0.0,0.0,-0.21968000077180744,0.0,0.0,auto+-+experte überzeug+t
überzeug+t fahr+verbot+e,3.9277733765965026,0.05776272039987097,0.0,0.0,0.0,0.0,0.0,-0.6931581113393529,0.0,0.0,0.0,-0.7298074201852635,0.0,0.0,überzeug+t fahr+verbot+e
neuer,2.0882899674357933,0.00893236841164862,0.0,0.0,0.0,0.0,0.0,-0.06143095053206933,0.0,0.0,0.0,-0.09808025937797989,0.0,0.0,neuer
unser neu+er,2.0882899674357933,0.00893236841164862,0.0,0.0,0.0,0.0,0.0,-0.06143095053206933,0.0,0.0,0.0,-0.09808025937797989,0.0,0.0,unser neu+er
neu+er verkehr+s+minister,2.0967930370068406,0.009365592916592665,0.0,0.0,0.0,0.0,0.0,-0.06549446911097022,0.0,0.0,0.0,-0.10214377795688079,0.0,0.0,neu+er verkehr+s+minister
Viel,2.123873592551347,0.010720996291300964,0.0,0.0,0.0,0.0,0.0,-0.07832700460463349,0.0,0.0,0.0,-0.11497631345054389,0.0,0.0,Viel
verkehr+s+minister viel,2.123873592551347,0.010720996291300964,0.0,0.0,0.0,0.0,0.0,-0.07832700460463349,0.0,0.0,0.0,-0.11497631345054389,0.0,0.0,verkehr+s+minister viel
Lächeln,2.1318500804239306,0.011113317805528537,0.0,0.0,0.0,0.0,0.0,-0.08207560194129299,0.0,0.0,0.0,-0.1187249107872035,0.0,0.0,Lächeln
viel lächel+n,2.1318500804239306,0.011113317805528537,0.0,0.0,0.0,0.0,0.0,-0.08207560194129299,0.0,0.0,0.0,-0.1187249107872035,0.0,0.0,viel lächel+n
wenige,2.146753916995165,0.011838141370778594,0.0,0.0,0.0,0.0,0.0,-0.0890423120458255,0.0,0.0,0.0,-0.12569162089173608,0.0,0.0,wenige
lächel+n wenig+e,2.146753916995165,0.011838141370778594,0.0,0.0,0.0,0.0,0.0,-0.0890423120458255,0.0,0.0,0.0,-0.12569162089173608,0.0,0.0,lächel+n wenig+e
Antworten,2.1588632914761923,0.012419312274906958,0.0,0.0,0.0,0.0,0.0,-0.09466724609033411,0.0,0.0,0.0,-0.13131655493624456,0.0,0.0,Antworten
wenig+e antwort+en,2.1588632914761923,0.012419312274906958,0.0,0.0,0.0,0.0,0.0,-0.09466724609033411,0.0,0.0,0.0,-0.13131655493624456,0.0,0.0,wenig+e antwort+en
antwort+en bund+es+verkehr+s+minister,2.1770145216572367,0.013277725790417218,0.0,0.0,0.0,0.0,0.0,-0.10303986958107114,0.0,0.0,0.0,-0.1396891784269817,0.0,0.0,antwort+en bund+es+verkehr+s+minister
Auftrag,2.2766004411652427,0.017731957184853344,0.0,0.0,0.0,0.0,0.0,-0.14776871255213753,0.0,0.0,0.0,-0.1844180213980481,0.0,0.0,Auftrag
bilger auftrag,2.2766004411652427,0.017731957184853344,0.0,0.0,0.0,0.0,0.0,-0.14776871255213753,0.0,0.0,0.0,-0.1844180213980481,0.0,0.0,bilger auftrag
170,2.3000047767238625,0.018720105841598746,0.0,0.0,0.0,0.0,0.0,-0.15799661663008513,0.0,0.0,0.0,-0.19464592547599557,0.0,0.0,170
auftrag 170,2.3000047767238625,0.018720105841598746,0.0,0.0,0.0,0.0,0.0,-0.15799661663008513,0.0,0.0,0.0,-0.19464592547599557,0.0,0.0,auftrag 170
Milliarden,2.3109219930876934,0.01917386596081009,0.0,0.0,0.0,0.0,0.0,-0.16273199296949978,0.0,0.0,0.0,-0.19938130181541028,0.0,0.0,Milliarden
170 milliarde+n,2.3109219930876934,0.01917386596081009,0.0,0.0,0.0,0.0,0.0,-0.16273199296949978,0.0,0.0,0.0,-0.19938130181541028,0.0,0.0,170 milliarde+n
milliarde+n euro,2.3427577083664097,0.02047179210217653,0.0,0.0,0.0,0.0,0.0,-0.17641416018392428,0.0,0.0,0.0,-0.2130634690298348,0.0,0.0,milliarde+n euro
Schiene,2.3710103606450685,0.021593090253027955,0.0,0.0,0.0,0.0,0.0,-0.18840159367082393,0.0,0.0,0.0,-0.22505090251673443,0.0,0.0,Schiene
euro schiene,2.3710103606450685,0.021593090253027955,0.0,0.0,0.0,0.0,0.0,-0.18840159367082393,0.0,0.0,0.0,-0.22505090251673443,0.0,0.0,euro schiene
Straße,2.4122746055777573,0.023181446801233154,0.0,0.0,0.0,0.0,0.0,-0.20565553898724673,0.0,0.0,0.0,-0.24230484783315728,0.0,0.0,Straße
schiene straße,2.4122746055777573,0.023181446801233154,0.0,0.0,0.0,0.0,0.0,-0.20565553898724673,0.0,0.0,0.0,-0.24230484783315728,0.0,0.0,schiene straße
auszugeben,2.4385282420062513,0.02416276816455277,0.0,0.0,0.0,0.0,0.0,-0.2164800946742097,0.0,0.0,0.0,-0.2531294035201202,0.0,0.0,auszugeben
straße aus+zu+geb+en,2.4385282420062513,0.02416276816455277,0.0,0.0,0.0,0.0,0.0,-0.2164800946742097,0.0,0.0,0.0,-0.2531294035201202,0.0,0.0,straße aus+zu+geb+en
Statt,2.4879533379881087,0.025951528953406047,0.0,0.0,0.0,0.0,0.0,-0.23654583673380405,0.0,0.0,0.0,-0.27319514557971464,0.0,0.0,Statt
echter,2.515079566572232,0.0269020799694273,0.0,0.0,0.0,0.0,0.0,-0.24738985671998956,0.0,0.0,0.0,-0.2840391655659,0.0,0.0,echter
statt echt+er,2.515079566572232,0.0269020799694273,0.0,0.0,0.0,0.0,0.0,-0.24738985671998956,0.0,0.0,0.0,-0.2840391655659,0.0,0.0,statt echt+er
Reformen,2.5490898696340913,0.028064049828491165,0.0,0.0,0.0,0.0,0.0,-0.26082179845311226,0.0,0.0,0.0,-0.29747110729902276,0.0,0.0,Reformen
echt+er reform+en,2.5490898696340913,0.028064049828491165,0.0,0.0,0.0,0.0,0.0,-0.26082179845311226,0.0,0.0,0.0,-0.29747110729902276,0.0,0.0,echt+er reform+en
Neue,2.650937049109744,0.03135800676503576,0.0,0.0,0.0,0.0,0.0,-0.2999985977934839,0.0,0.0,0.0,-0.33664790663939453,0.0,0.0,Neue
reform+en neu+e,2.650937049109744,0.03135800676503576,0.0,0.0,0.0,0.0,0.0,-0.2999985977934839,0.0,0.0,0.0,-0.33664790663939453,0.0,0.0,reform+en neu+e
Infrastrukturprobleme,2.711790498639833,0.03320330804819171,0.0,0.0,0.0,0.0,0.0,-0.32269453419083477,0.0,0.0,0.0,-0.3593438430367453,0.0,0.0,Infrastrukturprobleme
neu+e infrastruktur+problem+e,2.711790498639833,0.03320330804819171,0.0,0.0,0.0,0.0,0.0,-0.32269453419083477,0.0,0.0,0.0,-0.3593438430367453,0.0,0.0,neu+e infrastruktur+problem+e
Stück,4.486590315913526,0.06447884115818393,0.0,0.0,0.0,0.0,0.0,-0.8261784350088236,0.0,0.0,0.0,-0.862827743854734,0.0,0.0,Stück
infrastruktur+problem+e stück,2.902495764165435,0.03846625038427582,0.0,0.0,0.0,0.0,0.0,-0.3906563920749932,0.0,0.0,0.0,-0.4273057009209036,0.0,0.0,infrastruktur+problem+e stück
stück stück,2.902495764165435,0.03846625038427582,0.0,0.0,0.0,0.0,0.0,-0.3906563920749932,0.0,0.0,0.0,-0.4273057009209036,0.0,0.0,stück stück
abarbeiten,3.1013937088221533,0.04324171610137047,0.0,0.0,0.0,0.0,0.0,-0.4569370108104164,0.0,0.0,0.0,-0.4935863196563268,0.0,0.0,abarbeiten
stück ab+arbeit+en,3.1013937088221533,0.04324171610137047,0.0,0.0,0.0,0.0,0.0,-0.4569370108104164,0.0,0.0,0.0,-0.4935863196563268,0.0,0.0,stück ab+arbeit+en
Kaum,3.3108266682179566,0.04762980925486322,0.0,0.0,0.0,0.0,0.0,-0.5222833237739621,0.0,0.0,0.0,-0.5589326326198725,0.0,0.0,Kaum
glauben,3.499544746805136,0.05112023974751133,0.0,0.0,0.0,0.0,0.0,-0.5777183045545133,0.0,0.0,0.0,-0.6143676134004241,0.0,0.0,glauben
kaum glaub+en,3.499544746805136,0.05112023974751133,0.0,0.0,0.0,0.0,0.0,-0.5777183045545133,0.0,0.0,0.0,-0.6143676134004241,0.0,0.0,kaum glaub+en
glaub+en deutsch+e,5.0048168044285894,0.06933858636321198,0.0,0.0,0.0,0.0,0.0,-0.935486226446201,0.0,0.0,0.0,-0.9721355352921115,0.0,0.0,glaub+en deutsch+e
deutsch+e verkehr+s+wende,7.737679052233478,0.0840536864955871,0.0,0.0,0.0,0.0,0.0,-1.3711871954415744,0.0,0.0,0.0,-1.407836504287485,0.0,0.0,deutsch+e verkehr+s+wende
re…,4.485233377749289,0.06446460752111764,0.0,0.0,0.0,0.0,0.0,-0.8258759461902921,0.0,0.0,0.0,-0.8625252550362026,0.0,0.0,re…
verkehr+s+wende re…,4.485233377749289,0.06446460752111764,0.0,0.0,0.0,0.0,0.0,-0.8258759461902921,0.0,0.0,0.0,-0.8625252550362026,0.0,0.0,verkehr+s+wende re…
Positives,3.6659061060435,0.05389045588454763,0.0,0.0,0.0,0.0,0.0,-0.6241609538507662,0.0,0.0,0.0,-0.6608102626966769,0.0,0.0,Positives
re… positiv+es,3.6659061060435,0.05389045588454763,0.0,0.0,0.0,0.0,0.0,-0.6241609538507662,0.0,0.0,0.0,-0.6608102626966769,0.0,0.0,re… positiv+es
dabei,3.3989574034524828,0.049309587906890315,0.0,0.0,0.0,0.0,0.0,-0.5485541554138924,0.0,0.0,0.0,-0.585203464259803,0.0,0.0,dabei
positiv+es dabei,3.3989574034524828,0.049309587906890315,0.0,0.0,0.0,0.0,0.0,-0.5485541554138924,0.0,0.0,0.0,-0.585203464259803,0.0,0.0,positiv+es dabei
Maut,2.9478670074597257,0.039614412411473766,0.0,0.0,0.0,0.0,0.0,-0.4061672773681601,0.0,0.0,0.0,-0.4428165862140707,0.0,0.0,Maut
maut erklär+t,2.8935155548243032,0.03823456924658361,0.0,0.0,0.0,0.0,0.0,-0.3875576346596669,0.0,0.0,0.0,-0.42420694350557725,0.0,0.0,maut erklär+t
erklär+t neu+e,2.8031023613392545,0.035816080699313836,0.0,0.0,0.0,0.0,0.0,-0.3558122068707471,0.0,0.0,0.0,-0.39246151571665777,0.0,0.0,erklär+t neu+e
neu+e bund+es+verkehr+s+minister,2.7714112123494363,0.034929551938024286,0.0,0.0,0.0,0.0,0.0,-0.3444420702697735,0.0,0.0,0.0,-0.3810913791156841,0.0,0.0,neu+e bund+es+verkehr+s+minister
zählt,2.6130383976520637,0.030163533877478804,0.0,0.0,0.0,0.0,0.0,-0.28559909814463247,0.0,0.0,0.0,-0.3222484069905429,0.0,0.0,zählt
bilger zähl+t,2.6130383976520637,0.030163533877478804,0.0,0.0,0.0,0.0,0.0,-0.28559909814463247,0.0,0.0,0.0,-0.3222484069905429,0.0,0.0,bilger zähl+t
anschließend,2.607395563045608,0.029982591185867043,0.0,0.0,0.0,0.0,0.0,-0.28343727142808556,0.0,0.0,0.0,-0.3200865802739961,0.0,0.0,anschließend
zähl+t an+schließ+end,2.607395563045608,0.029982591185867043,0.0,0.0,0.0,0.0,0.0,-0.28343727142808556,0.0,0.0,0.0,-0.3200865802739961,0.0,0.0,zähl+t an+schließ+end
Abgasskandal,2.6238779138573287,0.030508838703147596,0.0,0.0,0.0,0.0,0.0,-0.28973876012891553,0.0,0.0,0.0,-0.32638806897482603,0.0,0.0,Abgasskandal
an+schließ+end abgas+skandal,2.6238779138573287,0.030508838703147596,0.0,0.0,0.0,0.0,0.0,-0.28973876012891553,0.0,0.0,0.0,-0.32638806897482603,0.0,0.0,an+schließ+end abgas+skandal
abgas+skandal klima+schutz,2.94985267800544,0.03966382537876122,0.0,0.0,0.0,0.0,0.0,-0.4068406463062051,0.0,0.0,0.0,-0.44348995515211553,0.0,0.0,abgas+skandal klima+schutz
Aber,2.52444736281564,0.027225392665297592,0.0,0.0,0.0,0.0,0.0,-0.2511075894216665,0.0,0.0,0.0,-0.28775689826757717,0.0,0.0,Aber
lief,2.4350574056840157,0.024034302140420898,0.0,0.0,0.0,0.0,0.0,-0.21505574834691274,0.0,0.0,0.0,-0.25170505719282327,0.0,0.0,lief
aber lauf,2.4350574056840157,0.024034302140420898,0.0,0.0,0.0,0.0,0.0,-0.21505574834691274,0.0,0.0,0.0,-0.25170505719282327,0.0,0.0,aber lauf
einige…,2.383003601118832,0.022060670437950097,0.0,0.0,0.0,0.0,0.0,-0.19344712614644194,0.0,0.0,0.0,-0.23009643499235244,0.0,0.0,einige…
lauf einige…,2.383003601118832,0.022060670437950097,0.0,0.0,0.0,0.0,0.0,-0.19344712614644194,0.0,0.0,0.0,-0.23009643499235244,0.0,0.0,lauf einige…
+4301,2.3450296953986904,0.02056300926011415,0.0,0.0,0.0,0.0,0.0,-0.17738348196176323,0.0,0.0,0.0,-0.21403279080767382,0.0,0.0,+4301
einige… +4301,2.3450296953986904,0.02056300926011415,0.0,0.0,0.0,0.0,0.0,-0.17738348196176323,0.0,0.0,0.0,-0.21403279080767382,0.0,0.0,einige… +4301
+4301 chars,2.322836585475481,0.01966398177363861,0.0,0.0,0.0,0.0,0.0,-0.16787452184455934,0.0,0.0,0.0,-0.20452383069046973,0.0,0.0,+4301 chars
Norditalien,1.5496724836795126,-0.028913604980300434,0.0,0.0,0.0,0.0,0.0,0.23687097538726667,0.0,0.0,0.0,0.2002216665413561,0.0,0.0,Norditalien
droht,1.5855247248405213,-0.025537747311000572,0.0,0.0,0.0,0.0,0.0,0.21399917391553522,0.0,0.0,0.0,0.17734986506962483,0.0,0.0,droht
norditalien droh+t,1.5855247248405213,-0.025537747311000572,0.0,0.0,0.0,0.0,0.0,0.21399917391553522,0.0,0.0,0.0,0.17734986506962483,0.0,0.0,norditalien droh+t
Oktober,1.6208964099408276,-0.022363900189063486,0.0,0.0,0.0,0.0,0.0,0.19193524746121812,0.0,0.0,0.0,0.1552859386153074,0.0,0.0,Oktober
droh+t oktober,1.6208964099408276,-0.022363900189063486,0.0,0.0,0.0,0.0,0.0,0.19193524746121812,0.0,0.0,0.0,0.1552859386153074,0.0,0.0,droh+t oktober
Chaos,1.662002061216127,-0.018857007282733828,0.0,0.0,0.0,0.0,0.0,0.16689164650459434,0.0,0.0,0.0,0.13024233765868393,0.0,0.0,Chaos
oktober chaos,1.662002061216127,-0.018857007282733828,0.0,0.0,0.0,0.0,0.0,0.16689164650459434,0.0,0.0,0.0,0.13024233765868393,0.0,0.0,oktober chaos
chaos wegen,1.7020709424990743,-0.015612566971924766,0.0,0.0,0.0,0.0,0.0,0.14306887201246146,0.0,0.0,0.0,0.1064195631665507,0.0,0.0,chaos wegen
uneinheitlicher,1.7546509143210893,-0.011594505121482536,0.0,0.0,0.0,0.0,0.0,0.11264465522531,0.0,0.0,0.0,0.07599534637939934,0.0,0.0,uneinheitlicher
wegen un+einheitlich+er,1.7546509143210893,-0.011594505121482536,0.0,0.0,0.0,0.0,0.0,0.11264465522531,0.0,0.0,0.0,0.07599534637939934,0.0,0.0,wegen un+einheitlich+er
un+einheitlich+er diesel+-+fahr+verbot+e,2.062676113319184,0.0076046098702037416,0.0,0.0,0.0,0.0,0.0,-0.049089640717971283,0.0,0.0,0.0,-0.08573894956388182,0.0,0.0,un+einheitlich+er diesel+-+fahr+verbot+e
Luftqualität,1.800451468310989,-0.008297839035048795,0.0,0.0,0.0,0.0,0.0,0.08687713395788443,0.0,0.0,0.0,0.05022782511197385,0.0,0.0,Luftqualität
diesel+-+fahr+verbot+e luft+qualität,1.800451468310989,-0.008297839035048795,0.0,0.0,0.0,0.0,0.0,0.08687713395788443,0.0,0.0,0.0,0.05022782511197385,0.0,0.0,diesel+-+fahr+verbot+e luft+qualität
Po-Ebene,1.6400313865594254,-0.02070801424974479,0.0,0.0,0.0,0.0,0.0,0.1801992033403581,0.0,0.0,0.0,0.14354989449444758,0.0,0.0,Po-Ebene
luft+qualität po-ebene,1.6400313865594254,-0.02070801424974479,0.0,0.0,0.0,0.0,0.0,0.1801992033403581,0.0,0.0,0.0,0.14354989449444758,0.0,0.0,luft+qualität po-ebene
Winterhalbjahr,1.589025906461596,-0.02521683316349245,0.0,0.0,0.0,0.0,0.0,0.21179339209172243,0.0,0.0,0.0,0.1751440832458119,0.0,0.0,Winterhalbjahr
po-ebene winter+halbjahr,1.589025906461596,-0.02521683316349245,0.0,0.0,0.0,0.0,0.0,0.21179339209172243,0.0,0.0,0.0,0.1751440832458119,0.0,0.0,po-ebene winter+halbjahr
Griff,1.5284284696371297,-0.030994342562333896,0.0,0.0,0.0,0.0,0.0,0.25067451963692655,0.0,0.0,0.0,0.214025210791016,0.0,0.0,Griff
winter+halbjahr griff,1.5284284696371297,-0.030994342562333896,0.0,0.0,0.0,0.0,0.0,0.25067451963692655,0.0,0.0,0.0,0.214025210791016,0.0,0.0,winter+halbjahr griff
bekommen,1.5105823799863551,-0.03279098349940319,0.0,0.0,0.0,0.0,0.0,0.2624193245585494,0.0,0.0,0.0,0.22577001571263888,0.0,0.0,bekommen
griff bekomm+en,1.5105823799863551,-0.03279098349940319,0.0,0.0,0.0,0.0,0.0,0.2624193245585494,0.0,0.0,0.0,0.22577001571263888,0.0,0.0,griff bekomm+en
bekomm+en soll+en,1.4937500231449086,-0.034527974890636505,0.0,0.0,0.0,0.0,0.0,0.27362483094714124,0.0,0.0,0.0,0.23697552210123077,0.0,0.0,bekomm+en soll+en
Diesel-Fahrzeuge,1.4834432658678325,-0.03561255338245737,0.0,0.0,0.0,0.0,0.0,0.2805486665544198,0.0,0.0,0.0,0.24389935770850926,0.0,0.0,Diesel-Fahrzeuge
soll+en diesel+-+fahrzeug+e,1.4834432658678325,-0.03561255338245737,0.0,0.0,0.0,0.0,0.0,0.2805486665544198,0.0,0.0,0.0,0.24389935770850926,0.0,0.0,soll+en diesel+-+fahrzeug+e
Kategorie,1.4579046550991175,-0.03837134864918534,0.0,0.0,0.0,0.0,0.0,0.29791434599903444,0.0,0.0,0.0,0.26126503715312394,0.0,0.0,Kategorie
diesel+-+fahrzeug+e kategorie,1.4579046550991175,-0.03837134864918534,0.0,0.0,0.0,0.0,0.0,0.29791434599903444,0.0,0.0,0.0,0.26126503715312394,0.0,0.0,diesel+-+fahrzeug+e kategorie
kategorie euro,1.447895873130825,-0.03948123173037565,0.0,0.0,0.0,0.0,0.0,0.3048032025827602,0.0,0.0,0.0,0.2681538937368497,0.0,0.0,kategorie euro
älter,1.4372601357333519,-0.040678960382227076,0.0,0.0,0.0,0.0,0.0,0.3121759654715225,0.0,0.0,0.0,0.27552665662561204,0.0,0.0,älter
euro alt+er,1.4372601357333519,-0.040678960382227076,0.0,0.0,0.0,0.0,0.0,0.3121759654715225,0.0,0.0,0.0,0.27552665662561204,0.0,0.0,euro alt+er
temporär,1.4324175266970811,-0.041230679271490586,0.0,0.0,0.0,0.0,0.0,0.31555098817628563,0.0,0.0,0.0,0.2789016793303751,0.0,0.0,temporär
alt+er temporär,1.4324175266970811,-0.041230679271490586,0.0,0.0,0.0,0.0,0.0,0.31555098817628563,0.0,0.0,0.0,0.2789016793303751,0.0,0.0,alt+er temporär
temporär mehr,1.4214659896602768,-0.04249339736900412,0.0,0.0,0.0,0.0,0.0,0.3232258569865024,0.0,0.0,0.0,0.2865765481405919,0.0,0.0,temporär mehr
mehr fahr+en,1.4181355987051105,-0.04288158074181153,0.0,0.0,0.0,0.0,0.0,0.3255715328699432,0.0,0.0,0.0,0.28892222402403284,0.0,0.0,mehr fahr+en
fahr+en dürf+en,1.4137079526582175,-0.04340072541217829,0.0,0.0,0.0,0.0,0.0,0.3286985768429083,0.0,0.0,0.0,0.29204926799699765,0.0,0.0,fahr+en dürf+en
dürf+en sie,1.4095309363956572,-0.04389372278132717,0.0,0.0,0.0,0.0,0.0,0.33165760331886657,0.0,0.0,0.0,0.2950082944729561,0.0,0.0,dürf+en sie
entscheiden,1.4072476939825793,-0.0441645457402573,0.0,0.0,0.0,0.0,0.0,0.33327877644800236,0.0,0.0,0.0,0.29662946760209186,0.0,0.0,entscheiden
sie entscheid+en,1.4072476939825793,-0.0441645457402573,0.0,0.0,0.0,0.0,0.0,0.33327877644800236,0.0,0.0,0.0,0.29662946760209186,0.0,0.0,sie entscheid+en
entscheid+en darüber,1.4008069914514876,-0.04493365637727683,0.0,0.0,0.0,0.0,0.0,0.3378660901203788,0.0,0.0,0.0,0.30121678127446816,0.0,0.0,entscheid+en darüber
darüber sie,1.4095309363956572,-0.04389372278132717,0.0,0.0,0.0,0.0,0.0,0.33165760331886657,0.0,0.0,0.0,0.2950082944729561,0.0,0.0,darüber sie
Inhalte,1.3894907463422206,-0.046303709159955256,0.0,0.0,0.0,0.0,0.0,0.3459772726644106,0.0,0.0,0.0,0.30932796381850014,0.0,0.0,Inhalte
sie inhalt+e,1.3894907463422206,-0.046303709159955256,0.0,0.0,0.0,0.0,0.0,0.3459772726644106,0.0,0.0,0.0,0.30932796381850014,0.0,0.0,sie inhalt+e
nutzen,1.3861089328827059,-0.046717854715087645,0.0,0.0,0.0,0.0,0.0,0.3484140903065827,0.0,0.0,0.0,0.31176478146067205,0.0,0.0,nutzen
inhalt+e nutz+en,1.3861089328827059,-0.046717854715087645,0.0,0.0,0.0,0.0,0.0,0.3484140903065827,0.0,0.0,0.0,0.31176478146067205,0.0,0.0,inhalt+e nutz+en
Ihr,1.3802103875166214,-0.04744547797379454,0.0,0.0,0.0,0.0,0.0,0.35267864086806167,0.0,0.0,0.0,0.3160293320221513,0.0,0.0,Ihr
Gerät,1.3787261884564614,-0.047629627725089704,0.0,0.0,0.0,0.0,0.0,0.35375456208804335,0.0,0.0,0.0,0.3171052532421328,0.0,0.0,Gerät
ihr gerät,1.3787261884564614,-0.047629627725089704,0.0,0.0,0.0,0.0,0.0,0.35375456208804335,0.0,0.0,0.0,0.3171052532421328,0.0,0.0,ihr gerät
erlaubt,1.3765643047831488,-0.047898631574200184,0.0,0.0,0.0,0.0,0.0,0.35532382247802236,0.0,0.0,0.0,0.3186745136321117,0.0,0.0,erlaubt
gerät erlaub+t,1.3765643047831488,-0.047898631574200184,0.0,0.0,0.0,0.0,0.0,0.35532382247802236,0.0,0.0,0.0,0.3186745136321117,0.0,0.0,gerät erlaub+t
erlaub+t derzeit,1.3724566860196303,-0.04841227960387013,0.0,0.0,0.0,0.0,0.0,0.35831224769139686,0.0,0.0,0.0,0.3216629388454864,0.0,0.0,erlaub+t derzeit
leider,1.3698659020843769,-0.04873797183886027,0.0,0.0,0.0,0.0,0.0,0.3602017297802518,0.0,0.0,0.0,0.32355242093434133,0.0,0.0,leider
derzeit leider,1.3698659020843769,-0.04873797183886027,0.0,0.0,0.0,0.0,0.0,0.3602017297802518,0.0,0.0,0.0,0.32355242093434133,0.0,0.0,derzeit leider
entsprechenden,1.3644220617797573,-0.04942670623574196,0.0,0.0,0.0,0.0,0.0,0.3641836421241752,0.0,0.0,0.0,0.32753433327826453,0.0,0.0,entsprechenden
leider entsprech+end+en,1.3644220617797573,-0.04942670623574196,0.0,0.0,0.0,0.0,0.0,0.3641836421241752,0.0,0.0,0.0,0.32753433327826453,0.0,0.0,leider entsprech+end+en
Optionen,1.3602481827740596,-0.049958828293837326,0.0,0.0,0.0,0.0,0.0,0.3672474127062844,0.0,0.0,0.0,0.3305981038603739,0.0,0.0,Optionen
entsprech+end+en option+en,1.3602481827740596,-0.049958828293837326,0.0,0.0,0.0,0.0,0.0,0.3672474127062844,0.0,0.0,0.0,0.3305981038603739,0.0,0.0,entsprech+end+en option+en
anzuzeigen,1.3578847474820899,-0.050261716434797425,0.0,0.0,0.0,0.0,0.0,0.3689864269106899,0.0,0.0,0.0,0.33233711806477945,0.0,0.0,anzuzeigen
option+en an+zu+zeig+en,1.3578847474820899,-0.050261716434797425,0.0,0.0,0.0,0.0,0.0,0.3689864269106899,0.0,0.0,0.0,0.33233711806477945,0.0,0.0,option+en an+zu+zeig+en
Bitte,1.3546401381825222,-0.05067940409609568,0.0,0.0,0.0,0.0,0.0,0.3713787447575588,0.0,0.0,0.0,0.3347294359116483,0.0,0.0,Bitte
deaktivieren,1.35320544480478,-0.050864790748914326,0.0,0.0,0.0,0.0,0.0,0.37243840157182034,0.0,0.0,0.0,0.33578909272590973,0.0,0.0,deaktivieren
bitte deaktivier+en,1.35320544480478,-0.050864790748914326,0.0,0.0,0.0,0.0,0.0,0.37243840157182034,0.0,0.0,0.0,0.33578909272590973,0.0,0.0,bitte deaktivier+en
deaktivier+en sie,1.3502227296120086,-0.051251579580279226,0.0,0.0,0.0,0.0,0.0,0.3746450193997135,0.0,0.0,0.0,0.337995710553803,0.0,0.0,deaktivier+en sie
sämtliche,1.3493377393234562,-0.05136670009001085,0.0,0.0,0.0,0.0,0.0,0.3753006745187152,0.0,0.0,0.0,0.3386513656728045,0.0,0.0,sämtliche
sie sämtlich+e,1.3493377393234562,-0.05136670009001085,0.0,0.0,0.0,0.0,0.0,0.3753006745187152,0.0,0.0,0.0,0.3386513656728045,0.0,0.0,sie sämtlich+e
Hard-,1.3471885836386226,-0.05164694965614976,0.0,0.0,0.0,0.0,0.0,0.3768946928092822,0.0,0.0,0.0,0.3402453839633717,0.0,0.0,Hard-
sämtlich+e hard+-,1.3471885836386226,-0.05164694965614976,0.0,0.0,0.0,0.0,0.0,0.3768946928092822,0.0,0.0,0.0,0.3402453839633717,0.0,0.0,sämtlich+e hard+-
Software…,1.34512507616815,-0.05191694768935167,0.0,0.0,0.0,0.0,0.0,0.37842758097557455,0.0,0.0,0.0,0.34177827212966405,0.0,0.0,Software…
hard+- software…,1.34512507616815,-0.05191694768935167,0.0,0.0,0.0,0.0,0.0,0.37842758097557455,0.0,0.0,0.0,0.34177827212966405,0.0,0.0,hard+- software…
+180,1.3429475353462934,-0.05220284555877645,0.0,0.0,0.0,0.0,0.0,0.38004773162838484,0.0,0.0,0.0,0.3433984227824741,0.0,0.0,+180
software… +180,1.3429475353462934,-0.05220284555877645,0.0,0.0,0.0,0.0,0.0,0.38004773162838484,0.0,0.0,0.0,0.3433984227824741,0.0,0.0,software… +180
+180 char+s,1.341987950718201,-0.052329153733414284,0.0,0.0,0.0,0.0,0.0,0.3807625232305884,0.0,0.0,0.0,0.344113214384678,0.0,0.0,+180 char+s
Gemütliches,1.4780093811357835,-0.03619093065194589,0.0,0.0,0.0,0.0,0.0,0.2842184134509247,0.0,0.0,0.0,0.2475691046050143,0.0,0.0,Gemütliches
Sporteln,1.4953138535120292,-0.03436482144686621,0.0,0.0,0.0,0.0,0.0,0.27257846287048815,0.0,0.0,0.0,0.23592915402457765,0.0,0.0,Sporteln
gemütlich+es sportel+n,1.4953138535120292,-0.03436482144686621,0.0,0.0,0.0,0.0,0.0,0.27257846287048815,0.0,0.0,0.0,0.23592915402457765,0.0,0.0,gemütlich+es sportel+n
sportel+n was,1.512425612078905,-0.032603303160762945,0.0,0.0,0.0,0.0,0.0,0.2611998555225355,0.0,0.0,0.0,0.22455054667662505,0.0,0.0,sportel+n was
gilt,1.5201334767067798,-0.03182378634096848,0.0,0.0,0.0,0.0,0.0,0.25611643851364835,0.0,0.0,0.0,0.21946712966773788,0.0,0.0,gilt
was gelt,1.5201334767067798,-0.03182378634096848,0.0,0.0,0.0,0.0,0.0,0.25611643851364835,0.0,0.0,0.0,0.21946712966773788,0.0,0.0,was gelt
beim,2.238337934466081,0.016069777579871856,0.0,0.0,0.0,0.0,0.0,-0.13081901377224273,0.0,0.0,0.0,-0.16746832261815336,0.0,0.0,beim
gelt bei,1.5306028699996357,-0.03077851710007497,0.0,0.0,0.0,0.0,0.0,0.2492528926659693,0.0,0.0,0.0,0.21260358382005884,0.0,0.0,gelt bei
SUP-Fahren,1.5421482725295124,-0.02964351181873613,0.0,0.0,0.0,0.0,0.0,0.24173815663546042,0.0,0.0,0.0,0.2050888477895498,0.0,0.0,SUP-Fahren
bei sup-fahre+n,1.5421482725295124,-0.02964351181873613,0.0,0.0,0.0,0.0,0.0,0.24173815663546042,0.0,0.0,0.0,0.2050888477895498,0.0,0.0,bei sup-fahre+n
Brandenburgs,1.5855247248405213,-0.025537747311000572,0.0,0.0,0.0,0.0,0.0,0.21399917391553522,0.0,0.0,0.0,0.17734986506962483,0.0,0.0,Brandenburgs
sup-fahre+n brandenburg+s,1.5855247248405213,-0.025537747311000572,0.0,0.0,0.0,0.0,0.0,0.21399917391553522,0.0,0.0,0.0,0.17734986506962483,0.0,0.0,sup-fahre+n brandenburg+s
Gewässern,1.6400313865594254,-0.02070801424974479,0.0,0.0,0.0,0.0,0.0,0.1801992033403581,0.0,0.0,0.0,0.14354989449444758,0.0,0.0,Gewässern
brandenburg+s gewässer+n,1.6400313865594254,-0.02070801424974479,0.0,0.0,0.0,0.0,0.0,0.1801992033403581,0.0,0.0,0.0,0.14354989449444758,0.0,0.0,brandenburg+s gewässer+n
SUP-Ausflug,1.7098089172185293,-0.015004701430929331,0.0,0.0,0.0,0.0,0.0,0.13853296318526676,0.0,0.0,0.0,0.10188365433935605,0.0,0.0,SUP-Ausflug
geplant,1.8433383912366266,-0.005368545676566103,0.0,0.0,0.0,0.0,0.0,0.06333631238728418,0.0,0.0,0.0,0.02668700354137355,0.0,0.0,geplant
sup-ausflug ge+plan+t,1.8433383912366266,-0.005368545676566103,0.0,0.0,0.0,0.0,0.0,0.06333631238728418,0.0,0.0,0.0,0.02668700354137355,0.0,0.0,sup-ausflug ge+plan+t
Welche,2.062676113319184,0.0076046098702037416,0.0,0.0,0.0,0.0,0.0,-0.049089640717971283,0.0,0.0,0.0,-0.08573894956388182,0.0,0.0,Welche
welche fahr+verbot+e,2.608609362497423,0.030021581634317757,0.0,0.0,0.0,0.0,0.0,-0.2839026848972261,0.0,0.0,0.0,-0.3205519937431365,0.0,0.0,welche fahr+verbot+e
fahr+verbot+e bei,1.9180192681277344,-0.0005987064582334754,0.0,0.0,0.0,0.0,0.0,0.023621560780814132,0.0,0.0,0.0,-0.013027748065096332,0.0,0.0,fahr+verbot+e bei
Stand-up-Paddling,1.8280406897961037,-0.0063966732922495695,0.0,0.0,0.0,0.0,0.0,0.07166985116685758,0.0,0.0,0.0,0.035020542320947104,0.0,0.0,Stand-up-Paddling
bei stand-up-paddling,1.8280406897961037,-0.0063966732922495695,0.0,0.0,0.0,0.0,0.0,0.07166985116685758,0.0,0.0,0.0,0.035020542320947104,0.0,0.0,bei stand-up-paddling
Brandenburg,1.88903273768454,-0.00240260645506412,0.0,0.0,0.0,0.0,0.0,0.03884966407423455,0.0,0.0,0.0,0.0022003552283241146,0.0,0.0,Brandenburg
stand-up-paddling brandenburg,1.645232137937021,-0.02026507828588787,0.0,0.0,0.0,0.0,0.0,0.1770330915911541,0.0,0.0,0.0,0.14038378274524346,0.0,0.0,stand-up-paddling brandenburg
gelten,1.5926228072094866,-0.02488872137710933,0.0,0.0,0.0,0.0,0.0,0.2095323616613091,0.0,0.0,0.0,0.17288305281539873,0.0,0.0,gelten
brandenburg gelt+en,1.5926228072094866,-0.02488872137710933,0.0,0.0,0.0,0.0,0.0,0.2095323616613091,0.0,0.0,0.0,0.17288305281539873,0.0,0.0,brandenburg gelt+en
warum,1.5663100997705546,-0.027326364459393102,0.0,0.0,0.0,0.0,0.0,0.22619198488643186,0.0,0.0,0.0,0.18954267604052133,0.0,0.0,warum
gelt+en warum,1.5663100997705546,-0.027326364459393102,0.0,0.0,0.0,0.0,0.0,0.22619198488643186,0.0,0.0,0.0,0.18954267604052133,0.0,0.0,gelt+en warum
Seerosen,1.5397442720813703,-0.02987833546318886,0.0,0.0,0.0,0.0,0.0,0.24329823759281088,0.0,0.0,0.0,0.2066489287469003,0.0,0.0,Seerosen
warum see+rose+n,1.5397442720813703,-0.02987833546318886,0.0,0.0,0.0,0.0,0.0,0.24329823759281088,0.0,0.0,0.0,0.2066489287469003,0.0,0.0,warum see+rose+n
meiden,1.5201334767067798,-0.03182378634096848,0.0,0.0,0.0,0.0,0.0,0.25611643851364835,0.0,0.0,0.0,0.21946712966773788,0.0,0.0,meiden
see+rose+n meid+en,1.5201334767067798,-0.03182378634096848,0.0,0.0,0.0,0.0,0.0,0.25611643851364835,0.0,0.0,0.0,0.21946712966773788,0.0,0.0,see+rose+n meid+en
wann,1.5001559612717805,-0.03386197204096058,0.0,0.0,0.0,0.0,0.0,0.2693455062549135,0.0,0.0,0.0,0.2326961974090029,0.0,0.0,wann
meid+en wann,1.5001559612717805,-0.03386197204096058,0.0,0.0,0.0,0.0,0.0,0.2693455062549135,0.0,0.0,0.0,0.2326961974090029,0.0,0.0,meid+en wann
Schwimmwesten,1.4922102207825927,-0.03468898172885059,0.0,0.0,0.0,0.0,0.0,0.27465619263518715,0.0,0.0,0.0,0.2380068837892766,0.0,0.0,Schwimmwesten
wann schwimm+westen,1.4922102207825927,-0.03468898172885059,0.0,0.0,0.0,0.0,0.0,0.27465619263518715,0.0,0.0,0.0,0.2380068837892766,0.0,0.0,wann schwimm+westen
dabeihaben,1.4728694299363072,-0.03674226087095195,0.0,0.0,0.0,0.0,0.0,0.28770209185777756,0.0,0.0,0.0,0.251052783011867,0.0,0.0,dabeihaben
schwimm+westen dabei+hab+en,1.4728694299363072,-0.03674226087095195,0.0,0.0,0.0,0.0,0.0,0.28770209185777756,0.0,0.0,0.0,0.251052783011867,0.0,0.0,schwimm+westen dabei+hab+en
Wer,1.4517617160966,-0.039050584649887435,0.0,0.0,0.0,0.0,0.0,0.3021367875752957,0.0,0.0,0.0,0.26548747872938505,0.0,0.0,Wer
wer brandenburg,1.4451074142472524,-0.03979340668520579,0.0,0.0,0.0,0.0,0.0,0.30673092921844103,0.0,0.0,0.0,0.27008162037253053,0.0,0.0,wer brandenburg
Stand-up-Paddle-Board,1.4271154381311122,-0.041839393821192956,0.0,0.0,0.0,0.0,0.0,0.3192593522394806,0.0,0.0,0.0,0.28261004339356993,0.0,0.0,Stand-up-Paddle-Board
brandenburg stand-up-paddle-board,1.4271154381311122,-0.041839393821192956,0.0,0.0,0.0,0.0,0.0,0.3192593522394806,0.0,0.0,0.0,0.28261004339356993,0.0,0.0,brandenburg stand-up-paddle-board
unterwegs,1.4124900005604293,-0.043544149457811265,0.0,0.0,0.0,0.0,0.0,0.329560478375177,0.0,0.0,0.0,0.29291116952926644,0.0,0.0,unterwegs
stand-up-paddle-board unterwegs,1.4124900005604293,-0.043544149457811265,0.0,0.0,0.0,0.0,0.0,0.329560478375177,0.0,0.0,0.0,0.29291116952926644,0.0,0.0,stand-up-paddle-board unterwegs
vorher,1.3949123926350784,-0.04564430475534449,0.0,0.0,0.0,0.0,0.0,0.34208297081649786,0.0,0.0,0.0,0.3054336619705872,0.0,0.0,vorher
unterwegs vorher,1.3949123926350784,-0.04564430475534449,0.0,0.0,0.0,0.0,0.0,0.34208297081649786,0.0,0.0,0.0,0.3054336619705872,0.0,0.0,unterwegs vorher
informieren,1.3916964035015265,-0.046034775046489375,0.0,0.0,0.0,0.0,0.0,0.3443911459473752,0.0,0.0,0.0,0.3077418371014646,0.0,0.0,informieren
vorher informier+en,1.3916964035015265,-0.046034775046489375,0.0,0.0,0.0,0.0,0.0,0.3443911459473752,0.0,0.0,0.0,0.3077418371014646,0.0,0.0,vorher informier+en
See,1.3848848426197655,-0.04686830097606568,0.0,0.0,0.0,0.0,0.0,0.34929759307976604,0.0,0.0,0.0,0.31264828423385543,0.0,0.0,See
informier+en see,1.3848848426197655,-0.04686830097606568,0.0,0.0,0.0,0.0,0.0,0.34929759307976604,0.0,0.0,0.0,0.31264828423385543,0.0,0.0,informier+en see
Fluss,1.3813470663129765,-0.047304736721992285,0.0,0.0,0.0,0.0,0.0,0.3518554250707794,0.0,0.0,0.0,0.315206116224869,0.0,0.0,Fluss
see fluss,1.3813470663129765,-0.047304736721992285,0.0,0.0,0.0,0.0,0.0,0.3518554250707794,0.0,0.0,0.0,0.315206116224869,0.0,0.0,see fluss
fluss dafür,1.3790939433331784,-0.04758395899485539,0.0,0.0,0.0,0.0,0.0,0.35348786240400115,0.0,0.0,0.0,0.31683855355809065,0.0,0.0,fluss dafür
freigegeben,1.3751640874992432,-0.04807335110852927,0.0,0.0,0.0,0.0,0.0,0.356341522777721,0.0,0.0,0.0,0.3196922139318106,0.0,0.0,freigegeben
dafür frei+ge+geb+en,1.3751640874992432,-0.04807335110852927,0.0,0.0,0.0,0.0,0.0,0.356341522777721,0.0,0.0,0.0,0.3196922139318106,0.0,0.0,dafür frei+ge+geb+en
Insbesondere,1.3695498390574783,-0.048777796316019875,0.0,0.0,0.0,0.0,0.0,0.36043248192462657,0.0,0.0,0.0,0.32378317307871607,0.0,0.0,Insbesondere
Schleusen,1.3647114838951933,-0.04938993934529917,0.0,0.0,0.0,0.0,0.0,0.3639715439533255,0.0,0.0,0.0,0.327322235107415,0.0,0.0,Schleusen
insbesondere schleuse+n,1.3647114838951933,-0.04938993934529917,0.0,0.0,0.0,0.0,0.0,0.3639715439533255,0.0,0.0,0.0,0.327322235107415,0.0,0.0,insbesondere schleuse+n
Naturschutzgebieten,1.3616056292584264,-0.04978538024916423,0.0,0.0,0.0,0.0,0.0,0.3662499700141686,0.0,0.0,0.0,0.32960066116825815,0.0,0.0,Naturschutzgebieten
schleuse+n natur+schutz+gebiet+en,1.3616056292584264,-0.04978538024916423,0.0,0.0,0.0,0.0,0.0,0.3662499700141686,0.0,0.0,0.0,0.32960066116825815,0.0,0.0,schleuse+n natur+schutz+gebiet+en
un…,1.3563633296417168,-0.05045730227754458,0.0,0.0,0.0,0.0,0.0,0.37010748729756904,0.0,0.0,0.0,0.33345817845165865,0.0,0.0,un…
natur+schutz+gebiet+en un…,1.3563633296417168,-0.05045730227754458,0.0,0.0,0.0,0.0,0.0,0.37010748729756904,0.0,0.0,0.0,0.33345817845165865,0.0,0.0,natur+schutz+gebiet+en un…
+2107,1.3551269435051323,-0.05061659760220946,0.0,0.0,0.0,0.0,0.0,0.37101944795220837,0.0,0.0,0.0,0.33437013910629787,0.0,0.0,+2107
un… +2107,1.3551269435051323,-0.05061659760220946,0.0,0.0,0.0,0.0,0.0,0.37101944795220837,0.0,0.0,0.0,0.33437013910629787,0.0,0.0,un… +2107
+2107 chars,1.3536794520496394,-0.050803493723695234,0.0,0.0,0.0,0.0,0.0,0.37208817814691214,0.0,0.0,0.0,0.33543886930100164,0.0,0.0,+2107 chars
sicher,1.8280406897961037,-0.0063966732922495695,0.0,0.0,0.0,0.0,0.0,0.07166985116685758,0.0,0.0,0.0,0.035020542320947104,0.0,0.0,sicher
auto+-+experte sicher,1.8280406897961037,-0.0063966732922495695,0.0,0.0,0.0,0.0,0.0,0.07166985116685758,0.0,0.0,0.0,0.035020542320947104,0.0,0.0,auto+-+experte sicher
sicher fahr+verbot+e,2.608609362497423,0.030021581634317757,0.0,0.0,0.0,0.0,0.0,-0.2839026848972261,0.0,0.0,0.0,-0.3205519937431365,0.0,0.0,sicher fahr+verbot+e
Trassenpreise,4.588484145630186,0.06552305553276094,0.0,0.0,0.0,0.0,0.0,-0.8486351348914031,0.0,0.0,0.0,-0.8852844437373136,0.0,0.0,Trassenpreise
streit trasse+n+preis+e,2.246352792098514,0.01642287415606714,0.0,0.0,0.0,0.0,0.0,-0.13439333657580327,0.0,0.0,0.0,-0.17104264542171385,0.0,0.0,streit trasse+n+preis+e
trasse+n+preis+e wie,2.290170283345932,0.01830746515644386,0.0,0.0,0.0,0.0,0.0,-0.15371159120199865,0.0,0.0,0.0,-0.19036090004790915,0.0,0.0,trasse+n+preis+e wie
teuer,2.3028264036801205,0.018837815219075807,0.0,0.0,0.0,0.0,0.0,-0.15922265651689213,0.0,0.0,0.0,-0.1958719653628027,0.0,0.0,teuer
wie teuer,2.3028264036801205,0.018837815219075807,0.0,0.0,0.0,0.0,0.0,-0.15922265651689213,0.0,0.0,0.0,-0.1958719653628027,0.0,0.0,wie teuer
Schienen-Maut,2.3545911988946155,0.020944870875649838,0.0,0.0,0.0,0.0,0.0,-0.18145254068103434,0.0,0.0,0.0,-0.21810184952694478,0.0,0.0,Schienen-Maut
teuer schienen-maut,2.3545911988946155,0.020944870875649838,0.0,0.0,0.0,0.0,0.0,-0.18145254068103434,0.0,0.0,0.0,-0.21810184952694478,0.0,0.0,teuer schienen-maut
Steigende,3.558127990681264,0.052126192555143454,0.0,0.0,0.0,0.0,0.0,-0.5943199781052289,0.0,0.0,0.0,-0.6309692869511394,0.0,0.0,Steigende
steig+end+e trasse+n+preis+e,3.6450925881823357,0.05355811755703182,0.0,0.0,0.0,0.0,0.0,-0.6184671834204521,0.0,0.0,0.0,-0.6551164922663625,0.0,0.0,steig+end+e trasse+n+preis+e
erzürnen,3.7853813296881134,0.05572547682879578,0.0,0.0,0.0,0.0,0.0,-0.656232046281231,0.0,0.0,0.0,-0.6928813551271416,0.0,0.0,erzürnen
trasse+n+preis+e erzürn+en,3.7853813296881134,0.05572547682879578,0.0,0.0,0.0,0.0,0.0,-0.656232046281231,0.0,0.0,0.0,-0.6928813551271416,0.0,0.0,trasse+n+preis+e erzürn+en
Eisenbahnunternehmen,3.8899119277313035,0.05723598029255887,0.0,0.0,0.0,0.0,0.0,-0.6834719335486861,0.0,0.0,0.0,-0.7201212423945967,0.0,0.0,Eisenbahnunternehmen
erzürn+en eisen+bahn+unternehmen,3.8899119277313035,0.05723598029255887,0.0,0.0,0.0,0.0,0.0,-0.6834719335486861,0.0,0.0,0.0,-0.7201212423945967,0.0,0.0,erzürn+en eisen+bahn+unternehmen
eisen+bahn+unternehmen verkehr+s+minister,4.449803762036907,0.06408982243560715,0.0,0.0,0.0,0.0,0.0,-0.817945413647788,0.0,0.0,0.0,-0.8545947224936984,0.0,0.0,eisen+bahn+unternehmen verkehr+s+minister
Länder,5.054674120815003,0.06975249197003533,0.0,0.0,0.0,0.0,0.0,-0.9453988005517796,0.0,0.0,0.0,-0.9820481093976902,0.0,0.0,Länder
verkehr+s+minister land+er,5.054674120815003,0.06975249197003533,0.0,0.0,0.0,0.0,0.0,-0.9453988005517796,0.0,0.0,0.0,-0.9820481093976902,0.0,0.0,verkehr+s+minister land+er
warnen,5.6117113567467785,0.0738674533581734,0.0,0.0,0.0,0.0,0.0,-1.049941144554133,0.0,0.0,0.0,-1.0865904534000432,0.0,0.0,warnen
sie warn+en,5.6117113567467785,0.0738674533581734,0.0,0.0,0.0,0.0,0.0,-1.049941144554133,0.0,0.0,0.0,-1.0865904534000432,0.0,0.0,sie warn+en
Ausbremsen,7.149573037376979,0.08185078021117007,0.0,0.0,0.0,0.0,0.0,-1.2921380567314065,0.0,0.0,0.0,-1.3287873655773168,0.0,0.0,Ausbremsen
warn+en aus+brems+en,7.149573037376979,0.08185078021117007,0.0,0.0,0.0,0.0,0.0,-1.2921380567314065,0.0,0.0,0.0,-1.3287873655773168,0.0,0.0,warn+en aus+brems+en
aus+brems+en verkehr+s+wende,13.51515857762008,0.09542440869472142,0.0,0.0,0.0,0.0,0.0,-1.9288973299734564,0.0,0.0,0.0,-1.9655466388193665,0.0,0.0,aus+brems+en verkehr+s+wende
