0,1,2,3,4,word,summary
26448.987224544268,1.4770631225179711,-0.019634349989938002,-0.02046683933323684,-0.00925540949840134,summaryOfAllWords,23787.573763612796
34.64446549407006,-21.993617406476552,-6.422568669774629,0.7445892782670558,1.875537487853581,Verkehrswende,48.74329105267571
34.0276426261471,-18.586051754246313,-0.44143644590234066,2.8557620978542344,0.744165360049176,Das,46.90838754261744
-3.811721050055054,-0.4163947412155755,-1.6005175220081893,0.33082042501907205,1.441106161400016,verkehr+s+wende der,4.902119073132844
-2.9356166158560884,-1.0191071197633526,-2.132093940396105,0.4826097856376076,1.9842253058286852,Münchens,5.9729702222522345
-4.078900706032665,-0.2219340103755627,-1.4528840700777013,0.42970056759945496,1.4780968669139167,der münchen+s,4.588882353124182
-3.422313639233458,-0.6081132017346045,-1.4645061091085334,0.2721050875436507,1.4448457106725168,größte,5.3354654936810695
-4.23898575414959,-0.10605390271449733,-1.3601573332991463,0.4985319741324622,1.5090786250374986,münchen+s groß,4.402557943827612
-4.325478664690582,-0.043937138386187735,-1.3090584432545447,0.540616211420767,1.5313077605471441,Baustellen,4.302673568612716
-4.325478664690582,-0.043937138386187735,-1.3090584432545447,0.540616211420767,1.5313077605471441,groß bau+stelle+n,4.302673568612716
-4.421596603847604,0.024307595339007504,-1.2521691297954227,0.5944290058115443,1.5650373979316856,Weniger,4.192860422503016
-4.421596603847604,0.024307595339007504,-1.2521691297954227,0.5944290058115443,1.5650373979316856,bau+stelle+n wenig+er,4.192860422503016
-1.8413089861540515,-1.7755037698877127,-2.5165776324376745,0.09076787104903039,1.6667218124361474,Autos,7.236541387278325
-4.470818758748998,0.05866797537986157,-1.2236175922330625,0.6272450094637433,1.5896070260272692,wenig+er auto+s,4.137523223022791
17.047843791183958,-10.46146962310223,-1.3401161038125202,1.9406045287783587,0.3905008991804285,mehr,28.075811219201597
-4.503351039202213,0.08094305311738781,-1.205508114783358,0.6529126119466295,1.6116399649857711,auto+s mehr,4.101630412452458
-4.521503789637039,0.09308881270020941,-1.196012421902171,0.6698864865489933,1.6278829461715407,Platz,4.0820556328675455
-4.521503789637039,0.09308881270020941,-1.196012421902171,0.6698864865489933,1.6278829461715407,mehr platz,4.0820556328675455
-4.546471686712482,0.1089659106747165,-1.1849724259036083,0.7011545601593023,1.6621931824752596,Radler,4.056481225504746
-4.546471686712482,0.1089659106747165,-1.1849724259036083,0.7011545601593023,1.6621931824752596,platz radler,4.056481225504746
-3.7359984306597083,-0.46235124001799655,-1.7140465974160082,0.5748799407395544,1.8471880774432552,Fußgänger,5.021279887253222
-4.5570156040783845,0.11384276083847356,-1.1851108565196544,0.7322466950826165,1.703915300833371,radler fußgänger,4.048714169760685
8.015292627488614,-5.773037227660348,-0.5563298462880403,1.7323758274977947,0.962335587694976,neue,17.945228358242883
-4.5472399477141305,0.10362117656276282,-1.200325117847891,0.7601897762522667,1.7517622240236257,fußgänger neu+e,4.06549975972378
-4.533851569191745,0.09238175700820905,-1.2138428162702806,0.7715834603302922,1.7762852291141673,U-Bahnen,4.083924173626503
-4.533851569191745,0.09238175700820905,-1.2138428162702806,0.7715834603302922,1.7762852291141673,neu+e u-bahn+en,4.083924173626503
-4.450998270538366,0.0285909391695347,-1.2830128107988739,0.7924540178370287,1.851551160727639,Tramlinien,4.189211454486075
-4.450998270538366,0.0285909391695347,-1.2830128107988739,0.7924540178370287,1.851551160727639,u-bahn+en tram+linie+n,4.189211454486075
-0.1696469208264828,-2.8376752828673113,-3.1333144262565633,0.25218302215329547,2.2066030506792527,Mobilitätsreferent,9.219786681379366
-4.114929223079274,-0.20842581826419426,-1.5107130833936933,0.7395443886897086,1.9345925285637577,tram+linie+n mobilität+s+referent,4.589403515588218
-2.6524799317771715,-1.3939913937184754,-2.345946064427082,0.9770815530368198,2.7594856861595347,Georg,6.450444561712331
-2.6524799317771715,-1.3939913937184754,-2.345946064427082,0.9770815530368198,2.7594856861595347,mobilität+s+referent georg,6.450444561712331
-0.12789513185570467,-2.8705976018712813,-3.180081608492363,0.4107389229167806,2.4476436618193267,Dunkel,9.291342926437538
-3.14241580877359,-0.9753276149082009,-2.106189005483732,0.8845804263715011,2.5022966865151193,georg dunkel,5.816980925501246
-2.2614861595560045,-1.4126737161582423,-2.1332504444950153,0.2369968373991016,1.740866398758591,kommenden,6.719113840351695
-3.1007733212074378,-0.904532001494291,-2.0191860641056443,0.36866850214842195,1.75986565595437,dunkel komm+end+en,5.760118205621045
0.5419941589140347,-2.630276086146188,-1.4072234945859752,0.03552103060823558,1.6637793869404398,Jahren,9.745057925936777
-2.326717182107547,-1.3731495640982367,-2.095930039152086,0.2057145478827872,1.6757842480576988,komm+end+en jahr+en,6.639276058387315
-4.791433996223229,0.2619847505597015,-1.0309861309301007,0.875249126184634,1.7867453483671831,verantworten,3.789832049679464
-4.791433996223229,0.2619847505597015,-1.0309861309301007,0.875249126184634,1.7867453483671831,jahr+en verantwort+en,3.789832049679464
-4.912015311362786,0.3548485201647973,-0.9154529336428429,0.8390905863481708,1.6570459252997751,aufstaut,3.6356240038885805
-4.912015311362786,0.3548485201647973,-0.9154529336428429,0.8390905863481708,1.6570459252997751,verantwort+en auf+stau+t,3.6356240038885805
-3.983779448542079,-0.2874282461332811,-1.5209687125608642,0.44361487170974745,1.542515373085274,Keine,4.705045165400773
-4.945259405008285,0.37969518830279925,-0.8823358318706899,0.8283499986023886,1.619137050563871,idealen,3.5933144469143508
-4.945259405008285,0.37969518830279925,-0.8823358318706899,0.8283499986023886,1.619137050563871,kein+e ideal+en,3.5933144469143508
-4.959336886401988,0.39014036735631774,-0.8680588612719147,0.8234086519518646,1.6023493296654223,Voraussetzungen,3.575378399693735
-4.959336886401988,0.39014036735631774,-0.8680588612719147,0.8234086519518646,1.6023493296654223,ideal+en voraussetzung+en,3.575378399693735
-4.9986284310447875,0.41917271481262697,-0.8268193477056947,0.8063895985821321,1.550091924107688,gewünschte,3.524952514937689
-4.9986284310447875,0.41917271481262697,-0.8268193477056947,0.8063895985821321,1.550091924107688,voraussetzung+en ge+wünsch+t+e,3.524952514937689
-5.009085964840223,0.4269418747352345,-0.8151268507423379,0.7998084050335186,1.5329036053890575,Neuverteilung,3.5112520121919615
-5.009085964840223,0.4269418747352345,-0.8151268507423379,0.7998084050335186,1.5329036053890575,ge+wünsch+t+e neuverteilung,3.5112520121919615
-5.020675206606642,0.43577004411298703,-0.8008060494228697,0.788088934921215,1.5069461689738062,öffentlichen,3.49541484616067
-5.020675206606642,0.43577004411298703,-0.8008060494228697,0.788088934921215,1.5069461689738062,neuverteilung öffentlich+en,3.49541484616067
-5.02399490154139,0.4386709648646472,-0.7947731349501447,0.7782260981125124,1.4894217093651445,Raums,3.489896485752484
-5.02399490154139,0.4386709648646472,-0.7947731349501447,0.7782260981125124,1.4894217093651445,öffentlich+en raum+s,3.489896485752484
-5.02370741662818,0.43877521480421033,-0.7935107019018451,0.7730258968291532,1.4815614288628733,umzusetzen,3.489456964733711
-5.02370741662818,0.43877521480421033,-0.7935107019018451,0.7730258968291532,1.4815614288628733,raum+s um+zu+setz+en,3.489456964733711
-5.011390604469172,0.43142314889565103,-0.7988277121367797,0.7517421897662109,1.4569300417622246,besseres,3.5011556917729076
-5.011390604469172,0.43142314889565103,-0.7988277121367797,0.7517421897662109,1.4569300417622246,um+zu+setz+en gut+er+es,3.5011556917729076
-4.995472798877715,0.4211473360761733,-0.8094013159498112,0.7370182470656279,1.4448381677860553,Miteinander,3.5182205466831884
-4.995472798877715,0.4211473360761733,-0.8094013159498112,0.7370182470656279,1.4448381677860553,gut+er+es miteinander,3.5182205466831884
-4.924212719655763,0.37359678977266597,-0.8613775467233526,0.6902475219274866,1.4194688630363173,öffentlichem,3.597679284751805
-4.924212719655763,0.37359678977266597,-0.8613775467233526,0.6902475219274866,1.4194688630363173,miteinander öffentlich+em,3.597679284751805
-3.577910344841018,-0.5990035238605582,-1.6979891038747592,0.17312658787423174,1.287829367303418,Nahverkehr,5.172327748565571
-4.618892347278859,0.1603886280544391,-1.0810736682868158,0.5407420103721999,1.3737054184411013,öffentlich+em nahverkehr,3.948277109641216
-4.936077068026346,0.38165666752220817,-0.8476213165817252,0.6804334365592977,1.3964192221573646,nahverkehr fußgänger,3.5821631735777566
-5.01733193702122,0.43632731511501,-0.7823292055515504,0.7151145931638407,1.3959510765364054,Radfahrer,3.488998431745854
-5.01733193702122,0.43632731511501,-0.7823292055515504,0.7151145931638407,1.3959510765364054,fußgänger rad+fahrer,3.488998431745854
-5.073884740854904,0.4738295323406916,-0.7348147585131375,0.7368477775140043,1.3906792234834389,rad+fahrer auto+s,3.424061061865317
-5.0913199367911925,0.48530523528994607,-0.7197372176145655,0.7428920513310435,1.3878261601952917,hinzubek…,3.403990366478044
-5.0913199367911925,0.48530523528994607,-0.7197372176145655,0.7428920513310435,1.3878261601952917,auto+s hinzubek…,3.403990366478044
-5.117506921526008,0.5024687269318524,-0.6966567116867943,0.751227212402277,1.3821960736955774,+7357,3.3737779564471917
-5.117506921526008,0.5024687269318524,-0.6966567116867943,0.751227212402277,1.3821960736955774,hinzubek… +7357,3.3737779564471917
40.96591388901056,-21.878364846603226,-0.176885030082164,3.389428208337229,1.026371394048102,chars,54.611742808145316
-5.1295731254497055,0.5103484159986609,-0.6858349668067432,0.7547352733642698,1.3790068324686235,+7357 char+s,3.3598255180986176
-5.1722982782443125,0.3742423417555838,-0.3690763934970852,-0.1080728296307947,-0.025501706995098405,News-Überblick,3.2690719051655583
-5.130315904601606,0.3428546639285177,-0.40421864587413503,-0.13096644868652071,-0.03084773638585052,news+-+überblick der,3.317965649196372
-5.0900444941828695,0.312539615945467,-0.4374079532822467,-0.15250012637231142,-0.03588047570537935,Nachrichten,3.36499714542549
-5.0900444941828695,0.312539615945467,-0.4374079532822467,-0.15250012637231142,-0.03588047570537935,der nachricht+en,3.36499714542549
-5.029859030034987,0.266906406837796,-0.48608276829492336,-0.18392542478337864,-0.04323210784382822,Tages,3.4355001374448233
-5.029859030034987,0.266906406837796,-0.48608276829492336,-0.18392542478337864,-0.04323210784382822,nachricht+en tag+es,3.4355001374448233
2.9237345409839435,-3.876305851755776,0.6446890200557891,-0.9173158162781645,-0.12626868978975697,Wie,12.29386361817746
-5.0032046707858875,0.2465868716977948,-0.5072928934635081,-0.19756064477315913,-0.046424424016237614,tag+es wie,3.466798642610842
-4.234182185595637,-0.3509662658940029,-1.0411062199174552,-0.5283104167072572,-0.12420210096767845,Wiesn-Aufbau,4.380827370174419
-4.962974254867003,0.21580641863754058,-0.5389127520679362,-0.21782147829090343,-0.051170606575066155,wie wiesn-aufbau,3.5141177676366087
-4.8583866755498875,0.1352686766943747,-0.6189717715551493,-0.26876027775438915,-0.0631163977755607,vollen,3.6375261590791963
-4.8583866755498875,0.1352686766943747,-0.6189717715551493,-0.26876027775438915,-0.0631163977755607,wiesn-aufbau voll+en,3.6375261590791963
-4.7955514167127005,0.08660440265752811,-0.6656398621962951,-0.29821165925894133,-0.07003104553973685,Gange,3.711901302979854
-4.7955514167127005,0.08660440265752811,-0.6656398621962951,-0.29821165925894133,-0.07003104553973685,voll+en gang+e,3.711901302979854
-4.470509599313278,-0.16671197509061808,-0.8914594539477797,-0.4381087136344949,-0.10294106791922139,aussieht,4.098542903037493
-4.725845148775962,0.03244482840393448,-0.7162113532485944,-0.32992154586809225,-0.07748183458702956,gang+e aus+seh+t,3.7945786262727172
-4.328731471401144,-0.2773311802740537,-0.9825756088313784,-0.49327728637834667,-0.11594180618389935,aus+seh+t mobilität+s+referent,4.267822079508478
-4.46378296841697,-0.1719633551046007,-0.895877300950069,-0.4408010342725933,-0.10357528606275652,mobilität+s+referent dunkel,4.106568233739971
-2.3246429715731223,-1.779856520415867,-1.9544118392608212,-1.0272731556145938,-0.24169893485971647,jahr+en verkehr+s+wende,6.658832461537227
-4.054134295873601,-0.4907003991644774,-1.1479977589202444,-0.5914434590726138,-0.13909408615365332,vorantreiben,4.596166079396181
-4.054134295873601,-0.4907003991644774,-1.1479977589202444,-0.5914434590726138,-0.13909408615365332,verkehr+s+wende voran+treib+en,4.596166079396181
-4.5989571152115865,-0.06644259133659913,-0.8051884513962205,-0.3851851400818457,-0.09048000232191836,Anwohner,3.945448943004877
-4.5989571152115865,-0.06644259133659913,-0.8051884513962205,-0.3851851400818457,-0.09048000232191836,voran+treib+en anwohner,3.945448943004877
-3.298511715381226,-1.0666636146305168,-1.5421010031643343,-0.8140148659817884,-0.19159153532124978,bald,5.499612048006799
-4.7107899213405915,0.02072862235651529,-0.7269728478884142,-0.3366415207128935,-0.07906154429305662,anwohner bald,3.812456089525332
-4.585627933646373,-0.07684396014793426,-0.8143138173937974,-0.3908142075245061,-0.09180481668042206,Nacht,3.961320584191841
-4.805327695550448,0.09418684808093825,-0.658447372092301,-0.2936843660049738,-0.06896776573825798,bald nacht,3.7003194695967294
-4.879689737689926,0.15172518261984957,-0.6029100501924003,-0.25858253830313926,-0.06072815433123163,Aldi,3.612347779140398
-4.879689737689926,0.15172518261984957,-0.6029100501924003,-0.25858253830313926,-0.06072815433123163,nacht aldi,3.612347779140398
-4.911430225671131,0.17619835009736184,-0.5787485199456418,-0.24323258057083846,-0.05712755866156578,parken,3.5748713299846995
-4.911430225671131,0.17619835009736184,-0.5787485199456418,-0.24323258057083846,-0.05712755866156578,aldi park+en,3.5748713299846995
-2.831367391492072,-0.9025894720984828,0.03300262752639423,-0.6013614603915396,-0.10453846826263113,dürfen,5.874095486691858
-4.951138741272594,0.20672765643634117,-0.548126340758444,-0.22371015712269687,-0.05255063230613255,park+en dürf+en,3.5280558130272617
-5.004694871379071,0.2477245272058335,-0.5061125960337715,-0.1968028116177175,-0.04624695961002699,dürf+en mehr,3.465047658457835
-5.030268819796214,0.2672183098308105,-0.48575503743286463,-0.18371445918506943,-0.04318272757702235,DER,3.435019290361043
-5.046130755275708,0.27927926383576795,-0.4730308793874656,-0.17551716370752268,-0.04126428206763513,TAG,3.4164151377148273
-5.046130755275708,0.27927926383576795,-0.4730308793874656,-0.17551716370752268,-0.04126428206763513,der tag,3.4164151377148273
-5.071893456100645,0.2988162217302208,-0.45220322398365387,-0.16207186112551353,-0.038118816321632276,MÜNCHEN,3.3862338644453867
-5.071893456100645,0.2988162217302208,-0.45220322398365387,-0.16207186112551353,-0.038118816321632276,tag münchen,3.3862338644453867
-5.101800752332782,0.3214088485505664,-0.42777118466550546,-0.1462564769254443,-0.034420826134232765,münchen wiesn-aufbau,3.3512549139134022
-5.13977239708346,0.3499448226270032,-0.3963516649727584,-0.125849727812387,-0.02965248564490848,Sightseeing,3.306939831720228
-5.13977239708346,0.3499448226270032,-0.3963516649727584,-0.125849727812387,-0.02965248564490848,wiesn-aufbau sightseeing,3.306939831720228
-5.179830856152779,0.37984865007954727,-0.3627115195436118,-0.10391624371613276,-0.024531595991793415,Schutzhelm,3.260314932183701
-5.179830856152779,0.37984865007954727,-0.3627115195436118,-0.10391624371613276,-0.024531595991793415,sightseeing schutz+helm,3.260314932183701
-5.212190963460228,0.403838712670358,-0.3351587907859529,-0.08588719255389698,-0.020325671543088078,Sicherheitsweste,3.222752280900575
-5.212190963460228,0.403838712670358,-0.3351587907859529,-0.08588719255389698,-0.020325671543088078,schutz+helm sicherheit+s+weste,3.222752280900575
-4.674546030953312,-0.007498603716327823,-0.7526509744276068,-0.35263632272719947,-0.08282252869975668,Dem,3.8555215394125497
-5.24412848736856,0.42735433964532676,-0.30762918721043764,-0.06781558135096616,-0.016112994811788073,sicherheit+s+weste der,3.1857764355345686
-5.251028685059444,0.4324125226439137,-0.3016368750069023,-0.06387436297440202,-0.015194689498148839,Münchner,3.177800910458007
-5.251028685059444,0.4324125226439137,-0.3016368750069023,-0.06387436297440202,-0.015194689498148839,der münchner,3.177800910458007
-5.27051763319067,0.44665349202926397,-0.28462602995020825,-0.052671351601373984,-0.01258524733444756,Himmel,3.1553012395569904
-5.27051763319067,0.44665349202926397,-0.28462602995020825,-0.052671351601373984,-0.01258524733444756,münchner himmel,3.1553012395569904
-2.059300710574594,-1.294109430873649,0.3637539056690251,-0.6383213334949933,-0.09800615112107242,fehlt,6.733189748891704
-5.281124155298102,0.4543747754788874,-0.2753143961647956,-0.0465296621698329,-0.011155253998463108,himmel fehl+t,3.1430730286102815
-5.302202350001966,0.4696554242875177,-0.2566960955817864,-0.034230040204042245,-0.008292675191004503,Kopf,3.118808617298361
-5.302202350001966,0.4696554242875177,-0.2566960955817864,-0.034230040204042245,-0.008292675191004503,fehl+t kopf,3.118808617298361
-4.677817245611388,-0.004949802419231597,-0.7503465422950187,-0.35120320135986144,-0.08248549255296568,dafür,3.851633118534554
-5.310067610517908,0.47533484927285796,-0.2497098396297087,-0.029608080889321597,-0.007217389427082457,kopf dafür,3.1097672391081046
-5.327312742409191,0.4877428231726737,-0.23431747736937794,-0.019411954269364096,-0.0048461053557371375,Adler,3.0899685575822637
-5.327312742409191,0.4877428231726737,-0.23431747736937794,-0.019411954269364096,-0.0048461053557371375,dafür adler,3.0899685575822637
-2.7677258154511613,-0.920822901717389,0.23713568432810828,-0.5632435106111803,-0.0886917541629026,schon,5.943258205576684
-5.334270043946551,0.49273082586427264,-0.22807853800296277,-0.01527415811873184,-0.003884113721424831,adler schon,3.081991073626566
-5.344263685108343,0.4998772561356635,-0.2190873359395997,-0.009305908115827932,-0.002496895020128939,Landeanflug,3.0705423326013723
-5.344263685108343,0.4998772561356635,-0.2190873359395997,-0.009305908115827932,-0.002496895020128939,schon lande+anflug,3.0705423326013723
-5.364770098244382,0.5144709528238558,-0.20052861434865663,0.0030321292224564367,0.00036960959422889517,Armbrustschützenzelt,3.0470892343295164
-5.364770098244382,0.5144709528238558,-0.20052861434865663,0.0030321292224564367,0.00036960959422889517,lande+anflug armbrust+schütze+n+zelt,3.0470892343295164
-5.385000027978643,0.5287710270881114,-0.18207512817874774,0.015325496075747291,0.003224012925772457,Ein…,3.024005732981644
-5.390149103719887,0.5323948249972039,-0.17735507085853722,0.018473950316938048,0.003954773249307403,+2187,3.0181390843849467
-5.390149103719887,0.5323948249972039,-0.17735507085853722,0.018473950316938048,0.003954773249307403,ein… +2187,3.0181390843849467
-5.395154541088456,0.5359111631750293,-0.1727576488836123,0.021542182076339567,0.004666802487355168,+2187 chars,3.0124395634716548
-2.1739286747356967,-1.4554295570391633,1.3293617122355212,-0.35505719152447085,-0.019953530596756253,Wasserversorgung,6.728635411225429
-2.009035113531115,-1.4439960448267657,1.3047688414049299,-0.40643315094400345,-0.03379806328809598,wasser+versorgung wie,6.867296605411319
-0.6346767596731233,-2.1679350291561312,1.3766632534323866,-0.5331752223624568,-0.05180382670366246,Rhein-Main-Gebiet,8.40103854007822
-1.6075191102226523,-1.6523430175303573,1.3156971649475624,-0.45348994692560796,-0.041980770608194565,wie rhein-main+-+gebiet,7.313071572320974
126.88836250877793,-63.92522432115917,2.4819825698945994,8.390531676417693,2.5832472605844536,Klimawandel,150.34443739405108
3.7022712504723483,-4.400263638155922,1.5475429444816862,-0.6893196996858815,-0.05589011588655239,rhein-main+-+gebiet klima+wandel,13.241572677312993
-0.6012125538196198,-2.1855322757667244,1.3785274371203537,-0.5355241994861882,-0.05206423800895488,trotzt,8.438440395346053
-0.6012125538196198,-2.1855322757667244,1.3785274371203537,-0.5355241994861882,-0.05206423800895488,klima+wandel trotz+t,8.438440395346053
5.916833602180821,-5.474228612355267,1.4664487537524584,-0.7361010211403651,-0.05925467110356075,Hitzewellen,15.688827778090955
-1.3722818388311975,-1.7777900341078445,1.3317812685086658,-0.4749177464862806,-0.044781591169137006,trotz+t hitze+welle+n,7.576275811519774
-1.817190175746168,-1.4878953472458276,1.1389792020105565,-0.4804241825265282,-0.05153404760667246,treffen,7.051123743563683
-2.1303886941174337,-1.3714043008467032,1.2760776900233493,-0.4002071704660534,-0.03464855196099777,hitze+welle+n treff+en,6.727667443927141
-2.2113291444629803,-1.283459916346211,1.1345556048038898,-0.43051935196474456,-0.043591693919836944,Frankfurt,6.613984043501596
-2.4563571227011805,-1.1945798048450103,1.2481298422318272,-0.36260167665312565,-0.029223990863741972,treff+en frankfurt,6.362404036316468
-2.066693656213018,-1.2936619959023017,0.7868921527589762,-0.5423556904915201,-0.0720470737787688,Region,6.736779290171045
-2.94980290070981,-0.9239715752263566,1.1997543644646156,-0.2983103974257009,-0.019593469482770062,frankfurt region,5.808905327849413
-3.2560120421942402,-0.753962748467798,1.1651378858877666,-0.2533669411518401,-0.012654703135320647,Wucht,5.465009100837466
-3.2560120421942402,-0.753962748467798,1.1651378858877666,-0.2533669411518401,-0.012654703135320647,region wucht,5.465009100837466
-2.8916973663102716,-0.8758295167452967,0.9089891699863534,-0.38857475533741254,-0.04272199310284182,Damit,5.83116177459257
-3.4682699202448166,-0.6350309826232929,1.138585366899078,-0.21966444081414846,-0.0073643398987094655,künftig,5.2263998480452045
-3.4682699202448166,-0.6350309826232929,1.138585366899078,-0.21966444081414846,-0.0073643398987094655,damit künftig,5.2263998480452045
-0.762022943277195,-2.0679696521209974,1.275455289997557,-0.5525441185780396,-0.05808727945896011,Trinkwasser,8.241634479969457
-3.6438762225984807,-0.5358889365551374,1.1147652290683665,-0.19006547298203041,-0.002667024373313523,künftig trink+wasser,5.028832116153069
-3.746344916491804,-0.47770087075908396,1.0999948793458298,-0.17203055827255043,0.00021537992695368213,trink+wasser fehl+t,4.913475083193356
-3.7997844170509305,-0.4472506684241342,1.092015536515132,-0.16239201252604685,0.001761517575775265,investiert,4.853291159785283
-3.7997844170509305,-0.4472506684241342,1.092015536515132,-0.16239201252604685,0.001761517575775265,fehl+t investier+t,4.853291159785283
-3.8759826553476273,-0.40370446899129986,1.0802904835406524,-0.1483638532567081,0.0040183251121805735,Rhein-Main,4.7674478314957565
-3.8759826553476273,-0.40370446899129986,1.0802904835406524,-0.1483638532567081,0.0040183251121805735,investier+t rhein-main,4.7674478314957565
4.151869510480431,-5.05793152743937,-1.4805885848330782,-1.3021449932582163,-0.24889636608054494,Millionen,13.85972779944291
-3.94416636218609,-0.36460685804246307,1.069434127503953,-0.13551980391296267,0.006090952244466749,rhein-main million+en,4.690604161919207
47.98378187576765,-25.113621172009935,-0.1067963217936205,4.67622110866541,0.3025582410345221,Die,62.40278327601037
-1.9109024428276458,-1.4094680085149882,0.00787530840898451,-0.7360754126509447,-0.1278914250598794,Versorgung,6.905700709666642
-4.026590009596693,-0.3171717031688477,1.0558223686874728,-0.1196144945186485,0.008665241574632596,der versorgung,4.597673331964477
-2.798278408751937,-0.9053844601599734,0.43178750271222377,-0.522823206920266,-0.08127557562757347,Zukunft,5.91241037952905
-4.138648297286256,-0.25236634124863544,1.0363964491261548,-0.09730113784144001,0.012289500987166704,versorgung zukunft,4.471258897057326
-4.171636151786887,-0.23321703594490284,1.0304627467798868,-0.09057629389861135,0.013384434796726533,sichergestellt,4.434028559291866
-4.171636151786887,-0.23321703594490284,1.0304627467798868,-0.09057629389861135,0.013384434796726533,zukunft sicher+ge+stell+t,4.434028559291866
-1.351250360050698,-1.709695174520319,1.0626060689298396,-0.5550721594579279,-0.06554601737538611,kommt,7.557674557493283
-4.290017455176958,-0.16421654512409756,1.008301018967496,-0.06583616678824322,0.0174218298664693,trink+wasser komm+t,4.300358486253238
-4.333224805670804,-0.1389196096777532,0.9998545997850329,-0.0565631876295099,0.01893845103323373,Hahn,4.251545130959171
-4.333224805670804,-0.1389196096777532,0.9998545997850329,-0.0565631876295099,0.01893845103323373,komm+t hahn,4.251545130959171
-4.350683506975971,-0.12868032275790298,0.9963844958323365,-0.052778419201465976,0.01955792783809686,Jederzeit,4.231817178757296
-4.389208110298368,-0.1060497524557471,0.9886073894330188,-0.04434869513829859,0.020938582209007364,beliebiger,4.188276838287775
-4.417503164120832,-0.08939598694544326,0.9827875192292437,-0.03808793501074187,0.021964756499007157,Menge,4.156290440237743
-4.417503164120832,-0.08939598694544326,0.9827875192292437,-0.03808793501074187,0.021964756499007157,beliebig+er menge,4.156290440237743
-3.8549688900253685,-0.31981746492043994,0.6054483052823411,-0.27592471687429354,-0.030682853386469172,Dass,4.737006416598315
4.487801210366346,-4.791367072547294,1.552805786848156,-0.6999067028023216,-0.05333168183729531,Temperaturen,14.11426727462073
-4.46730762266636,-0.06001452903770388,0.9723135908395419,-0.02692259892929727,0.023796283474998334,dass temperatur+en,4.099972912469173
4.781585764667247,-4.9436676312777355,1.5715533905739771,-0.6970252731305121,-0.05071314461145297,Grad,14.44392847188673
0.8895203038478492,-2.9621694749587326,1.4502878142324052,-0.6185419722063744,-0.059359122237479925,temperatur+en grad,10.103501877012379
-4.5283926183452605,-0.023857648556738553,0.9590493766431587,-0.012970132327801864,0.02608732403514892,grad mehr,4.030871815338774
7.563894796227322,-6.441041492733907,-0.4528975236943873,-1.147771718076229,-0.17655558781042827,Flüssen,17.53918644566697
-4.573371474829486,0.002852827654107548,0.9489734023873481,-0.0025103476639912192,0.027806286836248736,mehr fluss+en,3.97997034302219
-4.58739870407695,0.011198197773273355,0.9457753759822506,0.0007845484793503887,0.028347989197686455,benannten,3.9640925182290423
-4.58739870407695,0.011198197773273355,0.9457753759822506,0.0007845484793503887,0.028347989197686455,fluss+en benenn+t+en,3.9640925182290423
-4.604316725950111,0.021273248578272064,0.9418821840872015,0.0047795069025942105,0.029004912217120024,benenn+t+en rhein-main+-+gebiet,3.944940249460025
-4.642371485281101,0.04397536714235217,0.932977457164905,0.013850554498710588,0.0304969949412746,unumstößliche,3.901850687130761
-4.642371485281101,0.04397536714235217,0.932977457164905,0.013850554498710588,0.0304969949412746,rhein-main+-+gebiet unumstößlich+e,3.901850687130761
-4.663068816462459,0.05634597888599813,0.9280464297920705,0.018834084896989234,0.031316963205704276,Gewissheit,3.878409623643552
-4.663068816462459,0.05634597888599813,0.9280464297920705,0.018834084896989234,0.031316963205704276,unumstößlich+e gewissheit,3.878409623643552
-4.684142970733962,0.06895888862527522,0.9229603035274186,0.023944944007526725,0.032158026944273374,+8503,3.8545378390723855
-4.684142970733962,0.06895888862527522,0.9229603035274186,0.023944944007526725,0.032158026944273374,gewissheit +8503,3.8545378390723855
-4.69227479523469,0.0738304355010928,0.9209798172057149,0.025927005811584358,0.032484237944583896,+8503 chars,3.845325429478653
-4.687110897258049,0.18768612530960804,-1.1156933078439328,0.8653860645504536,1.8329167087489804,Rathaus,3.9154138547198745
-4.562938232440265,0.09840753132850444,-1.2126028928407169,0.8548918691167362,1.8860954377123724,rat+haus münchen+s,4.0653301647229085
-4.229042131397321,-0.13250034372020236,-1.4420391323886852,0.7811950076740857,1.9441948973858156,münchen+s mobilität+s+referent,4.458481908121239
-4.542899020465919,0.05154272148709471,-1.2540841523195476,0.9618985973207996,2.0553388548661085,wiedergewählt,4.116977948846103
-4.542899020465919,0.05154272148709471,-1.2540841523195476,0.9618985973207996,2.0553388548661085,dunkel wieder+ge+wähl+t,4.116977948846103
38.94943757529165,-21.126619349222317,0.7168674382347807,2.0911818754815066,2.578112637657219,Der,52.39962964570047
-4.639447768010937,0.1457673147009133,-1.1616595211688954,0.8936416818136705,1.9021595030052085,wieder+ge+wähl+t der,3.9802851995214668
-4.653971557781039,0.16029805566784994,-1.1460865164949452,0.8784716278924687,1.8713394805081207,frühere,3.95894648891924
-4.653971557781039,0.16029805566784994,-1.1460865164949452,0.8784716278924687,1.8713394805081207,der früh+er+e,3.95894648891924
-4.673568691759515,0.18072837022979238,-1.1230317099832283,0.8510316531396214,1.8190061094463092,Oberbürgermeister,3.9289214877297174
-4.673568691759515,0.18072837022979238,-1.1230317099832283,0.8510316531396214,1.8190061094463092,früh+er+e oberbürgermeister,3.9289214877297174
-4.6873400156691645,0.1999177349785406,-1.0973329128735267,0.7970599971078809,1.7293794252336585,Dieter,3.901389388763698
-4.6873400156691645,0.1999177349785406,-1.0973329128735267,0.7970599971078809,1.7293794252336585,oberbürgermeister dieter,3.901389388763698
-4.684578302189932,0.20049140820088218,-1.0942859869230925,0.7774597540956747,1.7011276567847275,Reiter,3.9011929802284033
-4.684578302189932,0.20049140820088218,-1.0942859869230925,0.7774597540956747,1.7011276567847275,dieter reiter,3.9011929802284033
-4.654389339835445,0.18453693215050526,-1.1030839360289668,0.7191857795164485,1.629390101483781,liebsten,3.9281719706226514
-4.654389339835445,0.18453693215050526,-1.1030839360289668,0.7191857795164485,1.629390101483781,reiter lieb+sten,3.9281719706226514
-4.631484361495069,0.16991256204471905,-1.114591979800529,0.6932899803747987,1.602717922139766,rauswerfen,3.952021353369867
-4.631484361495069,0.16991256204471905,-1.114591979800529,0.6932899803747987,1.602717922139766,lieb+sten raus+werf+en,3.952021353369867
-4.573582204342044,0.13085727329459118,-1.1474248037062067,0.6436794246257731,1.5589474374361756,raus+werf+en neu+e,4.015187831147488
-4.550055643635944,0.11456885676060802,-1.1614110582103847,0.6267686271199759,1.545906074887881,Mango-Koalition,4.041437229231539
-4.550055643635944,0.11456885676060802,-1.1614110582103847,0.6267686271199759,1.545906074887881,neu+e mango+-+koalition,4.041437229231539
-2.344994031233404,-1.4638218880896754,-2.271590237785838,-0.023380211806966034,1.3676085509623275,stellt,6.6335294413287835
-4.450673777602774,0.04446991203351569,-1.2217383058039217,0.5654755902597213,1.5049803160104702,mango+-+koalition stell+t,4.154123437588051
-3.9241973836389183,-0.3367549293859553,-1.5329854902564977,0.34789274250904356,1.4198779995164335,Als,4.768125567131402
-4.090284637733721,-0.2164407510550479,-1.4365903745722626,0.40015179238588694,1.426887187310762,Gesicht,4.572450501201057
-4.090284637733721,-0.2164407510550479,-1.4365903745722626,0.40015179238588694,1.426887187310762,als gesicht,4.572450501201057
-3.5949441156875848,-0.5782083691038373,-1.705013166823128,0.2313266505815813,1.372610408930168,Stadtregierung,5.155372762998106
-3.5949441156875848,-0.5782083691038373,-1.705013166823128,0.2313266505815813,1.372610408930168,gesicht stadt+regierung,5.155372762998106
-1.9397868690812317,-1.7587592803645782,-2.4039925411568164,-0.1558797193905125,1.2566142267387945,stadt+regierung verkehr+s+wende,7.109082159505048
-3.9007439394230223,-0.3597405343324218,-1.5319172298402597,0.2916689146899748,1.3421613594812771,verkehr+s+wende dunkel,4.7921217498438375
-3.080887456982216,-0.957563593814827,-1.940142753397542,0.054091994980993874,1.2763978655704733,Streit,5.76096725808244
-4.173513708836932,-0.16109449664820308,-1.3718679911940277,0.3772666415053122,1.3519985977747198,dunkel streit,4.470253388793302
-4.380333526266469,-0.01128520708091929,-1.2407617714095502,0.44573910669948613,1.3557592050042266,richtige,4.226809193960896
-4.380333526266469,-0.01128520708091929,-1.2407617714095502,0.44573910669948613,1.3557592050042266,streit richtig+e,4.226809193960896
-4.472705779287125,0.05517519440578211,-1.1790611481493214,0.4769657772155913,1.3555684359155395,Verkehrspolitik,4.118292603705616
-4.472705779287125,0.05517519440578211,-1.1790611481493214,0.4769657772155913,1.3555684359155395,richtig+e verkehr+s+politik,4.118292603705616
-4.593838942122895,0.14170993356306472,-1.0947992761706766,0.5179869807061527,1.352510185703373,entschärfen,3.976200661498619
-4.593838942122895,0.14170993356306472,-1.0947992761706766,0.5179869807061527,1.352510185703373,verkehr+s+politik entschärf+en,3.976200661498619
-4.158468267760041,-0.17614859945598016,-1.3709749601779193,0.33817297899807475,1.297991410996454,Herausforderung,4.485407623536321
-4.685392296791079,0.20651474178107532,-1.0282686263766352,0.5484652543374151,1.3470419282364297,der herausforderung,3.8689467833881848
-3.6578527182689644,-0.5455524747242801,-1.647958826831937,0.16690828967087168,1.2467855052066834,sei,5.0761710952789745
-4.74943220332405,0.25146141429090507,-0.9800399202185905,0.5689761068432695,1.3406910755101793,herausforderung sei,3.793959469604357
-4.7629035605217,0.2608695712046438,-0.9696909881587454,0.5731352970562491,1.3389751730860964,riesengroß,3.778182644131723
-4.7629035605217,0.2608695712046438,-0.9696909881587454,0.5731352970562491,1.3389751730860964,sei riesengroß,3.778182644131723
-4.798235171341798,0.28545594577948386,-0.9421563777107858,0.5836201195086831,1.333581148620325,riesengroß der,3.736783758223354
-4.8084576545496684,0.29254299123967,-0.9340695031621026,0.5864943944509821,1.3317081449494144,finanzielle,3.724795650395257
-4.8084576545496684,0.29254299123967,-0.9340695031621026,0.5864943944509821,1.3317081449494144,der finanziell+e,3.724795650395257
-4.834830646782433,0.310760040912875,-0.9128871367602143,0.5933551367162884,1.3258755895500889,Spielraum,3.6938229952243056
-4.834830646782433,0.310760040912875,-0.9128871367602143,0.5933551367162884,1.3258755895500889,finanziell+e spiel+raum,3.6938229952243056
0.16482999821014488,-2.3595327119527147,-0.7689070350434402,-0.16493633736089064,1.1913193633820502,immer,9.258857695498731
-4.860185874616411,0.328139779603172,-0.8918271673664668,0.5983362439923191,1.3175593995589503,spiel+raum immer,3.6638944801248448
-4.86662053843005,0.33250406331822036,-0.8862235458448101,0.5988483667715656,1.3142439564228363,kleiner,3.656223097402053
-4.86662053843005,0.33250406331822036,-0.8862235458448101,0.5988483667715656,1.3142439564228363,immer klein+er,3.656223097402053
-4.750862487303111,0.2505152652447331,-0.9699139946463231,0.5391081403695999,1.2931337192871124,Erwartungen,3.7892745738853217
-4.873538120883426,0.33705424626241354,-0.8793888335173143,0.5967485727726076,1.3065217611137867,klein+er erwartung+en,3.6477003152880587
-4.8678942026852585,0.33284452635067074,-0.8821859707090715,0.5891912014062061,1.2983256503842575,blieben,3.6536914448496254
-4.8678942026852585,0.33284452635067074,-0.8821859707090715,0.5891912014062061,1.2983256503842575,erwartung+en bleib+en,3.6536914448496254
-4.44028947527963,0.024914267552285096,-1.1808612964913423,0.3981810565561119,1.2496731509780328,hoch,4.150745199949318
-4.853131390390509,0.32231035930898,-0.8923197669519687,0.5789724068031558,1.2917772665840663,bleib+en hoch,3.670367912503483
-4.814809481896026,0.29507640997611806,-0.9197758196269346,0.5573530664778444,1.2821653867955285,beschrieb,3.7142258200939366
-4.51736707187385,0.08029548132441722,-1.127330055724971,0.42094163522229966,1.2434712689026812,beschreib mobilität+s+referent,4.059792030729393
-4.921477259077067,0.36909210329502007,-0.8355095611482457,0.595382845414763,1.2732099609826122,Ausgangslage,3.590083804165177
-4.921477259077067,0.36909210329502007,-0.8355095611482457,0.595382845414763,1.2732099609826122,mobilität+s+referent ausgang+s+lage,3.590083804165177
-4.472101646827521,0.04519773562514762,-1.1526664601826593,0.3866023173580615,1.2143404938004823,zweite,4.111648596736649
-5.013443610448162,0.43214618810617855,-0.7615548998271663,0.6339805414512196,1.271888704890271,ausgang+s+lage zweit+e,3.4840565713362603
-5.032675868037181,0.4451584234732924,-0.7455944751873497,0.6416464278332018,1.2706468718187887,Amtszeit,3.461899773290399
-5.032675868037181,0.4451584234732924,-0.7455944751873497,0.6416464278332018,1.2706468718187887,zweit+e amt+s+zeit,3.461899773290399
-1.9823676732352586,-1.1008095107778257,0.23179180294318827,0.19425856343080183,1.214425406694602,Und,6.825892812511106
-5.065162302571903,0.46699371268828904,-0.7182131907701818,0.6541981647212807,1.2676598343959882,er…,3.4244791005691946
-5.065162302571903,0.46699371268828904,-0.7182131907701818,0.6541981647212807,1.2676598343959882,und er…,3.4244791005691946
-5.07533929577376,0.47379590868822286,-0.7095237341870487,0.6580218023230997,1.2664842383762207,+3489,3.412757438997977
-5.07533929577376,0.47379590868822286,-0.7095237341870487,0.6580218023230997,1.2664842383762207,er… +3489,3.412757438997977
-5.086784966301233,0.4814239576434409,-0.6996861280315952,0.6622580905888626,1.2650214376037996,+3489 chars,3.399575028796851
-3.1393904365736782,-1.1854513641337188,-1.6157921271888462,-0.8537025038739121,-0.2009395344395084,Binnenschifffahrt,5.689504161022916
125.4545894065765,-64.73420517459024,-2.7917295789597354,7.424351472484581,2.234162528545079,Niedrigwasser,149.29456549815134
-4.659093009510106,-0.01954169419213514,-0.7635020188666998,-0.35937844295925736,-0.08440825713781228,binnenschifffahrt niedrigwasser,3.8738941137902834
29.027226782927386,-17.400787458329184,-1.317717215043547,-0.3033475670679944,0.09391174939146528,Rhein,41.60679036477765
14.614184795171154,-10.133497217521322,-0.8852112869954026,-1.001406633686085,-0.11231256896072173,niedrigwasser rhein,25.469822549680917
-4.947300726452987,0.20378146173653633,-0.5511055462093121,-0.225612797137127,-0.052996575008476154,Ruf,3.5325772342654456
-4.947300726452987,0.20378146173653633,-0.5511055462093121,-0.225612797137127,-0.052996575008476154,rhein ruf,3.5325772342654456
-4.686256026238726,0.0016243777692841466,-0.744389777416535,-0.3474965966169841,-0.08161383666192237,Taskforce,3.841603491437741
-5.029289886270204,0.26647318933702513,-0.48653786021928547,-0.18421836066386535,-0.04330067531095935,ruf taskforce,3.4361679879835774
10.060303264809578,-7.563119583329744,-1.7494437774601501,0.9229434311731552,-1.6898234907015248,Hier,20.40720747795502
-5.532485811228163,0.6296097634941669,-0.043083247073553946,0.108721997025223,0.02484986988948555,taskforce hier,2.8575473126928626
11.10131437075003,-8.13617940331478,-1.8946771779666833,0.8821323155176808,-1.663368335259771,finden,21.585888749363864
9.90344081480479,-7.5122516594316195,-1.8038938389450858,0.8697721047829288,-1.6676765065023147,hier find+en,20.24004035132553
39.20381472996602,-21.963638261906503,-2.160922873154269,2.7521750918676364,-1.4029881167134677,Sie,52.94197887447865
11.254679264547855,-8.248131426498418,-1.9759774890527906,0.8473483910174244,-1.6488362637228489,find+en sie,21.768826930910294
10.509075486113291,-7.884039620570341,-1.973619021895272,0.8292728071441167,-1.6505404979589644,Informationen,20.940110014502366
10.396921991191268,-7.822990202443416,-1.9605847205418838,0.8280750421301752,-1.651098698093829,sie information+en,20.813070293167033
20.674105288554046,-12.699638848297043,-1.48357511470313,1.4464555161212374,-1.5622062391398899,Thema,32.1986710790575
16.29089964898712,-10.994307590456867,-2.616896929115404,1.087089494828835,-1.6961817383253979,information+en thema,27.4898976880097
-4.508552333004629,-0.13701092950335503,-0.8662900264410215,-0.4227365819616502,-0.0993204502940151,thema binnenschifffahrt,4.053168997726816
13.859748968305892,-9.64737337494531,-2.139979624594596,0.7915612208137157,-1.5339499219956958,Lesen,24.706008159659074
13.852762267587151,-9.617839651961924,-2.0644310310312854,0.7857614276842078,-1.5188429509117773,les+en sie,24.68702295734556
4.0318858383615215,-5.890078381994966,-3.520839764375913,-1.5679790908219635,-0.3621881591104737,sie niedrigwasser,14.076581721929196
-1.3946952321075967,-2.139351118359644,-1.4729275476357826,-1.0703296057461718,-0.2671752903797117,Angesichts,7.652928787667727
33.33446753409075,-20.060672537808188,-2.5774124133227683,-0.16642418302624032,0.11708270970133729,Niedrigwassers,46.62672854287511
-0.2078375792187135,-3.2325526616485267,-2.627758454413623,-1.3214029762976196,-0.30968973734070765,angesichts niedrigwasser+s,9.153615836198478
-2.611291566102829,-1.44111651583514,-1.4653706987170467,-0.9429387786059484,-0.2341510381205103,niedrigwasser+s rhein,6.272050307136441
-5.488737569919927,0.6003911091581562,-0.08514153977924271,0.08031195927940438,0.018283233071463886,nationale,2.9065577217758265
-5.488737569919927,0.6003911091581562,-0.08514153977924271,0.08031195927940438,0.018283233071463886,rhein national+e,2.9065577217758265
-5.536599041940054,0.6323230339550925,-0.039092366570747425,0.11142446554327878,0.025473954066774954,national+e taskforce,2.8529568958086102
-3.257403373654814,-1.0974382524560418,-1.5614097192861942,-0.8244762535338455,-0.19405628535318958,Willen,5.548686193661778
-5.596874845058019,0.6713558859882056,0.020117127474889654,0.15165393119480697,0.034752290923953585,taskforce wille+n,2.7860610887693267
-5.621514901884728,0.686891403698868,0.04471528405655359,0.16844119497369403,0.0386172331023988,Nordrhein-Westfalens,2.7589282721948356
-5.621514901884728,0.686891403698868,0.04471528405655359,0.16844119497369403,0.0386172331023988,wille+n nordrhein-westfalen+s,2.7589282721948356
1.8777503008214769,-4.4117452885700885,-2.8409331230416006,-1.4800775943841769,-0.35345464989341585,Verkehrsminister,11.52272577759069
-5.656931855475639,0.7087527701794272,0.08047489299112179,0.19292316349260952,0.04424626816919909,nordrhein-westfalen+s verkehr+s+minister,2.72016337896617
-5.678456234344544,0.7217513641997282,0.10244020500153708,0.20800661468014092,0.04770981196926384,Oliver,2.6967473089975367
-5.678456234344544,0.7217513641997282,0.10244020500153708,0.20800661468014092,0.04770981196926384,verkehr+s+minister oliver,2.6967473089975367
-5.6860326477340895,0.7262724944371595,0.1102137212507639,0.213352914150152,0.04893661119406108,Krischer,2.688531871863157
-5.6860326477340895,0.7262724944371595,0.1102137212507639,0.213352914150152,0.04893661119406108,oliver krischer,2.688531871863157
-4.557919920518,-0.09847025741627835,-0.8331528425884156,-0.40241216268240154,-0.09453487220130866,Grüne,3.994325860125349
-5.69583163368199,0.7320767737436586,0.12029998861173104,0.22029626849868167,0.05052921141470747,krischer grüne,2.6779276610126312
-4.910831053615845,0.17573691199219343,-0.5792072014869004,-0.24352442546394115,-0.05719600068328631,rasch,3.57557834183202
-5.702075678813145,0.7357495057996732,0.12674612836314153,0.2247375800557242,0.05154751661594888,grüne rasch,2.67118321834184
-5.70707696440704,0.738676518926914,0.13191996998664599,0.22830444222256652,0.05236510003583668,konkrete,2.6657883601655707
-5.70707696440704,0.738676518926914,0.13191996998664599,0.22830444222256652,0.05236510003583668,rasch konkret+e,2.6657883601655707
-4.516583194990121,-0.0959435938250206,-0.5281607491800088,-0.37758229810000676,-0.10036546247510746,Maßnahmen,4.0390181002451
-5.7140430893073795,0.7427313274755496,0.1391422755445795,0.23328672044256615,0.05350677835206914,konkret+e maßnahme+n,2.658284886398466
-5.721123802672127,0.7468260586126949,0.1465022659411952,0.23836781387179629,0.054670687115671066,abstimmen,2.650671085545076
-5.721123802672127,0.7468260586126949,0.1465022659411952,0.23836781387179629,0.054670687115671066,maßnahme+n ab+stimm+en,2.650671085545076
-5.72822426676151,0.750904679666107,0.15390189165919266,0.2434801708434159,0.055841333574750976,Dazu,2.6430494927597747
-5.7312416664376915,0.752629469573135,0.15705221214543136,0.24565789519155834,0.05633986713967619,zählten…,2.6398147575254787
-5.7312416664376915,0.752629469573135,0.15705221214543136,0.24565789519155834,0.05633986713967619,dazu zählten…,2.6398147575254787
-5.7369268880333735,0.7558653676893043,0.16299725341162108,0.24976945891143154,0.057280890529571624,+1432,2.6337267931279187
-5.7369268880333735,0.7558653676893043,0.16299725341162108,0.24976945891143154,0.057280890529571624,zählten… +1432,2.6337267931279187
-5.740133965632322,0.757682705621435,0.16635629995748183,0.2520936761707816,0.057812716207908274,+1432 char+s,2.63029644539848
-3.5381923491196163,-0.8860422306684468,-1.425517204676508,-0.7499354324972244,-0.1764857210869282,Niedrigwasser-Konferenz,5.213283199658311
-4.659093009510106,-0.01954169419213514,-0.7635020188666998,-0.35937844295925736,-0.08440825713781228,binnenschifffahrt niedrigwasser+-+konferenz,3.8738941137902834
0.2736137578102209,-3.3676152611825256,-2.3961446631377754,-1.3575277095468634,-0.32906099675273004,Bundesverkehrsminister,9.647946613570143
-5.055246439989124,0.2861996646176357,-0.46568430304412445,-0.17077846624372575,-0.04015551543564515,niedrigwasser+-+konferenz bund+es+verkehr+s+minister,3.405730931404909
-5.574940741503022,0.6573150031629751,-0.0015868738537728466,0.13687795411286796,0.03134705637348033,bund+es+verkehr+s+minister hier,2.810321073571123
-4.659093009510106,-0.01954169419213514,-0.7635020188666998,-0.35937844295925736,-0.08440825713781228,sie niedrigwasser+-+konferenz,3.8738941137902834
2.566997460304055,-4.904540447192684,-3.103800556817207,-1.517421570063933,-0.3573267710315864,Wegen,12.346697660759299
-3.6042275859764494,-0.4551546204559078,0.5916188276138907,-0.33416358231461973,-0.041559096877812035,historischen,5.014780659932165
-5.2806014273489295,0.4539947361510146,-0.27577419947284965,-0.04683308835916933,-0.011225892669355503,wegen historisch+en,3.143675395253755
-4.659093009510106,-0.01954169419213514,-0.7635020188666998,-0.35937844295925736,-0.08440825713781228,historisch+en niedrigwasser+s,3.8738941137902834
-4.6672881041516305,-0.013154422373291785,-0.757754629638798,-0.3558086547782909,-0.08356862364619654,lädt,3.8641499165863338
-5.418245436811011,0.5520489854581827,-0.15143317023301647,0.035794085101232276,0.007972713380044835,rhein lad+t,2.9861921029166947
-5.45734871924601,0.579046004804022,-0.11488339050227758,0.060299221740124254,0.013651257760244104,lad+t bund+es+verkehr+s+minister,2.941921511722083
0.35593290214055173,-3.421126138037223,-2.419100209192729,-1.3652152854289186,-0.3307071253123226,Steffen,9.744022198042495
-1.1591791231660604,-2.4433318236621857,-2.0371153814452083,-1.1980764369914514,-0.29142245738345735,bund+es+verkehr+s+minister steffen,7.979674366293193
4.170801328699721,-5.7225102160955625,-3.0822984599777863,-1.5686138193038381,-0.3769020019491817,Bilger,14.139546882707602
0.6386166937143685,-3.6002427670916686,-2.4852146006341505,-1.3896296193110327,-0.3362493603284688,steffen bilger,10.072377753336365
-1.9859932002520484,-1.9152702050134214,-1.8632287836508101,-1.0779512048496973,-0.2602866286275641,CDU,7.020499871190044
-3.614912281380695,-0.7466433100778525,-1.1614857932828022,-0.7099358958765605,-0.17426778030676976,bilger cdu,5.093042489665012
-5.198405634186795,0.3936382580832296,-0.34693784850661014,-0.09360187579195309,-0.022125017531239202,Donnerstag,3.238742265260503
-5.627376868776241,0.6905488329906462,0.05060111327696216,0.17246448292740446,0.03954290481907881,cdu donnerstag,2.752492640227934
-5.66110514176129,0.7112905162587813,0.08471991274632355,0.19583550111330883,0.044915287521388195,Fachkonferenz,2.7156146491389865
-5.66110514176129,0.7112905162587813,0.08471991274632355,0.19583550111330883,0.044915287521388195,donnerstag fach+konferenz,2.7156146491389865
-5.4296825166776115,0.5599895563141561,-0.14080015400911758,0.042912992570835196,0.00962312480016854,Bonn,2.973219930744055
-5.684989112077671,0.7256514910916292,0.10914174203324693,0.21261539474177582,0.048767401445072286,fach+konferenz bonn,2.689662578137751
-5.6985648387519925,0.7336869358539866,0.12311983333520872,0.22223874160693735,0.05097462080755376,kündigte,2.6749741902048263
-5.6985648387519925,0.7336869358539866,0.12311983333520872,0.22223874160693735,0.05097462080755376,der kündig+te,2.6749741902048263
-5.709466919895429,0.7400705719363734,0.13439573971971647,0.23001192210930688,0.05275641034283639,Sprecher,2.6632126200429194
-5.709466919895429,0.7400705719363734,0.13439573971971647,0.23001192210930688,0.05275641034283639,kündig+te sprecher,2.6632126200429194
-5.721123802672127,0.7468260586126949,0.1465022659411952,0.23836781387179629,0.054670687115671066,Ministeriums,2.650671085545076
-5.721123802672127,0.7468260586126949,0.1465022659411952,0.23836781387179629,0.054670687115671066,sprecher ministerium+s,2.650671085545076
-5.585318806573499,0.6639825469397551,0.00865972793868855,0.14384956369383484,0.03295410235157477,in…,2.7988302796417157
-5.729446040579626,0.7516036746328814,0.15517707045215984,0.24436157923896717,0.05604311855978465,ministerium+s in…,2.6417394198854374
-5.732414834149401,0.7532986969705082,0.15827799154184002,0.24650543214835174,0.05653386771853659,+680,2.638557758230062
-5.732414834149401,0.7532986969705082,0.15827799154184002,0.24650543214835174,0.05653386771853659,in… +680,2.638557758230062
-5.735267701631583,0.7549228773464396,0.16126097498420106,0.2485683956732304,0.057006029130014665,+680 chars,2.635502601425842
0.7546640673334775,-2.762972940113104,0.7393735000195358,-0.8048469155006268,-0.11120981862800458,Verkehr,9.877243801321422
-4.659093009510106,-0.01954169419213514,-0.7635020188666998,-0.35937844295925736,-0.08440825713781228,verkehr niedrigwasser,3.8738941137902834
-3.8105506624117744,-0.6173824470339242,-1.123202954077581,-0.6572116387258052,-0.1597088373987528,bremst,4.865889980330845
-4.3456841395152495,-0.2147793365057682,-0.8082247038248064,-0.47081457409281413,-0.11595264195453438,rhein brems+t,4.231171257393226
-4.4964411568628275,-0.1464666233227334,-0.8743370603247819,-0.42765744093608915,-0.10047936674851346,Fährbetrieb,4.06761150006886
-4.4964411568628275,-0.1464666233227334,-0.8743370603247819,-0.42765744093608915,-0.10047936674851346,brems+t fähr+betrieb,4.06761150006886
-5.528244305098925,0.626805585282497,-0.04719198731802765,0.10594092289195012,0.024207530553649007,fähr+betrieb hier,2.8622841338455607
-5.193153727619325,0.3897444982884888,-0.3514091062729615,-0.09652755190184437,-0.02280754193780464,thema verkehr,3.2448386757902
9.775105452913367,-7.586832644958594,-0.5112168309865699,-1.1024279441903517,-0.15014675831503796,der niedrigwasser,20.020069311456638
-5.29794004034585,0.4665724692500628,-0.26047320373733385,-0.036727374190715756,-0.008873767943932659,niedrigwasser brems+t,3.1237112267744354
-5.519348305726781,0.6209037235543922,-0.05578779223967989,0.1001266537386235,0.022864285467294312,fähr+betrieb rhein,2.8722295760058993
-4.534756650867206,-0.11655263736001742,-0.8487684778388129,-0.4120020026716853,-0.09679267687820585,Rheinland-Pfalz,4.021929375116505
-5.072304167900981,0.2991271350165208,-0.45186955791134165,-0.16185618596702958,-0.038068372376565504,rhein rheinland-pfalz,3.385753076146784
-4.911552835460832,0.17629277241069352,-0.5786546467064279,-0.243172849825851,-0.05711355097604749,Stelle,3.5747266548544165
-5.632932586057092,0.6940011344911503,0.05619146548976025,0.17628809803778633,0.04042241403864026,rheinland-pfalz stelle,2.7464002675989714
-5.6448456177880955,0.7013569228824041,0.06821822602340351,0.184521600652516,0.04231554649258103,ruht,2.7333599505794233
-5.6448456177880955,0.7013569228824041,0.06821822602340351,0.184521600652516,0.04231554649258103,stelle ruh+t,2.7333599505794233
-5.658343110758642,0.709611872160264,0.08190966556829081,0.1939073589729281,0.04447237108947784,ruh+t verkehr,2.718624701630581
-5.083707028348149,0.3077521006191548,-0.4425852101092418,-0.15585147467842136,-0.03666409673100983,inzwischen,3.3724093357936353
-5.668940564590436,0.7160326118361424,0.0927078915831705,0.20131923104245364,0.04617465164000066,verkehr inzwischen,2.707085519634437
-4.848020513255325,0.12725258540981277,-0.6267431024147243,-0.273677098002376,-0.06427039256802539,sogar,3.6497851334469775
-5.681782479007926,0.7237398041573135,0.10585029621279962,0.21035140066678004,0.048247917973303064,inzwischen sogar,2.6931387671350677
-5.229747828070872,0.41678658065465957,-0.32006681143126103,-0.07598728955918188,-0.018017502603993846,Fähre,3.202413459486565
-5.405931617150674,0.5434604029329304,-0.16282874218743007,0.028173858827766907,0.006205404479997886,der fähre,3.000179863268324
-5.706264375634668,0.7382018479929087,0.13107869847991777,0.22772433684561155,0.05223214421534374,Lorch,2.6666644544747737
-5.706264375634668,0.7382018479929087,0.13107869847991777,0.22772433684561155,0.05223214421534374,fähre lorch,2.6666644544747737
-5.7140430893073795,0.7427313274755496,0.1391422755445795,0.23328672044256615,0.05350677835206914,Niederheimbach,2.658284886398466
-5.7140430893073795,0.7427313274755496,0.1391422755445795,0.23328672044256615,0.05350677835206914,lorch niederheimbach,2.658284886398466
-5.544496105042729,0.6375152315729029,-0.031412517272736154,0.11662820161349546,0.02667538035367699,Angaben,2.8441524625969348
-5.730049452920379,0.7519485892743227,0.15580706736786254,0.2447970783439638,0.05614281472447692,niederheimbach angabe+n,2.641092547608012
-5.7369268880333735,0.7558653676893043,0.16299725341162108,0.24976945891143154,0.057280890529571624,FRS,2.6337267931279187
-5.7369268880333735,0.7558653676893043,0.16299725341162108,0.24976945891143154,0.057280890529571624,angabe+n fr+s,2.6337267931279187
-5.739080943549263,0.7570866396044404,0.16525295033361376,0.2513301491788894,0.05763801638662398,Fähr…,2.6314224633282337
-5.739080943549263,0.7570866396044404,0.16525295033361376,0.2513301491788894,0.05763801638662398,fr+s fähr…,2.6314224633282337
-5.742699634687888,0.7591323604055569,0.16904634900329096,0.2539555764809158,0.05823869028259808,+1469,2.627554210782212
-5.742699634687888,0.7591323604055569,0.16904634900329096,0.2539555764809158,0.05823869028259808,fähr… +1469,2.627554210782212
-5.7456587914450665,0.7607996564474764,0.17215205594888494,0.25610581433854096,0.058730559850292144,+1469 chars,2.6243936859657393
-3.378810413055594,-1.0063770165827912,-1.503819169788358,-0.7931451643057376,-0.18667326463903305,Elbe,5.403722424106844
-5.313945464478613,0.4781303768057623,-0.24625754650091472,-0.027322769747203268,-0.006685803113920544,niedrigwasser elbe,3.105312139215007
-4.317347545123532,-0.15501028773863657,-1.20116713396875,1.076400498518518,-1.1705765626163378,Magdeburg,4.340456171218718
-5.035321000183597,0.27106240088731215,-0.4817104278845121,-0.181110181151208,-0.042573179228443586,elbe magdeburg,3.4290919379199463
3.80085883628907,-4.334271136412811,0.4883489316450258,-0.971121985253527,-0.1368991098586322,erreicht,13.273101461985618
-5.138866224817333,0.3492658956861623,-0.39710674322010964,-0.12634104160402218,-0.029767244863845882,magdeburg erreich+t,3.3079960767860794
-5.205396933482332,0.39881512725574364,-0.34097180141501937,-0.08969573978143713,-0.021213891988363223,Rekordtiefstand,3.2306306695401887
-5.205396933482332,0.39881512725574364,-0.34097180141501937,-0.08969573978143713,-0.021213891988363223,erreich+t rekord+tief+stand,3.2306306695401887
-5.536599041940054,0.6323230339550925,-0.039092366570747425,0.11142446554327878,0.025473954066774954,rekord+tief+stand hier,2.8529568958086102
10.799982778466019,-9.702094060462974,-4.2507282487447675,-1.557674998729873,-0.3444776358611177,thema niedrigwasser,21.79008711550766
-5.482952912422276,0.5964803973181834,-0.09064982203748492,0.0766006753609651,0.017424636474945368,sie elbe,2.913062822105352
-3.7502976425176833,-0.7245423861133973,-1.3161610421311196,-0.6884514677812473,-0.16198251488043044,Pegel,4.959659998829063
-5.6448456177880955,0.7013569228824041,0.06821822602340351,0.184521600652516,0.04231554649258103,Magdeburg-Strombrücke,2.7333599505794233
-5.6448456177880955,0.7013569228824041,0.06821822602340351,0.184521600652516,0.04231554649258103,pegel magdeburg+-+strom+brücke,2.7333599505794233
-4.681031180544567,-0.002445836395980505,-0.7480799325314821,-0.3497931581580779,-0.08215389425731795,Wasserstand,3.8478130715912515
-5.683933076013954,0.7250224892292356,0.10805734307290599,0.2118694141983657,0.04859624177179993,magdeburg+-+strom+brücke wasser+stand,2.6908071048969973
-5.42350153817682,0.5557026377125474,-0.14655243945397334,0.039060751426742035,0.0087301167315572,wasser+stand elbe,2.980228143665091
-5.7102480694011195,0.7405255544933955,0.13520540777088824,0.23057042607271694,0.05288439486663864,bisherigen,2.662371070412784
-5.7102480694011195,0.7405255544933955,0.13520540777088824,0.23057042607271694,0.05288439486663864,elbe bisherig+en,2.662371070412784
-5.718368449375605,0.7452358906072123,0.14363597423601687,0.23638856102182226,0.05421735616305361,Rekordtiefstwert,2.6536323005579376
-5.718368449375605,0.7452358906072123,0.14363597423601687,0.23638856102182226,0.05421735616305361,bisherig+en rekord+tiefstwert,2.6536323005579376
-5.565048253727424,0.6509200562058741,-0.0113163492580578,0.13026519194306208,0.029822098210585526,Zentimetern,2.8212942655356446
-5.733569461865552,0.7539565950576639,0.15948490890497735,0.24734003222001544,0.056724895508831794,rekord+tiefstwert zentimeter+n,2.6373209905840684
-5.1020058611548595,0.3215634494198363,-0.4276026751765001,-0.146147235533605,-0.034395290515894794,gesunken,3.3510152460773894
-5.740133965632322,0.757682705621435,0.16635629995748183,0.2520936761707816,0.057812716207908274,zentimeter+n ge+sink+en,2.63029644539848
-5.576577683956103,0.6583695159307528,2.664068360080929e-05,0.13797525955841639,0.031600044901895066,Wert,2.8085071783106055
-5.747092091836714,0.7616054156656016,0.17365753079421276,0.257148378464781,0.05896901995688987,der wert,2.622863731393122
-5.753407348504412,0.7651414566837222,0.18030004898880359,0.26175035489416587,0.06002138822822327,wert angabe+n,2.6161294996407776
-5.758380436131297,0.7679095373859017,0.18554145502423852,0.2653838557930017,0.06085203677092772,Informationsportals,2.610834452644243
-5.758380436131297,0.7679095373859017,0.18554145502423852,0.2653838557930017,0.06085203677092772,angabe+n information+s+portal+s,2.610834452644243
-5.580826645402237,0.661101745603867,0.004219494972480038,0.14082757785258315,0.03225757991647964,ELWIS,2.8038014168276453
-5.765900836870565,0.7720675718463934,0.19348534874144596,0.27089454133113544,0.06211139964733749,information+s+portal+s elwi+s,2.6028406822011356
-5.769347988756248,0.7739621438292443,0.19713374834658592,0.27342694865321715,0.06268996041868323,Wasserstraßen-…,2.599182039454294
-5.769347988756248,0.7739621438292443,0.19713374834658592,0.27342694865321715,0.06268996041868323,elwi+s wasserstraßen-…,2.599182039454294
-5.774795003664282,0.7769411208007226,0.20290789076496485,0.2774368069339487,0.06360583968695034,+393,2.5934079453424177
-5.774795003664282,0.7769411208007226,0.20290789076496485,0.2774368069339487,0.06360583968695034,wasserstraßen-… +393,2.5934079453424177
-5.776307111535904,0.7777648705745086,0.2045127909703821,0.27855175398232235,0.06386045231159308,+393 chars,2.5918065934309813
-5.008696371450572,0.2507784399570745,-0.5029400257800387,-0.19476525222399363,-0.045769839510914526,rhein erreich+t,3.4603465559300095
-4.657964283579918,-0.02042151739992648,-0.7642923530740249,-0.35986910916281334,-0.08452366953960738,mehreren,3.8752363394324596
-5.138866224817333,0.3492658956861623,-0.39710674322010964,-0.12634104160402218,-0.029767244863845882,erreich+t mehrere+n,3.3079960767860794
-4.9933875643858165,0.23908763287326829,-0.5150521837099382,-0.20253989227219157,-0.04759054239148797,Orten,3.478337008197618
-4.9933875643858165,0.23908763287326829,-0.5150521837099382,-0.20253989227219157,-0.04759054239148797,mehrere+n ort+en,3.478337008197618
-5.241082876705026,0.4251191548377309,-0.3102690261799651,-0.0695509748208894,-0.016517391757016373,Rekordtiefststände,3.1892981991715965
-5.241082876705026,0.4251191548377309,-0.3102690261799651,-0.0695509748208894,-0.016517391757016373,ort+en rekord+tiefststände,3.1892981991715965
-5.536599041940054,0.6323230339550925,-0.039092366570747425,0.11142446554327878,0.025473954066774954,rekord+tiefststände hier,2.8529568958086102
-5.482952912422276,0.5964803973181834,-0.09064982203748492,0.0766006753609651,0.017424636474945368,sie rhein,2.913062822105352
-3.997631478614432,-0.5343894974712997,-1.18038188967056,-0.6103489045195035,-0.143554533247525,Pegelstände,4.663764142899666
-5.302512320673477,0.4698794867926386,-0.2564211680231764,-0.03404822295198984,-0.008250371598300402,der pegel+stand+e,3.1184521619539654
-4.653819268143576,-0.023652673431822313,-0.7671920741947338,-0.361668893827299,-0.08494701757062222,pegel+stand+e rhein,3.880165674104101
-5.6880831990749545,0.7274911620633102,0.11232137007958087,0.2148032116713977,0.04926932935724969,rhein mehrere+n,2.686310821492012
-5.705443593310205,0.7377220360875318,0.1302291988438154,0.22713860901786442,0.052097894300815586,Rekordtiefstwerte,2.667549556585165
-5.705443593310205,0.7377220360875318,0.1302291988438154,0.22713860901786442,0.052097894300815586,ort+en rekord+tiefstwert+e,2.667549556585165
-5.719066564662592,0.7456391778182996,0.14436192509838353,0.23688979446026392,0.05433216541318307,rekord+tiefstwert+e ge+sink+en,2.6528818355528894
-5.549225514916035,0.6406138634219181,-0.02680204124682671,0.11975423054399653,0.027396933276909355,Wasserstraßen-,2.8388852411376577
-5.72822426676151,0.750904679666107,0.15390189165919266,0.2434801708434159,0.055841333574750976,der wasser+straße+n+-,2.6430494927597747
-5.739080943549263,0.7570866396044404,0.16525295033361376,0.2513301491788894,0.05763801638662398,Schifffahrtsamt,2.6314224633282337
-5.739080943549263,0.7570866396044404,0.16525295033361376,0.2513301491788894,0.05763801638662398,wasser+straße+n+- schiff+fahrt+s+amt,2.6314224633282337
-5.747563267701464,0.7618700373627463,0.17415260267137578,0.25749125859103095,0.0590474411278122,WSA,2.6223609078424097
-5.747563267701464,0.7618700373627463,0.17415260267137578,0.25749125859103095,0.0590474411278122,schiff+fahrt+s+amt wsa,2.6223609078424097
-5.749871397193566,0.7631644679387926,0.17657900382469185,0.25917200444937616,0.0594318212796429,wsa rhein,2.619898649756339
-4.175556179474651,-0.3965441090136408,-1.0765502799646218,-0.5493673105865148,-0.12916832711601825,zufolge,4.450928692562431
-5.752540749754058,0.7646576083709984,0.1793876497850011,0.2611180526343805,0.059876815985135765,rhein zufolge,2.6170529234243904
-4.185857430739075,-0.38854059862035406,-1.0703681281142838,-0.5457032421364646,-0.12830410262846553,liegt,4.438609704211707
-5.755941052935329,0.7665535701674724,0.18296928966871245,0.2636005080519852,0.060444376417385384,zufolge lieg+t,2.613430879675226
-4.903431701362091,0.17003668953719608,-0.5848633769668362,-0.24712187189255883,-0.05803970488109876,Pegelstand,3.5843108579031524
-5.537585857037804,0.6329730810395808,-0.038133966728362806,0.11207362812041671,0.025623851236650272,lieg+t pegel+stand,2.851856061950039
-3.1440436364232838,-1.181990424644746,-1.6136766073954625,-0.852572213489839,-0.20067340969581793,Kaub,5.683953592246782
-5.765187809607103,0.7716747927832464,0.19273125347844675,0.2703712313163178,0.061991829183914035,pegel+stand kaub,2.6035978879158854
-4.770985031651895,0.0675351763006582,-0.683604181315526,-0.3095004116435723,-0.0726828607602882,aktuell,3.74102012422701
-5.766955304905299,0.7726478755751678,0.19460090200595162,0.2716687622565247,0.06228829189247988,kaub aktuell,2.6017211517526326
-5.771972616358713,0.7753998168779388,0.1999146065383026,0.27535782097290573,0.0631310193152106,aktuell zentimeter+n,2.5963987186910242
-5.776007765145534,0.7776019076156155,0.20419500652518505,0.2783309699995664,0.06381003512006951,Da…,2.5921235532890807
-5.493362961653004,0.6035104094042993,-0.08072827719414552,0.08328705090553185,0.018971385202538146,+2421,2.9013602980360003
-5.777489508740137,0.7784080225620305,0.20576834674490102,0.27942413466321325,0.06405965686132316,da… +2421,2.59055488456287
-5.503055659671553,0.6100245013074224,-0.07145451835763844,0.0895433393160106,0.02041811840247855,+2421 chars,2.890480664454733
-4.22113714544469,-0.30308873224291055,-0.8558457830269744,-0.5143328559451625,-0.12718686621075911,Rheins,4.377143084629591
-4.831815762636292,0.11471136919513447,-0.6388338615903933,-0.2813168811535495,-0.06606378691780126,niedrigwasser rhein+s,3.6689577219729244
-5.435010588070519,0.5636764486971488,-0.13583055693574905,0.04624302980696937,0.01039493282260838,rhein+s pegel,2.967183319905522
-5.123625729392259,0.33783185935124993,-0.4097673054760428,-0.13457244474426822,-0.031690226981628156,fällt,3.325770325915508
-5.476938395520829,0.592403102981887,-0.09636394588504191,0.07275303712576253,0.01653430829476936,pegel fall+t,2.9198322847429057
-5.523867617328751,0.6239054051773911,-0.051424660139038264,0.1030772411495261,0.0235460031271819,wichtiger,2.867175349563107
-5.523867617328751,0.6239054051773911,-0.051424660139038264,0.1030772411495261,0.0235460031271819,fall+t wichtig+er,2.867175349563107
-5.246618955965899,0.42918092360009163,-0.30546823133071943,-0.06639460665457636,-0.01578188911267865,Engstelle,3.182897297112924
-5.562287807185626,0.6491288448472328,-0.014024751252538006,0.12842560672771852,0.029397766092970692,wichtig+er engstelle,2.8243597133612397
-5.445680767649691,0.5710359081130447,-0.12584738966600986,0.05293803759748139,0.011946234799255315,Rekordtief,2.955107044713292
-5.601773996297336,0.6744652285892774,0.024989669498563266,0.15497579339566858,0.03551740969152185,engstelle rekord+tief,2.7806560048743294
-5.625458289601209,0.6893534492605733,0.04867329098115034,0.17114643654245343,0.039239677122513375,rekord+tief der,2.75459814039265
-5.632932586057092,0.6940011344911503,0.05619146548976025,0.17628809803778633,0.04042241403864026,der pegel+stand,2.7464002675989714
-5.656931855475639,0.7087527701794272,0.08047489299112179,0.19292316349260952,0.04424626816919909,Flusses,2.72016337896617
-5.656931855475639,0.7087527701794272,0.08047489299112179,0.19292316349260952,0.04424626816919909,pegel+stand fluß+es,2.72016337896617
-5.667679092133758,0.7152711582843716,0.09142028257891252,0.2004349814779961,0.04597161089979861,beträgt,2.708457682428833
-5.667679092133758,0.7152711582843716,0.09142028257891252,0.2004349814779961,0.04597161089979861,fluß+es betrag+t,2.708457682428833
-5.681782479007926,0.7237398041573135,0.10585029621279962,0.21035140066678004,0.048247917973303064,betrag+t kaub,2.6931387671350677
-5.018135631502194,0.2579769496045339,-0.4954374822932913,-0.18994362348112145,-0.04464092436815796,Zentimeter,3.4492608115917505
-5.6985648387519925,0.7336869358539866,0.12311983333520872,0.22223874160693735,0.05097462080755376,kaub zentimeter,2.6749741902048263
-5.505368355609182,0.6115742079315876,-0.06923665500120021,0.09104048609940218,0.020764249877694332,Samstag,2.8878871473420618
-5.717663992106594,0.744828671244522,0.14290361604029583,0.23588294178066815,0.054101538201695845,zentimeter samstag,2.654389714340734
-5.727605766113015,0.7505505100211569,0.15325657153653455,0.24303416739344896,0.055739223050209966,fallen,2.643712847343829
-5.727605766113015,0.7505505100211569,0.15325657153653455,0.24303416739344896,0.055739223050209966,samstag fall+en,2.643712847343829
-5.062291438615977,0.29154241643611334,-0.4599893766933555,-0.16710220018784644,-0.03929546528205388,Nachfrage,3.3974775000326973
-5.734706036706623,0.7546034750774147,0.16067344932301958,0.24816202603447124,0.056913026699505945,der nachfrage,2.636103916306394
-5.742699634687888,0.7591323604055569,0.16904634900329096,0.2539555764809158,0.05823869028259808,alternativen,2.627554210782212
-5.742699634687888,0.7591323604055569,0.16904634900329096,0.2539555764809158,0.05823869028259808,nachfrage alternativ+en,2.627554210782212
-5.748957550038304,0.7626523400266843,0.1756180889531598,0.2585063372500064,0.05927959138499102,Transportrouten,2.6208733408497746
-5.748957550038304,0.7626523400266843,0.1756180889531598,0.2585063372500064,0.05927959138499102,alternativ+en transport+route+n,2.6208733408497746
-5.176575279305924,0.3774265942807322,-0.36546465692880303,-0.10571456320297831,-0.024951288232856195,nimmt,3.2640990877857563
-5.755941052935329,0.7665535701674724,0.18296928966871245,0.2636005080519852,0.060444376417385384,transport+route+n nehm+t,2.613430879675226
-4.9784517311424015,0.1991162440932781,-0.17710792978986822,-0.15895413867633637,-0.050590669708199504,Rheinpegel,3.5195344450826953
-4.9784517311424015,0.1991162440932781,-0.17710792978986822,-0.15895413867633637,-0.050590669708199504,der rheinpegel,3.5195344450826953
-4.707803436143902,0.018403823051148738,-0.7291009099954316,-0.33796921717582057,-0.07937368405328807,wichtigen,3.8160032316318824
-5.767992136805324,0.7732178187055851,0.19569820619428183,0.2724304045487219,0.062462300241005034,rheinpegel wichtig+en,2.6006206618895646
-5.771327017081993,0.7750465708706082,0.19923033742239118,0.2748826515836076,0.06302248481050392,wichtig+en engstelle,2.5970831651468798
-5.605605366670764,0.676889901676891,0.028806547254952346,0.15757914742610474,0.03611692445169058,engstelle kaub,2.7764324956317683
-5.778360917910181,0.7788814632227383,0.2066940092726765,0.28006737218838507,0.06420652912415835,kaub rekord+tief,2.589632660020035
-5.7814486841944905,0.7805552711597599,0.20997631598529629,0.2823487210831429,0.06472737853902892,rekord+tief erreich+t,2.5863666585893847
-4.8437346666699845,0.12393685686034672,-0.6299476980886534,-0.27570315786894467,-0.0647459616381287,Dienstag,3.6548548693968157
-3.023557933258476,-0.7666020250300942,0.44094773704493906,-0.48041265699895985,-0.0715934381546892,wurden,5.655795251658229
-5.787163835600965,0.7836376205541076,0.21606099273569399,0.2865798759390572,0.06569314533475949,dienstag werd+en,2.5803291678283404
-5.791667013352804,0.7860518169603197,0.22086396667595468,0.28992162851332937,0.06645568508174089,werd+en zentimeter,2.5755789767208785
-4.05324725533763,-0.26451316051659735,0.9215660651406171,-0.14932235180908202,0.00015562590756110217,gemessen,4.547983805423601
-5.794112849937573,0.7873576492737839,0.2234758185937455,0.29173956118499544,0.06687042929425636,zentimeter ge+mess+en,2.573001573343088
-3.075953610894257,-1.1598665506651553,-1.4818374489755994,-0.8590908718467105,-0.20728945888718842,wurde,5.738278662000099
-5.797480766483421,0.7891495090513301,0.22707600431498107,0.29424620424400905,0.0674422014238902,damit werd+e,2.5694554983589635
-5.134607029635276,0.34607340174110246,-0.40065229432197913,-0.12864746961622064,-0.030306000661295227,historische,3.3129615232910807
-5.799480631842876,0.7902100564129733,0.2292157992893311,0.295736483144619,0.06778208584632424,werd+e historisch+e,2.5673515005222876
-5.20209552628811,0.385921550662065,-0.09086548541136935,-0.05612450641483385,-0.02277036994583785,Tief,3.2470678560500916
-5.801782210452357,0.7914273995730403,0.23168026908686987,0.2974532897654678,0.06817358547937198,historisch+e tief,2.564931615600393
-5.804519637485452,0.7928707816831961,0.2346140108568521,0.2994975675099477,0.06863969364824545,einzelnen,2.5620556286841065
-5.804519637485452,0.7928707816831961,0.2346140108568521,0.2994975675099477,0.06863969364824545,tief einzeln+en,2.5620556286841065
-5.806264688892478,0.793788349543127,0.2364856690165764,0.3008020896943012,0.0689370942925543,Messwert,2.5602234727199056
-5.806264688892478,0.793788349543127,0.2364856690165764,0.3008020896943012,0.0689370942925543,einzeln+en mess+wert,2.5602234727199056
-5.808444592906997,0.7949317573136139,0.23882532532068113,0.30243315250664426,0.06930889617531434,Oktob…,2.5579361032942773
-5.808444592906997,0.7949317573136139,0.23882532532068113,0.30243315250664426,0.06930889617531434,mess+wert oktob…,2.5579361032942773
-5.809739131255077,0.7956092883721857,0.2402155713480588,0.30340253070105494,0.06952984422958082,+3168,2.556578455803675
-5.809739131255077,0.7956092883721857,0.2402155713480588,0.30340253070105494,0.06952984422958082,oktob… +3168,2.556578455803675
-5.810687727412976,0.7961050576894435,0.24123469556048968,0.3041132241080504,0.0696918202682837,+3168 char+s,2.5555839517819146
-4.988621787923821,0.22281119718601516,-0.1996840041548096,-0.1597376736346697,-0.049413356245125314,Gefährliches,3.4996477107906063
-4.312813387326678,-0.23950879666369662,-0.6529698696268683,-0.4587328858249686,-0.11952970807587106,gefährlich+es niedrigwasser,4.275701915332044
-4.943131598785275,0.1377599931355924,-0.15033622350803846,-0.16523199116387874,-0.05456226932411441,abhängig,3.5778342333294053
-4.943131598785275,0.1377599931355924,-0.15033622350803846,-0.16523199116387874,-0.05456226932411441,niedrigwasser abhängig,3.5778342333294053
1.0358007077955556,-4.153871967126403,-1.4911939010858575,-1.150706356754315,-0.31443591866671416,Industrie,10.703060380741324
-4.720923043437855,-0.2186544914786821,-0.1287650812555453,-0.21941032555561846,-0.07671219911435917,abhängig industrie,3.9276154280206397
-5.12862785039686,0.21984885920984554,0.013507170595423341,-0.06289124894111092,-0.032164786699581754,Binnenschiffen,3.3863575691797743
-5.12862785039686,0.21984885920984554,0.013507170595423341,-0.06289124894111092,-0.032164786699581754,industrie binnenschiff+en,3.3863575691797743
-5.264373610217924,0.3492517716580208,0.06949191672950569,0.0005469796129077831,-0.01480757631758918,binnenschiff+en der,3.2142586197314307
-5.374515138834399,0.4465852628716518,0.11988141118870438,0.05670945116806281,0.0002437031327165995,niedrigsten,3.078350008360555
-5.374515138834399,0.4465852628716518,0.11988141118870438,0.05670945116806281,0.0002437031327165995,rheinpegel niedrig+st+en,3.078350008360555
-3.1287852846584157,-1.0805531219308997,-1.2273474065675556,-0.8206209238609126,-0.20615797780592598,Stand,5.665021373471994
-5.412791888883827,0.4789174008207906,0.13839560185056288,0.07720526525566085,0.005679856700981575,niedrig+st+en stand,3.0318508422209263
7.366261800641812,-5.869888458944514,0.92518220133286,0.33272409933811886,-0.879085462546941,seit,17.235391800077153
-5.429053166378814,0.49243465448881385,0.14640279356837987,0.08606322456429016,0.008021765903795539,stand seit,3.012203971025573
0.7043483826460619,-2.842097341084894,1.3638838086882954,-0.6395595669792518,-0.0696618810411062,150,9.884426899042525
-5.441447939940401,0.502652705895293,0.15255943037243586,0.09287489901789014,0.009819902516215076,seit 150,2.9972705666680235
-5.450704949588069,0.510236712365161,0.1571863786611879,0.09799584286034613,0.011170240779108179,150 jahr+en,2.9861409122755664
-5.465676286365264,0.5224178900701,0.16471949051098508,0.10633858442632171,0.013367589439275254,jahr+en erreich+t,2.968182570454175
-5.484767633517677,0.5378023783237071,0.17440999961059644,0.11708535190232305,0.01619386215801631,Binnenschiffe,2.94535560960216
-5.5263646047887,0.5707599560872969,0.19581224309226378,0.14091656805958935,0.022446758236656664,binnenschiff+e mehr,2.8958965898469735
-2.759199162586312,-0.9281747493666765,0.16746132453602353,-0.5963406037622454,-0.10741352088505421,fahren,5.952989729392817
-5.316032721160786,0.4585334574987978,-0.0007703503652261023,0.008636567657275218,-0.007539866920572735,mehr fahr+en,3.1198364891244323
-5.547233995362371,0.5870115628779173,0.20667441847796472,0.15308504837850295,0.02563338644292633,relevant,2.871222128853728
-5.547233995362371,0.5870115628779173,0.20667441847796472,0.15308504837850295,0.02563338644292633,wie relevant,2.871222128853728
-4.813918823569422,0.13222649764031047,-0.4247251442447034,-0.26182392214771927,-0.06932614231262879,Von,3.683703171295192
-5.569998450305002,0.6045275968834816,0.2185963553136381,0.16651814658415098,0.029147554402225676,Mario,2.844410667589748
-5.569998450305002,0.6045275968834816,0.2185963553136381,0.16651814658415098,0.029147554402225676,von mario,2.844410667589748
-5.575540151843172,0.6087585837690845,0.22150803894736135,0.16981326494592786,0.030009102931679535,Petzold,2.837899938470316
-5.575540151843172,0.6087585837690845,0.22150803894736135,0.16981326494592786,0.030009102931679535,mario petzold,2.837899938470316
-4.474574612614339,-0.11289129053167546,-0.6715489019048049,-0.41289044049785406,-0.1042325226595114,Schifffahrt,4.07845712881739
-5.58339923301976,0.6147367731337228,0.2256425266093806,0.1745029948518717,0.031235024321060137,petzold schiff+fahrt,2.828677377563476
-3.287642844640721,-0.9710962596276018,-1.2420403887864035,-0.7917453643276788,-0.19623804853732768,Wirtschaft,5.476642183473998
-5.593895148997164,0.6226804603298655,0.23117232661057235,0.18079659298051887,0.03287978348667693,schiff+fahrt wirtschaft,2.8163801234498154
-3.0236721730250533,-1.185323156002846,-1.4686058726710278,-0.8687200030099331,-0.21073592024705523,Besuchen,5.795919867917481
-5.6027980525984695,0.6293824802488253,0.2358686332536547,0.1861620953946458,0.0342816827708466,wirtschaft besuch+en,2.8059667786531555
-3.3217252738354306,-0.9686229639080466,-1.3331947068996848,-0.7941387609855117,-0.19316383725475156,besuch+en sie,5.442678176750533
-3.420885050225098,-0.896075347278098,-1.286165179901013,-0.7676099380115274,-0.1869022113928862,Golem.de,5.32512848141549
-3.420885050225098,-0.896075347278098,-1.286165179901013,-0.7676099380115274,-0.1869022113928862,sie golem.de,5.32512848141549
-3.172449943187167,-1.0794208404474857,-1.4085237073747923,-0.8329783900960948,-0.20211015424391066,gewohnt,5.620294506333705
-3.665718849763773,-0.7160884534488936,-1.165500020702482,-0.6980545481881375,-0.17045903791122208,golem.de ge+wohn+t,5.034906754036349
-3.827944374519312,-0.5962530677196498,-1.0817883284672865,-0.6485213326054609,-0.1587270836893671,Werbung,4.842687076916337
-3.827944374519312,-0.5962530677196498,-1.0817883284672865,-0.6485213326054609,-0.1587270836893671,ge+wohn+t werbung,4.842687076916337
-2.6204136310730197,-1.4524403324888135,-1.566266363379771,-0.9526284751965252,-0.2328285453103467,Tracking,6.265763080487549
-3.9542182171373845,-0.5027310163280028,-1.0144406292429817,-0.6078925663326472,-0.1490907240503812,werbung tracking,4.69315673662735
-3.3217252738354306,-0.9686229639080466,-1.3331947068996848,-0.7941387609855117,-0.19316383725475156,tracking sie,5.442678176750533
-4.155382892017661,-0.3534656470474471,-0.9030050745543712,-0.5390997170015926,-0.13274713176461092,Nutzung,4.455203443554514
-4.155382892017661,-0.3534656470474471,-0.9030050745543712,-0.5390997170015926,-0.13274713176461092,sie nutzung,4.455203443554514
-4.237835578798054,-0.2922472835449872,-0.855801092097781,-0.5093546396531974,-0.1256699100348156,Cookies,4.357799144216674
-4.237835578798054,-0.2922472835449872,-0.855801092097781,-0.5093546396531974,-0.1256699100348156,nutzung cookie+s,4.357799144216674
-4.279356937981156,-0.2614231206599755,-0.8316830993337759,-0.49401516746863083,-0.1220177711543194,zustimmen,4.308783428518022
-4.279356937981156,-0.2614231206599755,-0.8316830993337759,-0.49401516746863083,-0.1220177711543194,cookie+s zu+stimm+en,4.308783428518022
-0.7975333555410486,-1.9572066604371385,0.4163160033404578,-0.7728895803827656,-0.12344185523173706,Details,8.139862759565894
-4.389538804738278,-0.17967482022010817,-0.7665295286753164,-0.4520898663526156,-0.11202761591773956,detail+s tracking,4.178846599629746
-4.423476974355,-0.15451734691862007,-0.746116810210223,-0.43880692486440054,-0.10886003158534222,tracking find+en,4.138866962317504
-4.471571969326539,-0.11889204760292271,-0.7169057310958237,-0.4196749067394671,-0.10429559996417323,Privacy,4.082249752013684
-4.471571969326539,-0.11889204760292271,-0.7169057310958237,-0.4196749067394671,-0.10429559996417323,sie privacy,4.082249752013684
-4.4968323296920545,-0.1001956235778283,-0.7014287443872755,-0.4094787579568241,-0.1018620973103871,Center,4.052533083341852
-4.4968323296920545,-0.1001956235778283,-0.7014287443872755,-0.4094787579568241,-0.1018620973103871,privacy center,4.052533083341852
-4.523564729232762,-0.0804223406816531,-0.684947511064564,-0.39857560263963937,-0.09925914033917035,Skript,4.021100373757576
-4.54323974154126,-0.06587839208808988,-0.6727495198302544,-0.3904757775576654,-0.09732496608854965,skript werd+e,3.99797668934783
-4.574932203862897,-0.04246907764998209,-0.6529788824630689,-0.3772926956419003,-0.09417611677616376,geladen,3.960749180026603
-4.574932203862897,-0.04246907764998209,-0.6529788824630689,-0.3772926956419003,-0.09417611677616376,werd+e ge+lad+en,3.960749180026603
-4.597182419799883,-0.026048723494674908,-0.6390076504345384,-0.3679357001065321,-0.09194053746940845,Informat…,3.934628436736875
-4.622801104227015,-0.007158772795314183,-0.6228273903319439,-0.3570567649884869,-0.08934071620817911,+607,3.904569791183842
-4.622801104227015,-0.007158772795314183,-0.6228273903319439,-0.3570567649884869,-0.08934071620817911,informat… +607,3.904569791183842
-4.633920246660635,0.0010341399394266926,-0.6157732142109512,-0.3522995396781574,-0.08820364192209118,+607 chars,3.8915292924707603
-3.552564307329501,-0.8266886661436859,-0.899183363531677,-0.6802421410966737,-0.17839445467492376,Spitzentreffen,5.191489653860592
-4.659093009510106,-0.01954169419213514,-0.7635020188666998,-0.35937844295925736,-0.08440825713781228,spitze+n+treffen niedrigwasser,3.8738941137902834
-4.7553336985932315,0.0553753351266848,-0.694968502840158,-0.31662778683829673,-0.07435752457309108,niedrigwasser verkehr+s+minister,3.7595828237949815
-5.1157817489902815,0.33193586313328316,-0.4162550517814403,-0.13878571611106255,-0.03267474505472161,kurzfristig,3.334925428475508
-5.1157817489902815,0.33193586313328316,-0.4162550517814403,-0.13878571611106255,-0.03267474505472161,verkehr+s+minister kurzfristig,3.334925428475508
-5.2060872732985235,0.39932589933898366,-0.34038183215350304,-0.08930932318839685,-0.021123766408185446,handeln,3.2298299525500243
-5.2060872732985235,0.39932589933898366,-0.34038183215350304,-0.08930932318839685,-0.021123766408185446,kurzfristig handel+n,3.2298299525500243
-5.586411352534004,0.6646819678659461,0.009740793407181293,0.1445855428217197,0.03312371489867959,handel+n hier,2.7976218621286675
-5.328782619495545,0.48879751154647866,-0.23300076780251058,-0.01853892608001001,-0.004643120341724968,thema spitze+n+treffen,3.088282659539437
-5.680687387640325,0.7230857651796851,0.10472713589531127,0.20957902136443418,0.04807067377491846,besorgt,2.69432649730031
-5.680687387640325,0.7230857651796851,0.10472713589531127,0.20957902136443418,0.04807067377491846,cdu besorg+t,2.69432649730031
-4.260306219938302,-0.2748241154856461,-0.8381678857884188,-0.5005425486147238,-0.12373182811440264,niedrigen,4.331092353528443
-5.6773195937107985,0.7210706129536566,0.10127587648682396,0.20720621042687803,0.047526107205424675,besorg+t niedrig+en,2.6979810399074684
-5.665104069267178,0.7137144197047711,0.08879378469852206,0.19863163448067545,0.04555749033913471,niedrig+en pegel+stand+e,2.7112598425698247
-5.196606083133091,0.3923045383583075,-0.34847092284620784,-0.09460518354990904,-0.022359067710132283,rhein fluss+en,3.2408309018660217
-5.589115630745029,0.6664111077032575,0.0124185895716847,0.14640892339568207,0.03354389502827958,gezeigt,2.794631828605506
-5.589115630745029,0.6664111077032575,0.0124185895716847,0.14640892339568207,0.03354389502827958,fluss+en ge+zeig+t,2.794631828605506
-5.532485811228163,0.6296097634941669,-0.043083247073553946,0.108721997025223,0.02484986988948555,rasche,2.8575473126928626
-5.532485811228163,0.6296097634941669,-0.043083247073553946,0.108721997025223,0.02484986988948555,ge+zeig+t rasch+e,2.8575473126928626
-4.8930152092224635,0.1620066822179631,-0.5928002217776086,-0.2521654886317253,-0.05922272847567262,Reaktion,3.596608506673237
-5.499673934701384,0.6077552683892631,-0.07469401681221155,0.08735718984221547,0.01991264095943031,rasch+e reaktion,2.8942746789334444
-5.418245436811011,0.5520489854581827,-0.15143317023301647,0.035794085101232276,0.007972713380044835,Aussicht,2.9861921029166947
-5.418245436811011,0.5520489854581827,-0.15143317023301647,0.035794085101232276,0.007972713380044835,reaktion aussicht,2.9861921029166947
-4.365545459120939,-0.24862568525243267,-0.9593123899552893,-0.47926435168434545,-0.11263867473763019,gestellt,4.223843961209852
-5.313945464478613,0.4781303768057623,-0.24625754650091472,-0.027322769747203268,-0.006685803113920544,aussicht ge+stell+t,3.105312139215007
-5.29794004034585,0.4665724692500628,-0.26047320373733385,-0.036727374190715756,-0.008873767943932659,stel…,3.1237112267744354
-5.29794004034585,0.4665724692500628,-0.26047320373733385,-0.036727374190715756,-0.008873767943932659,niedrigwasser stel…,3.1237112267744354
-5.389578008895988,0.5319932280925777,-0.17787904675217062,0.01812435774468807,0.003873638059613424,+1112,3.01878958882879
-5.389578008895988,0.5319932280925777,-0.17787904675217062,0.01812435774468807,0.003873638059613424,stel… +1112,3.01878958882879
-5.442801692912675,0.569053339408631,-0.12854515583552983,0.051128116202292406,0.011526911776878881,+1112 chars,2.9583638144697644
-0.7370917508229837,-2.879864497594315,-2.4802567987102333,-1.2636142633042007,-0.2965200451268496,E-Autos,8.532795203443488
-5.166320261757381,0.3697873775569638,-0.37411471509036587,-0.1113609068344012,-0.026269229999451152,CSU,3.2760251072807556
-5.658343110758642,0.709611872160264,0.08190966556829081,0.1939073589729281,0.04447237108947784,e+-+auto+s csu,2.718624701630581
-5.6448456177880955,0.7013569228824041,0.06821822602340351,0.184521600652516,0.04231554649258103,Förderung,2.7333599505794233
-5.6448456177880955,0.7013569228824041,0.06821822602340351,0.184521600652516,0.04231554649258103,csu förderung,2.7333599505794233
-5.627376868776241,0.6905488329906462,0.05060111327696216,0.17246448292740446,0.03954290481907881,zugunsten,2.752492640227934
-5.627376868776241,0.6905488329906462,0.05060111327696216,0.17246448292740446,0.03954290481907881,förderung zugunsten,2.752492640227934
-5.435373312704775,0.563927156875285,-0.1354918635677856,0.0464700480005496,0.010447544266885087,deutscher,2.9667725135758665
-5.606471928347974,0.6774374470705431,0.02967060024593289,0.1581686320374482,0.03625266060788056,zugunsten deutsch+er,2.7754776735282563
-5.5808119613475276,0.661092315577076,0.0042049931203392635,0.1408177103383052,0.0322553053906464,Hersteller,2.8038176732776483
-5.5808119613475276,0.661092315577076,0.0042049931203392635,0.1408177103383052,0.0322553053906464,deutsch+er hersteller,2.8038176732776483
-5.088809873515474,0.3116072908213334,-0.4384175177252734,-0.15315380302912907,-0.03603331256503055,ändern,3.3664409109501796
-5.544465909690511,0.6374954217194975,-0.03144192642578074,0.11660826633406624,0.026670778445797114,hersteller änder+n,2.844186105196812
-5.514678337192841,0.6177945930226532,-0.06028840918712716,0.09708453744734835,0.02216129940602339,änder+n der,2.877456119787322
-4.43413394212582,-0.1951077169132378,-0.9152349645282485,-0.45257720122330913,-0.10634965540746114,aktuelle,4.141949584568653
-4.43413394212582,-0.1951077169132378,-0.9152349645282485,-0.45257720122330913,-0.10634965540746114,der aktuell+e,4.141949584568653
-4.9781362159351525,0.22742174925525638,-0.5270509468574092,-0.21023022818167647,-0.0493919602119353,E-Auto-Förderung,3.4962734773400315
-4.9781362159351525,0.22742174925525638,-0.5270509468574092,-0.21023022818167647,-0.0493919602119353,aktuell+e e+-+auto+-+förderung,3.4962734773400315
14.71151848506158,-11.94283684507333,-4.789279113281928,-1.4583837237731383,-0.31415130676358605,Elektromobilität,26.27553785769964
-3.5381923491196163,-0.8860422306684468,-1.425517204676508,-0.7499354324972244,-0.1764857210869282,e+-+auto+-+förderung elektromobilität,5.213283199658311
15.617952351380262,-9.784264087197208,0.17856081570984092,1.46422886477438,-1.5274585303725323,Deutschland,26.412379987765807
-4.874911292936414,0.14803592353168105,-0.6065235493151547,-0.2608741243893294,-0.06126582297997111,elektromobilität deutschland,3.617993752992899
-5.055246439989124,0.2861996646176357,-0.46568430304412445,-0.17077846624372575,-0.04015551543564515,voranbringen,3.405730931404909
-5.055246439989124,0.2861996646176357,-0.46568430304412445,-0.17077846624372575,-0.04015551543564515,deutschland voran+bring+en,3.405730931404909
-5.179483820263471,0.37959053745147675,-0.363005159415295,-0.10410807375265346,-0.02457636388378928,Davon,3.2607182691420866
-5.21834929583569,0.40838600033453765,-0.3298766091630744,-0.08242420219337848,-0.019518163628707175,profitieren,3.215614788236034
-5.21834929583569,0.40838600033453765,-0.3298766091630744,-0.08242420219337848,-0.019518163628707175,davon profitier+en,3.215614788236034
0.5199113231008727,-2.667226509537278,1.0395112581953208,-0.7156821505251354,-0.08846567423165622,bisher,9.634561365719236
-5.2806014273489295,0.4539947361510146,-0.27577419947284965,-0.04683308835916933,-0.011225892669355503,profitier+en bisher,3.143675395253755
-5.3458935551374775,0.5010406747342881,-0.21761765383035728,-0.008329779645351032,-0.0022700481511795934,ausländische,3.06867631804567
-5.3458935551374775,0.5010406747342881,-0.21761765383035728,-0.008329779645351032,-0.0022700481511795934,bisher ausländisch+e,3.06867631804567
-5.3843158542384,0.5282890261054478,-0.18270158848673704,0.014907747288764983,0.003127044224343012,Autobauer,3.02478552342642
-5.3843158542384,0.5282890261054478,-0.18270158848673704,0.014907747288764983,0.003127044224343012,ausländisch+e auto+bauer,3.02478552342642
-5.420434111486372,0.5535712984166596,-0.14940200977068469,0.03715332548485817,0.008287880006913786,der csu,2.9837081828372463
-5.446562837550275,0.571642836299872,-0.12502026586618561,0.0534930585788157,0.01207481409644702,csu änder+n,2.954109513390077
2.9527745575613054,-4.192563835657543,-0.8524925382127714,-1.2083927106797678,-0.2324701170174201,deutschen,12.425378359466672
-5.699456504630364,0.7342113867065179,0.12404037818837418,0.22287298952523704,0.05112004097271915,änder+n deutsch+en,2.674011078549439
-5.690086625825142,0.7286797590337888,0.1143821256660199,0.21622154855431708,0.049594683306138296,Herstellern,2.6841418306919804
-5.690086625825142,0.7286797590337888,0.1143821256660199,0.21622154855431708,0.049594683306138296,deutsch+en hersteller+n,2.6841418306919804
-5.6701851981554245,0.7167831416446466,0.09397890550533397,0.2021922005243334,0.04637509041809003,Vorteil,2.705732049302486
-5.6701851981554245,0.7167831416446466,0.09397890550533397,0.2021922005243334,0.04637509041809003,hersteller+n vorteil,2.705732049302486
-5.659734043501373,0.7104576762583299,0.08332451726449058,0.19487803391550262,0.044695353397153595,verschaffen,2.7171086418589248
-5.659734043501373,0.7104576762583299,0.08332451726449058,0.19487803391550262,0.044695353397153595,vorteil verschaff+en,2.7171086418589248
-5.632932586057092,0.6940011344911503,0.05619146548976025,0.17628809803778633,0.04042241403864026,Jakob,2.7464002675989714
-5.632932586057092,0.6940011344911503,0.05619146548976025,0.17628809803778633,0.04042241403864026,von jakob,2.7464002675989714
-5.621514901884728,0.686891403698868,0.04471528405655359,0.16844119497369403,0.0386172331023988,Mayr,2.7589282721948356
-5.621514901884728,0.686891403698868,0.04471528405655359,0.16844119497369403,0.0386172331023988,jakob mayr,2.7589282721948356
-5.591759496524785,0.6680987512754526,0.015039229986905593,0.1481938848656344,0.033955175964147086,05.08.2026,2.7917100445880774
-5.591759496524785,0.6680987512754526,0.015039229986905593,0.1481938848656344,0.033955175964147086,stand 05.08.2026,2.7917100445880774
-5.558915115244904,0.6469364178644441,-0.017329976689497636,0.12618136766156057,0.028880030012368815,18:53,2.828107066730933
-5.558915115244904,0.6469364178644441,-0.017329976689497636,0.12618136766156057,0.028880030012368815,05.08.2026 18:53,2.828107066730933
-3.0764498441972536,-1.1346793665060417,-1.401846332535399,-0.8521196476563285,-0.2082652746334718,Uhr,5.729294906269948
-5.536599041940054,0.6323230339550925,-0.039092366570747425,0.11142446554327878,0.025473954066774954,18:53 uhr,2.8529568958086102
-4.6450190752780145,-0.030513600875359925,-0.7733347941281722,-0.36547913511889657,-0.08584332174136688,uhr der,3.890632506397276
-5.700338756620345,0.7347298926819357,0.12495150160920093,0.2235008057979141,0.05126398018797111,+3655,2.673058335411365
-5.700338756620345,0.7347298926819357,0.12495150160920093,0.2235008057979141,0.05126398018797111,änder+n +3655,2.673058335411365
-5.705443593310205,0.7377220360875318,0.1302291988438154,0.22713860901786442,0.052097894300815586,+3655 chars,2.667549556585165
1.0708994058577268,-2.926250670566827,0.7711416970970388,-0.8214462981248782,-0.11650153512151142,Dürre,10.231260545566043
11.433836613930461,-8.21990894799091,1.5765679563121495,-0.6176977554187844,0.005405405987736797,Europa,21.834959080327877
-3.454729804252697,-0.5334175652616593,0.5345198724917268,-0.3783563562727547,-0.050992013788952614,dürre europa,5.17831875972788
-2.9004486531034566,-0.8399523972566794,0.2770430741143697,-0.5380297090912809,-0.08633650806961374,europa niedrigwasser,5.791916656078287
-0.13968417978827308,-2.322234618937966,0.994950235185573,-0.6824669700084638,-0.08609938526143499,zwingt,8.896870911010057
-0.13968417978827308,-2.322234618937966,0.994950235185573,-0.6824669700084638,-0.08609938526143499,rhein zwing+t,8.896870911010057
-0.39103368675186534,-2.1754272743673364,0.39971429364563804,-0.8046761064900414,-0.12479231081463991,Logistik,8.594672682284934
-3.6155166554147975,-0.4647213222477373,0.74653927160863,-0.29382784934019485,-0.030289842845845558,zwing+t logistik,5.01299577946071
-0.4685084975311433,-2.128595911618722,0.7464521977770704,-0.7192369136543071,-0.1003270213209693,Schiene,8.514125178052497
-3.4982073441646877,-0.5255871492772171,0.7300893543829133,-0.32221928019715457,-0.03579294618045542,logistik schiene,5.141768701192245
-2.1603486723390946,-1.2554928145679396,0.14324165968193567,-0.6765752223794667,-0.11385917388330753,Straße,6.621592547890863
-2.5942811567443576,-1.0035255613457692,0.3290011409299911,-0.5752281152569577,-0.09118929990523197,schiene straße,6.133802586277102
-2.979176965788189,-0.7914605203798892,0.5398038834007909,-0.4651744566423673,-0.06614512872367949,straße der,5.708069623536686
-3.2145102092993927,-0.6861434978794834,0.7959005713412323,-0.36074728683080054,-0.04089067733330687,beeinflusst,5.462070594260779
-3.2145102092993927,-0.6861434978794834,0.7959005713412323,-0.36074728683080054,-0.04089067733330687,rhein beeinfluss+t,5.462070594260779
-3.6155166554147975,-0.4647213222477373,0.74653927160863,-0.29382784934019485,-0.030289842845845558,beeinfluss+t logistik,5.01299577946071
1.5254492807470008,-3.1631290613311758,0.7925512146318607,-0.839876957766099,-0.1188629138877122,Unternehmen,10.740105685490235
-3.067593572027709,-0.7906714753559356,0.9463614424658121,-0.34833972915384664,-0.03476415213995615,logistik unternehmen,5.640497960611175
-2.871938597651729,-0.9067166558919966,1.0058357035829222,-0.36604801460383846,-0.03626083544770842,Umweltstaatssekretär,5.864557683994324
-2.871938597651729,-0.9067166558919966,1.0058357035829222,-0.36604801460383846,-0.03626083544770842,der umwelt+staat+s+sekretär,5.864557683994324
-2.430349588606246,-1.1502170838073251,1.0604513795839743,-0.42019234721067844,-0.04395827560025571,nennt,6.360810714595897
-2.430349588606246,-1.1502170838073251,1.0604513795839743,-0.42019234721067844,-0.04395827560025571,umwelt+staat+s+sekretär nenn+t,6.360810714595897
-2.1045298215151638,-1.325868110151796,1.086994893981708,-0.4583226276934122,-0.049499568541584965,Situation,6.725383546244307
-2.1045298215151638,-1.325868110151796,1.086994893981708,-0.4583226276934122,-0.049499568541584965,nenn+t situation,6.725383546244307
-1.27795582452889,-1.7676721473035415,1.1482689719458807,-0.5389972884459305,-0.060347873839633276,Weckruf,7.650157496351552
-1.27795582452889,-1.7676721473035415,1.1482689719458807,-0.5389972884459305,-0.060347873839633276,situation weck+ruf,7.650157496351552
1.1989221535681018,-2.9904301765757846,0.7295216235392793,-0.8367321379490144,-0.1190140315554819,angesichts,10.372038397023704
-0.5485268013705777,-2.1537351447735875,1.196724831118079,-0.5943242781337045,-0.06673704835854756,weck+ruf angesichts,8.466109490843781
33.114484122599045,-18.83961453255482,1.90720569129197,0.590341487220517,0.3909124234019775,Klimawandels,45.98971545945984
4.217838947956595,-4.616465274826211,1.4286561851204664,-0.73509391328712,-0.06410910137953324,angesichts klima+wandel+s,13.792986542182666
-2.262976660217041,-1.2233655029263963,0.9997896955698587,-0.4606377297701176,-0.05238522598121251,zwing+t unternehmen,6.538588789328274
-2.210016639109149,-1.2105320668769468,0.6991807731825439,-0.5448416533724894,-0.07507594120632424,Transporte,6.571850534965948
-2.8184283946967037,-0.9286393480488253,0.9792836617660454,-0.3820849241988503,-0.03972056675406564,unternehmen transport+e,5.920452774742637
-3.128637026555503,-0.7619178623505625,0.9616509663847057,-0.33332932234228607,-0.031750964877573506,transport+e schiene,5.574777690503083
6.0398882427610285,-5.760728225274303,-0.7716629182029424,-1.2204032031936627,-0.21278922085631133,Lkw,15.8711696654842
-3.33591240499668,-0.6496029367909397,0.9473023098776326,-0.2984396584782505,-0.025996086473129315,schiene lkw,5.343626951644796
-3.408103403825244,-0.6103039426581889,0.9417972911823499,-0.28581240165646127,-0.023903110788200815,verlagern,5.263087053350496
-3.408103403825244,-0.6103039426581889,0.9417972911823499,-0.28581240165646127,-0.023903110788200815,lkw verlager+n,5.263087053350496
-2.48214338591574,-0.9576045987427295,0.2047654119531657,1.2201343789958758,-1.269664085472267,Unter,6.347179506539296
-3.6218957096490616,-0.4933429009572281,0.9238638567082744,-0.24686338891926785,-0.017415308190442527,gaben,5.024466715529796
-3.6218957096490616,-0.4933429009572281,0.9238638567082744,-0.24686338891926785,-0.017415308190442527,unter geb+en,5.024466715529796
-3.692675150160831,-0.4544230890939498,0.9173621114735321,-0.2334284664738721,-0.015166847630087868,Konzerne,4.9454330617673
-3.692675150160831,-0.4544230890939498,0.9173621114735321,-0.2334284664738721,-0.015166847630087868,geb+en konzern+e,4.9454330617673
-3.7508348884853477,-0.4223658697905601,0.9117979635978812,-0.22217714560968427,-0.013279910889481994,ThyssenKrupp,4.8804776978972795
-3.7508348884853477,-0.4223658697905601,0.9117979635978812,-0.22217714560968427,-0.013279910889481994,konzern+e thyssenkrupp,4.8804776978972795
-3.827002168989236,-0.3802758040896861,0.904197851646106,-0.20714404288301544,-0.010753393903081887,Steel,4.795392566508152
-3.827002168989236,-0.3802758040896861,0.904197851646106,-0.20714404288301544,-0.010753393903081887,thyssenkrupp steel,4.795392566508152
-3.8594356321399816,-0.36231537674109804,0.9008504914704761,-0.2006373867620542,-0.009658036072122594,Europe,4.759155383571918
-3.8594356321399816,-0.36231537674109804,0.9008504914704761,-0.2006373867620542,-0.009658036072122594,steel europe,4.759155383571918
-3.9003260779103357,-0.33963910128972863,0.8965330753366317,-0.19234244178078552,-0.008260086923641191,BASF,4.713463945770105
-3.9003260779103357,-0.33963910128972863,0.8965330753366317,-0.19234244178078552,-0.008260086923641191,europe basf,4.713463945770105
-3.9293788913600567,-0.32350507338083245,0.893398317282941,-0.1863857273838209,-0.007255160607874553,Evonik,4.680996277100715
-3.9293788913600567,-0.32350507338083245,0.893398317282941,-0.1863857273838209,-0.007255160607874553,basf evonik,4.680996277100715
-3.9794104425473833,-0.29567642508653913,0.887865941383465,-0.17600252250818607,-0.005501451224924431,Lanxess,4.6250766895214985
-3.9794104425473833,-0.29567642508653913,0.887865941383465,-0.17600252250818607,-0.005501451224924431,evonik lanxes+s,4.6250766895214985
-4.013425205589549,-0.27672409849764357,0.8840055566443474,-0.1688512708231243,-0.004292172791423285,beka…,4.587053480850729
-4.013425205589549,-0.27672409849764357,0.8840055566443474,-0.1688512708231243,-0.004292172791423285,lanxes+s beka…,4.587053480850729
-4.041709674004598,-0.2609441959151959,0.8807329739456115,-0.1628470143538748,-0.0032759725867178707,+3346,4.555432503040267
-4.041709674004598,-0.2609441959151959,0.8807329739456115,-0.1628470143538748,-0.0032759725867178707,beka… +3346,4.555432503040267
-4.0649393275440815,-0.24797037375977782,0.8780019934624238,-0.15787606304313062,-0.002434064271456801,+3346 chars,4.529460326634506
-5.1411740677730595,0.3509947824746209,-0.3951831960915878,-0.1250893425482026,-0.02947488202402561,Alfa,3.3053061576331855
-5.148052327919258,0.3561434564144159,-0.38944028988968493,-0.12135059515001706,-0.02860169682645862,Junior,3.297291713497581
-5.671413367849004,0.7175230020570769,0.09523368370279084,0.20305413225289537,0.04657298331094718,alfa junior,2.7043968495286954
-5.141725478378213,0.35140776262505113,-0.39472335576609296,-0.12479007093613981,-0.02940498241530319,Elettrica,3.3046635212863404
-5.141725478378213,0.35140776262505113,-0.39472335576609296,-0.12479007093613981,-0.02940498241530319,junior elettrica,3.3046635212863404
-5.646439248182848,0.7023359974656833,0.06983115398294013,0.1856265973725557,0.042569541348975656,Leasing-Hammer,2.7316179778899192
-5.646439248182848,0.7023359974656833,0.06983115398294013,0.1856265973725557,0.042569541348975656,elettrica leasing+-+hammer,2.7316179778899192
-5.613170848805595,0.6816594748732647,0.03635970815902906,0.16273397098721382,0.037303715685404734,120,2.768101875195991
-5.613170848805595,0.6816594748732647,0.03635970815902906,0.16273397098721382,0.037303715685404734,leasing+-+hammer 120,2.768101875195991
5.129484815286117,-6.322733311336856,-3.209510726180656,-1.521514833531917,-0.354521486878171,Euro,15.255565850866931
-5.604147236235315,0.6759678538075424,0.027353278617295133,0.15658780207286144,0.03588864351740324,120 euro,2.7780394985845263
-5.6773195937107985,0.7210706129536566,0.10127587648682396,0.20720621042687803,0.047526107205424675,euro alfa,2.6979810399074684
-5.2932084311654215,0.4631458614484021,-0.2646589172699815,-0.03949362015431673,-0.009517509951623454,Romeo,3.129156029865059
-5.2932084311654215,0.4631458614484021,-0.2646589172699815,-0.03949362015431673,-0.009517509951623454,alfa romeo,3.129156029865059
-5.558915115244904,0.6469364178644441,-0.017329976689497636,0.12618136766156057,0.028880030012368815,wagt,2.828107066730933
-5.558915115244904,0.6469364178644441,-0.017329976689497636,0.12618136766156057,0.028880030012368815,romeo wag+t,2.828107066730933
-5.671413367849004,0.7175230020570769,0.09523368370279084,0.20305413225289537,0.04657298331094718,wag+t junior,2.7043968495286954
-5.328782619495545,0.48879751154647866,-0.23300076780251058,-0.01853892608001001,-0.004643120341724968,Einstieg,3.088282659539437
-5.328782619495545,0.48879751154647866,-0.23300076780251058,-0.01853892608001001,-0.004643120341724968,elettrica einstieg,3.088282659539437
-4.659093009510106,-0.01954169419213514,-0.7635020188666998,-0.35937844295925736,-0.08440825713781228,einstieg elektromobilität,3.8738941137902834
-4.668464116053478,0.023754883136870575,-0.5112334290230688,-0.2946336473824334,-0.05848610662097999,Aktuell,3.853674161285267
-5.464154672869331,0.5836997696493531,-0.10846516009550819,0.06461247105802825,0.014649993531156022,Carwow,2.9342401909982128
-5.464154672869331,0.5836997696493531,-0.10846516009550819,0.06461247105802825,0.014649993531156022,aktuell carwow,2.9342401909982128
-5.523867617328751,0.6239054051773911,-0.051424660139038264,0.1030772411495261,0.0235460031271819,günstiges,2.867175349563107
-5.523867617328751,0.6239054051773911,-0.051424660139038264,0.1030772411495261,0.0235460031271819,carwow günstig+es,2.867175349563107
-5.562287807185626,0.6491288448472328,-0.014024751252538006,0.12842560672771852,0.029397766092970692,Leasingangebot,2.8243597133612397
-5.562287807185626,0.6491288448472328,-0.014024751252538006,0.12842560672771852,0.029397766092970692,günstig+es leasing+angebot,2.8243597133612397
-5.610982197717535,0.6802821692025471,0.034172396426998486,0.16124076951484745,0.03695997678398612,Start,2.7705106151055863
-5.610982197717535,0.6802821692025471,0.034172396426998486,0.16124076951484745,0.03695997678398612,leasing+angebot start,2.7705106151055863
-5.6448456177880955,0.7013569228824041,0.06821822602340351,0.184521600652516,0.04231554649258103,romeo junior,2.7333599505794233
-5.6701851981554245,0.7167831416446466,0.09397890550533397,0.2021922005243334,0.04637509041809003,"120,00",2.705732049302486
-5.6701851981554245,0.7167831416446466,0.09397890550533397,0.2021922005243334,0.04637509041809003,"elettrica 120,00",2.705732049302486
-5.678456234344544,0.7217513641997282,0.10244020500153708,0.20800661468014092,0.04770981196926384,EUR,2.6967473089975367
-5.678456234344544,0.7217513641997282,0.10244020500153708,0.20800661468014092,0.04770981196926384,"120,00 euer",2.6967473089975367
-4.6048179542116525,-0.061869650771932294,-0.8011630210709121,-0.38269970570237305,-0.08989509592058417,niedrigwasser bilger,3.9384714362658295
-5.199931522824157,0.39476877244234143,-0.34563708657069847,-0.09275046234113637,-0.021926408614008533,Wirtschaftsverbände,3.236971483986457
-5.435010588070519,0.5636764486971488,-0.13583055693574905,0.04624302980696937,0.01039493282260838,bilger wirtschaft+s+verband+e,2.967183319905522
-5.367555033766283,0.5164453833134306,-0.19799680638658476,0.004717281443463783,0.0007609884889153984,suchen,3.0439082659329424
-5.367555033766283,0.5164453833134306,-0.19799680638658476,0.004717281443463783,0.0007609884889153984,wirtschaft+s+verband+e such+en,3.0439082659329424
-5.261729827956528,0.44024049479536487,-0.29231222207530183,-0.057736029843258874,-0.013764769615077638,Auswege,3.1654417220027455
-5.261729827956528,0.44024049479536487,-0.29231222207530183,-0.057736029843258874,-0.013764769615077638,such+en ausweg+e,3.1654417220027455
-4.659093009510106,-0.01954169419213514,-0.7635020188666998,-0.35937844295925736,-0.08440825713781228,Niedrigwasserkrise,3.8738941137902834
-4.659093009510106,-0.01954169419213514,-0.7635020188666998,-0.35937844295925736,-0.08440825713781228,ausweg+e niedrigwasser+krise,3.8738941137902834
-5.168351209903646,0.3713014471709759,-0.37240430097268507,-0.11024488570806337,-0.0260087102704646,Binnenschiffer,3.273662510869432
-5.367555033766283,0.5164453833134306,-0.19799680638658476,0.004717281443463783,0.0007609884889153984,niedrigwasser+krise binnenschiffer,3.0439082659329424
-5.494306838041023,0.6041460992232046,-0.07982672043725342,0.08389498728371564,0.019111989546857097,Hafenbetreiber,2.900300134018081
-5.494306838041023,0.6041460992232046,-0.07982672043725342,0.08389498728371564,0.019111989546857097,binnenschiffer hafen+betreiber,2.900300134018081
-5.571896102238393,0.6553508626632716,-0.004585258756588939,0.13483933596102987,0.03087699923163477,Behördenvertreter,2.8136962596080153
-5.571896102238393,0.6553508626632716,-0.004585258756588939,0.13483933596102987,0.03087699923163477,hafen+betreiber behörde+n+vertreter,2.8136962596080153
-5.617422343895622,0.6843290355622271,0.04061378131421932,0.16563906261522066,0.0379723820916862,behörde+n+vertreter treff+en,2.763425811520408
-5.629261449238527,0.6917214456622396,0.05249613114242866,0.17376036094908354,0.039841007421476435,treff+en bund+es+verkehr+s+minister,2.750425246689221
-5.514678337192841,0.6177945930226532,-0.06028840918712716,0.09708453744734835,0.02216129940602339,Gemeinsam,2.877456119787322
-4.35870650240939,-0.25395953387987413,-0.9636545670049945,-0.48188372493037096,-0.11325607022122362,sollen,4.232012721587115
-5.45734871924601,0.579046004804022,-0.11488339050227758,0.060299221740124254,0.013651257760244104,gemeinsam soll+en,2.941921511722083
-4.837416266979744,0.11904708739248004,-0.6346631094590339,-0.27868287132854214,-0.06544542619883517,Lösungen,3.6623302955132573
-5.399661276564908,0.5390717220268793,-0.16861064237411102,0.024311151579544277,0.005309288611723792,soll+en lösung+en,3.007310855692524
-5.193153727619325,0.3897444982884888,-0.3514091062729615,-0.09652755190184437,-0.02280754193780464,extremes,3.2448386757902
-5.193153727619325,0.3897444982884888,-0.3514091062729615,-0.09652755190184437,-0.02280754193780464,lösung+en extrem+es,3.2448386757902
-4.659093009510106,-0.01954169419213514,-0.7635020188666998,-0.35937844295925736,-0.08440825713781228,extrem+es niedrigwasser,3.8738941137902834
-4.00321504441538,-0.4061253503946616,-0.6005403479236415,-0.5067005451465679,-0.13089968108969124,gefunden,4.619819498661401
-5.29794004034585,0.4665724692500628,-0.26047320373733385,-0.036727374190715756,-0.008873767943932659,niedrigwasser ge+find+en,3.1237112267744354
-5.514678337192841,0.6177945930226532,-0.06028840918712716,0.09708453744734835,0.02216129940602339,wirtschaftlicher,2.877456119787322
-5.514678337192841,0.6177945930226532,-0.06028840918712716,0.09708453744734835,0.02216129940602339,wie wirtschaftlich+er,2.877456119787322
-5.409201156998703,0.5457447324772287,-0.1598083129189962,0.03019269180398465,0.006673686540081228,Sicht,2.9964637517634785
-5.409201156998703,0.5457447324772287,-0.1598083129189962,0.03019269180398465,0.006673686540081228,wirtschaftlich+er sicht,2.9964637517634785
-3.659576175769879,-0.7088984701017718,-1.1107762860158032,-0.6936116436341715,-0.17137770044772502,extremen,5.038886373649139
-5.193153727619325,0.3897444982884888,-0.3514091062729615,-0.09652755190184437,-0.02280754193780464,sicht extrem+en,3.2448386757902
-3.5381923491196163,-0.8860422306684468,-1.425517204676508,-0.7499354324972244,-0.1764857210869282,extrem+en niedrigwasser,5.213283199658311
1.5467624809133795,-3.2077595738449447,0.23215788426244507,-0.9543682263804648,-0.14858177012556884,Flüsse,10.764045467347822
-5.504850962164284,0.6112276637350433,-0.06973300433582164,0.09070539935346866,0.02068678235447889,rhein+s fluss+e,2.8884672853686135
-5.536599041940054,0.6323230339550925,-0.039092366570747425,0.11142446554327878,0.025473954066774954,umgegangen,2.8529568958086102
-5.536599041940054,0.6323230339550925,-0.039092366570747425,0.11142446554327878,0.025473954066774954,fluss+e um+ge+geh+en,2.8529568958086102
-4.784700525996355,0.07818425723625122,-0.6735938586590643,-0.3032132637315728,-0.07120586690854708,darüber,3.724760328718522
-5.608749724308064,0.6788751804893787,0.031943155694522954,0.15971929826866488,0.036609696704638664,um+ge+geh+en darüber,2.77296864421142
-5.625458289601209,0.6893534492605733,0.04867329098115034,0.17114643654245343,0.039239677122513375,sprechen,2.75459814039265
-5.625458289601209,0.6893534492605733,0.04867329098115034,0.17114643654245343,0.039239677122513375,darüber sprech+en,2.75459814039265
-5.656931855475639,0.7087527701794272,0.08047489299112179,0.19292316349260952,0.04424626816919909,sprech+en donnerstag,2.72016337896617
-5.675002671898767,0.719680990115942,0.09890403653803119,0.20557601636228817,0.047151922429280776,donnerstag bonn,2.700496849892363
-5.680687387640325,0.7230857651796851,0.10472713589531127,0.20957902136443418,0.04807067377491846,bonn wirtschaft+s+verband+e,2.69432649730031
-2.549983125822954,-1.0314586699793886,0.7200014822824864,-0.49099507758549543,-0.06546446790735415,neuen,6.194727855409281
-5.70707696440704,0.738676518926914,0.13191996998664599,0.22830444222256652,0.05236510003583668,wirtschaft+s+verband+e neu+en,2.6657883601655707
-5.711787866132976,0.7414214585653942,0.13680209870419002,0.2316719507696191,0.053136801128791614,Bun…,2.6607126807919714
-5.711787866132976,0.7414214585653942,0.13680209870419002,0.2316719507696191,0.053136801128791614,neu+en bun…,2.6607126807919714
-5.716235659645626,0.7440021816104556,0.14141929085038418,0.23485828293054078,0.053866815485411015,+608,2.6559258233990364
-5.716235659645626,0.7440021816104556,0.14141929085038418,0.23485828293054078,0.053866815485411015,bun… +608,2.6559258233990364
-5.719758433369414,0.74603859475318,0.14508156281896206,0.23738670614039903,0.05444598072503658,+608 chars,2.652138213441566
-4.860439961237167,0.13685584332160916,-0.6174290252502619,-0.2677836120968574,-0.0628871898137991,Krisentreffen,3.635098493799283
-4.659093009510106,-0.01954169419213514,-0.7635020188666998,-0.35937844295925736,-0.08440825713781228,krise+n+treffen niedrigwasser,3.8738941137902834
-5.313945464478613,0.4781303768057623,-0.24625754650091472,-0.027322769747203268,-0.006685803113920544,Wenn,3.105312139215007
-5.313945464478613,0.4781303768057623,-0.24625754650091472,-0.027322769747203268,-0.006685803113920544,niedrigwasser wenn,3.105312139215007
-4.055212676867832,-0.48986575418127654,-1.147374477972667,-0.5910785709489397,-0.13900799951970044,Wasserstraßen,4.5948759928441065
-5.418245436811011,0.5520489854581827,-0.15143317023301647,0.035794085101232276,0.007972713380044835,wenn wasser+straße+n,2.9861921029166947
-5.509849025709253,0.614571570636196,-0.06493408602243575,0.09394591122478435,0.02143588309105167,versiegen,2.882865050911692
-5.509849025709253,0.614571570636196,-0.06493408602243575,0.09394591122478435,0.02143588309105167,wasser+straße+n versieg+en,2.882865050911692
-3.363451258236001,-0.9147971465503919,-1.1797906991303273,-0.7680986659950282,-0.1916186305198418,Deutschlands,5.387238048980775
-5.488737569919927,0.6003911091581562,-0.08514153977924271,0.08031195927940438,0.018283233071463886,versieg+en deutschland+s,2.9065577217758265
-4.894564463074504,0.16320138938735562,-0.5916216628571513,-0.2514168752950031,-0.05904712371997019,deutschland+s fluss+e,3.5947791461649774
-4.392093748370043,-0.22791549456540183,-0.9423664401936549,-0.46902527958091755,-0.11022549123583017,führen,4.192138510968917
-4.725845148775962,0.03244482840393448,-0.7162113532485944,-0.32992154586809225,-0.07748183458702956,fluss+e führ+en,3.7945786262727172
-4.421766603908603,-0.20476040157355602,-0.9232546742764247,-0.4574460196064974,-0.10749685220458098,Rekord-Niedrigwasser,4.156711697873891
-4.421766603908603,-0.20476040157355602,-0.9232546742764247,-0.4574460196064974,-0.10749685220458098,führ+en rekord+-+niedrigwasser,4.156711697873891
-4.378025266609883,-0.2388911230780435,-0.9513643314429476,-0.474465266866388,-0.11150756757909115,Vor,4.208938859144899
-4.9631017206157235,0.21590413961549504,-0.5388133058797464,-0.21775788211902208,-0.05115570406379799,vor wirtschaft,3.5139676991088256
-5.133258568405428,0.3450621805414176,-0.40177362410026896,-0.12937670736905166,-0.03047635239308001,wirtschaft schiff+fahrt,3.3145338842024734
-5.246424886038573,0.4290386252550036,-0.3056366982537574,-0.06650539774409564,-0.015807704154726585,massiv,3.1831216317137256
-5.246424886038573,0.4290386252550036,-0.3056366982537574,-0.06650539774409564,-0.015807704154726585,schiff+fahrt massiv,3.1831216317137256
-5.126634531756684,0.3400914696774202,-0.4072736196112584,-0.13295212806400658,-0.0313116483064971,betroffen,3.3222598618882753
-5.2806014273489295,0.4539947361510146,-0.27577419947284965,-0.04683308835916933,-0.011225892669355503,massiv betreff+en,3.143675395253755
-4.788879862170859,0.08142788018027924,-0.670533904986453,-0.3012897386889422,-0.07075403435775214,verkehr+s+minister bilger,3.719807032238148
-5.397193408610756,0.5373416565161973,-0.1708824213435522,0.022794120554640585,0.004957301903253483,bilger lad+t,3.0101189639386887
-5.409201156998703,0.5457447324772287,-0.1598083129189962,0.03019269180398465,0.006673686540081228,daher,2.9964637517634785
-5.409201156998703,0.5457447324772287,-0.1598083129189962,0.03019269180398465,0.006673686540081228,lad+t daher,2.9964637517634785
-5.422595070817133,0.5550730632562115,-0.14739487971088525,0.038496782449985945,0.008599365086139718,heute,2.9812564007207083
-5.422595070817133,0.5550730632562115,-0.14739487971088525,0.038496782449985945,0.008599365086139718,daher heute,2.9812564007207083
-5.399661276564908,0.5390717220268793,-0.16861064237411102,0.024311151579544277,0.005309288611723792,heute krise+n+treffen,3.007310855692524
0.1428174018881947,-2.54023862447534,-0.11386624465851694,-0.9464246880588577,-0.16203483070222174,Was,9.21465831251203
-4.8246603251884785,0.1091698475776599,-0.6441504702587758,-0.2846724658102267,-0.06685160862239731,bringen,3.6774270255243526
-5.617422343895622,0.6843290355622271,0.04061378131421932,0.16563906261522066,0.0379723820916862,was bring+en,2.763425811520408
-5.577911708113124,0.6592281091597092,0.0013423176248680696,0.13887015296296285,0.031806353913707106,06.08.2026,2.807029343835745
-5.577911708113124,0.6592281091597092,0.0013423176248680696,0.13887015296296285,0.031806353913707106,stand 06.08.2026,2.807029343835745
-5.54059041630072,0.6349501228397347,-0.035213686736734376,0.11405206032387943,0.026080652885056912,09:10,2.848505461413127
-5.54059041630072,0.6349501228397347,-0.035213686736734376,0.11405206032387943,0.026080652885056912,06.08.2026 09:10,2.848505461413127
-5.514678337192841,0.6177945930226532,-0.06028840918712716,0.09708453744734835,0.02216129940602339,09:10 uhr,2.877456119787322
-5.488737569919927,0.6003911091581562,-0.08514153977924271,0.08031195927940438,0.018283233071463886,uhr deutschland+s,2.9065577217758265
-5.704614477520472,0.7372369913086465,0.12937133401076886,0.22654716574411193,0.05196232882255404,+7301,2.6684438223690226
-5.709466919895429,0.7400705719363734,0.13439573971971647,0.23001192210930688,0.05275641034283639,+7301 chars,2.6632126200429194
-5.548231092615245,0.6399630173103805,-0.027772150326296333,0.11909634242977785,0.027245090022540983,Wäre,2.8399923947714383
-5.24098754956799,0.42504916840637397,-0.31035160290010244,-0.06960525110528443,-0.016530040191174267,Notfallmaßnahme,3.189408444786468
-5.504850962164284,0.6112276637350433,-0.06973300433582164,0.09070539935346866,0.02068678235447889,sei not+fall+maßnahme,2.8884672853686135
-5.378896799301444,0.52446722838955,-0.1876576574015689,0.011603863909061984,0.0023600688236271455,not+fall+maßnahme bilger,3.030964143113751
8.608473133815279,-8.092860009989565,-3.3085198747478857,-1.5615213125881666,-0.37291903375125013,wegen,19.14663732726534
-4.217150928437055,-0.31120065296570365,-0.886814531117655,-0.5190652678332344,-0.1273270315140316,bilger wegen,4.383192489586878
10.395311931608395,-9.40622682618446,-4.132990024065354,-1.5816945054567786,-0.3606387331863282,wegen niedrigwasser+s,21.30412192224715
-0.04863789350021008,-3.1754918331982522,-2.356496126321806,-1.3291131742858122,-0.32126530654499574,Sonntagsfahrverbot,9.278054453287028
-5.313945464478613,0.4781303768057623,-0.24625754650091472,-0.027322769747203268,-0.006685803113920544,niedrigwasser+s sonntag+s+fahr+verbot,3.105312139215007
-2.4288562352854273,-1.5710116220577475,-1.5675163752634054,-0.9842347617377833,-0.24275576240544977,sonntag+s+fahr+verbot lkw,6.486968303232903
-5.528244305098925,0.626805585282497,-0.04719198731802765,0.10594092289195012,0.024207530553649007,kippen,2.8622841338455607
-5.528244305098925,0.626805585282497,-0.04719198731802765,0.10594092289195012,0.024207530553649007,lkw kipp+en,2.8622841338455607
-5.428990931961309,0.5595104187354363,-0.14144445706657133,0.0424813893205091,0.009523081551716453,Fehlendes,2.9740037938013915
-5.555450989523939,0.6446800779436646,-0.020720368744318374,0.12388011998811616,0.028349069986078737,kipp+en fehl+end+es,2.831958301143067
-5.460264306916015,0.5810413144642137,-0.11213596748274246,0.0621452067726902,0.014078725368626518,Schmelzwasser,2.9386300305387607
-5.460264306916015,0.5810413144642137,-0.11213596748274246,0.0621452067726902,0.014078725368626518,fehl+end+es schmelz+wasser,2.9386300305387607
-5.502141829744558,0.6094116675797632,-0.07233033156550386,0.08895222863188346,0.020281449037142255,ausbleibender,2.8915057116760075
-5.502141829744558,0.6094116675797632,-0.07233033156550386,0.08895222863188346,0.020281449037142255,schmelz+wasser aus+bleib+end+er,2.8915057116760075
-5.526729827485213,0.6258027861807935,-0.048657437121140845,0.10494930278789716,0.023978472863774344,Regen,2.8639762627577787
-5.526729827485213,0.6258027861807935,-0.048657437121140845,0.10494930278789716,0.023978472863774344,aus+bleib+end+er regen,2.8639762627577787
-5.535802846631611,0.6317982997205982,-0.03986537082466471,0.1109009272343669,0.02535306045978246,regen führ+en,2.853845216465768
-5.171118639145015,0.3866495517732804,-0.17853822713400339,-0.07407014848590326,-0.01682730445112704,großer,3.266776740013885
-5.672625437040817,0.7182524392709619,0.09647257463249527,0.20390526125540254,0.04676838470156207,führ+en groß+er,2.7030795116442023
-1.8303634269125482,-1.4458425909732027,0.9491574272567791,-0.5312792355761489,-0.06607010405124772,Trockenheit,7.01547923464106
-5.332297885664732,0.4936709912730548,-0.038062556271202794,0.019185824169477728,0.004710043785086007,groß+er trockenheit,3.085350729227295
-2.218999790648332,-1.226087384412803,0.8141708082909267,-0.5242643017868543,-0.07551918840324026,Land,6.574712692785577
-5.697663588770583,0.7331564275954601,0.12218970098799325,0.2215979495061775,0.05082769369941657,trockenheit land,2.6759478603755724
-5.707881496258084,0.7391461385653866,0.1327531472821864,0.22887901601971605,0.052496782740428,land fluss+en,2.664921121477772
-5.717663992106594,0.744828671244522,0.14290361604029583,0.23588294178066815,0.054101538201695845,Warentransport,2.654389714340734
-5.717663992106594,0.744828671244522,0.14290361604029583,0.23588294178066815,0.054101538201695845,der ware+n+transport,2.654389714340734
-5.730049452920379,0.7519485892743227,0.15580706736786254,0.2447970783439638,0.05614281472447692,ware+n+transport rhein,2.641092547608012
-2.176667647461061,-1.0540277908193758,-0.08434658683907309,0.5318776672260247,-0.9433207284954771,kaum,6.60849752497068
-5.745174303938616,0.7605270236441357,0.17164334765412959,0.2557535627183606,0.05864998712873894,regulär,2.624910974920897
-5.745174303938616,0.7605270236441357,0.17164334765412959,0.2557535627183606,0.05864998712873894,kaum regulär,2.624910974920897
-4.967004150556048,0.21889533827766505,-0.5357664545816272,-0.21580902636157218,-0.05069904267651229,möglich,3.5093737013270316
-5.748957550038304,0.7626523400266843,0.1756180889531598,0.2585063372500064,0.05927959138499102,regulär möglich,2.6208733408497746
-5.765900836870565,0.7720675718463934,0.19348534874144596,0.27089454133113544,0.06211139964733749,Notfall,2.6028406822011356
-5.765900836870565,0.7720675718463934,0.19348534874144596,0.27089454133113544,0.06211139964733749,bilger not+fall,2.6028406822011356
-5.76867380276232,0.7735921737385438,0.19641985047381558,0.27293134696595567,0.06257674249115726,Laster,2.599897315122641
-5.76867380276232,0.7735921737385438,0.19641985047381558,0.27293134696595567,0.06257674249115726,not+fall laster,2.599897315122641
-5.771001617734791,0.7748684290528927,0.19888550694022666,0.2746432074541575,0.06296779137715648,laster sogar,2.5974281909965677
-3.9967278882344157,-0.24904388644377073,0.6682887762820028,-0.22744234647828374,-0.020258954784826907,sonntags,4.5840542130495
-5.7729282467656144,0.7759222321771118,0.20092776501962234,0.27606143872706346,0.06329172712501278,sogar sonntags,2.5953858112131756
-3.964950540751844,-0.2662050563011964,0.6676097955650632,-0.2351908902664331,-0.021689237600473657,sonntags fahr+en,4.61922944237271
-5.777781423646849,0.7785666735957553,0.20607840427060986,0.27963958502788266,0.06410885205228202,lassen,2.590245921730495
-5.777781423646849,0.7785666735957553,0.20607840427060986,0.27963958502788266,0.06410885205228202,fahr+en lass+en,2.590245921730495
-4.968217967353834,0.21982549423298248,-0.5348178668055319,-0.21520212990426063,-0.05055683877139988,der pegel,3.507944948045099
-5.606930334461799,0.6777269672018358,0.03012779406516304,0.15848056600556198,0.03632448524167904,pegel rhein+s,2.7749726427939763
-4.203913427535668,-0.2684853430351537,-0.482195705433084,-0.43469895257760716,-0.11427530308516567,Köln,4.387725417190524
-5.788385178130271,0.78429366316128,0.2173628937722808,0.2874855335032389,0.06589982253573874,rhein+s köln,2.579040221077393
-0.5959906675257161,-2.6710361778237135,-1.5954504584192892,-1.1413587005949135,-0.2842506640785846,deutlich,8.591112188591755
-5.790980221822082,0.7856844530121754,0.2201309610717463,0.28941152063481046,0.06633929840447468,köln deutlich,2.5763030415168258
-5.793676381034942,0.7871248986346795,0.22300955935070305,0.29141499409139515,0.06679638660606134,gering,2.573461386388489
-5.793676381034942,0.7871248986346795,0.22300955935070305,0.29141499409139515,0.06679638660606134,deutlich gering,2.573461386388489
-3.9710808408114113,-0.3126843224689919,0.9402330218064144,-0.16419241005990978,-0.002110599012409148,zahlreiche,4.6411099333767165
-5.796033727356011,0.7883805221462112,0.22552864956898558,0.29316873919565956,0.06719644219914077,gering zahlreich+e,2.570978655657794
-5.798289992196034,0.789578960243347,0.22794167097039184,0.29484906597106486,0.06757969938849571,zahlreich+e transport+e,2.5686039872834967
-3.5844851952379493,-0.4697526345014609,0.6418282797737686,-0.3261725189232733,-0.038804417037629865,per,5.039679274202073
-5.535598202254962,0.6316633917308245,-0.04006401627374111,0.11076639614432371,0.025321994420082608,transport+e per,2.8540735585288353
-5.801216466783069,0.79112848716019,0.23107430213162253,0.2970311189718621,0.06807731869906435,Schiff,2.5655262870153814
-5.801216466783069,0.79112848716019,0.23107430213162253,0.2970311189718621,0.06807731869906435,per schiff,2.5655262870153814
-3.1009007894528002,-0.7399677604176671,0.7429133102294128,-0.3947570104893262,-0.04826661370355349,Foto,5.583867516082052
-3.0638875718849894,-0.7617061468341157,0.759744569622028,-0.39713578692467466,-0.04822723132095842,picture,5.626270523059204
-3.0638875718849894,-0.7617061468341157,0.759744569622028,-0.39713578692467466,-0.04822723132095842,foto picture,5.626270523059204
-3.1541147712705957,-0.7278760584259127,0.8572704803219877,-0.35614267073077555,-0.0384637964966177,alliance,5.534841871022138
-3.1541147712705957,-0.7278760584259127,0.8572704803219877,-0.35614267073077555,-0.0384637964966177,picture alliance,5.534841871022138
-5.483082013396595,0.5965677915626508,-0.09052702336045595,0.07668338865687357,0.01744377392362491,Bonn.digital,2.9129175817105692
-5.483082013396595,0.5965677915626508,-0.09052702336045595,0.07668338865687357,0.01744377392362491,alliance bonn.digital,2.9129175817105692
-5.809739131255077,0.7956092883721857,0.2402155713480588,0.30340253070105494,0.06952984422958082,bonn.digital fehl+end+es,2.556578455803675
-5.593194096061701,0.6690132978942669,0.016462330322962987,0.14916338907380927,0.03417854468469396,+2008,2.7901252467881954
-5.818593982621387,0.8002138235763312,0.24974181197413148,0.3100486153948261,0.07104421946482516,führ+en +2008,2.5473062102742055
-5.819379781954385,0.8006199017606901,0.250588600625255,0.3106397003494805,0.07117886568356514,+2008 chars,2.5464845826273166
-5.45734871924601,0.579046004804022,-0.11488339050227758,0.060299221740124254,0.013651257760244104,Bundesverkehrsministerium,2.941921511722083
-5.45734871924601,0.579046004804022,-0.11488339050227758,0.060299221740124254,0.013651257760244104,rhein bundesverkehrsministerium,2.941921511722083
-4.917216168055017,0.18065312113951482,-0.5743140895023324,-0.2404102100501806,-0.05646570112791399,erwägt,3.568044920720201
-5.562287807185626,0.6491288448472328,-0.014024751252538006,0.12842560672771852,0.029397766092970692,bundesverkehrsministerium erwäg+t,2.8243597133612397
-5.026127859514348,0.2640657986736372,-0.4890644884054113,-0.18584441587889722,-0.043681298349590086,Aussetzung,3.4398787765583045
-5.536599041940054,0.6323230339550925,-0.039092366570747425,0.11142446554327878,0.025473954066774954,erwäg+t aussetzung,2.8529568958086102
-5.45734871924601,0.579046004804022,-0.11488339050227758,0.060299221740124254,0.013651257760244104,aussetzung sonntag+s+fahr+verbot,2.941921511722083
-5.21834929583569,0.40838600033453765,-0.3298766091630744,-0.08242420219337848,-0.019518163628707175,sonntag+s+fahr+verbot wegen,3.215614788236034
-3.073759183729554,-1.1199882038270763,-1.3053389700871363,-0.841829358280503,-0.20920560994545478,vieler,5.728287599220809
-5.313945464478613,0.4781303768057623,-0.24625754650091472,-0.027322769747203268,-0.006685803113920544,niedrigwasser+s viel+er,3.105312139215007
-4.926877938444748,0.18808733272847888,-0.5668883243812594,-0.2356803872020983,-0.05535666431488062,viel+er fluss+e,3.5566493657444966
-5.45734871924601,0.579046004804022,-0.11488339050227758,0.060299221740124254,0.013651257760244104,denkt,2.941921511722083
-5.45734871924601,0.579046004804022,-0.11488339050227758,0.060299221740124254,0.013651257760244104,fluss+e denk+t,2.941921511722083
-5.494306838041023,0.6041460992232046,-0.07982672043725342,0.08389498728371564,0.019111989546857097,denk+t steffen,2.900300134018081
-5.574940741503022,0.6573150031629751,-0.0015868738537728466,0.13687795411286796,0.03134705637348033,erweiterte,2.810321073571123
-5.574940741503022,0.6573150031629751,-0.0015868738537728466,0.13687795411286796,0.03134705637348033,bilger erweiter+t+e,2.810321073571123
-5.604147236235315,0.6759678538075424,0.027353278617295133,0.15658780207286144,0.03588864351740324,Lkw-Fahrzeiten,2.7780394985845263
-5.604147236235315,0.6759678538075424,0.027353278617295133,0.15658780207286144,0.03588864351740324,erweiter+t+e lkw+-+fahr+zeit+en,2.7780394985845263
0.6561316167977456,-2.715459598949279,0.5252042609322729,-0.848274514309043,-0.12520192197897673,Mit,9.76354751693926
-2.7178981856359306,-1.4957852768967497,-1.7983857145863067,-0.9491625758653919,-0.2233871292850717,Bahn,6.191614694690942
-5.656931855475639,0.7087527701794272,0.08047489299112179,0.19292316349260952,0.04424626816919909,mit bahn,2.72016337896617
-4.238838567810887,-0.13146385745589262,0.7606209358373544,-0.14387037178672135,-0.00267096430592198,laufen,4.324265506203276
-5.663789706058354,0.7129185820051751,0.087454118484406,0.19771201313569542,0.04534628925766131,bahn lauf+en,2.7126907550611103
-5.666400393628013,0.7144985181440049,0.0901157077895154,0.19953920190325058,0.04576591035780135,Gespräche,2.7098489733823268
-5.666400393628013,0.7144985181440049,0.0901157077895154,0.19953920190325058,0.04576591035780135,lauf+en gespräch+e,2.7098489733823268
-5.6448456177880955,0.7013569228824041,0.06821822602340351,0.184521600652516,0.04231554649258103,zusätzliche,2.7333599505794233
-5.6448456177880955,0.7013569228824041,0.06821822602340351,0.184521600652516,0.04231554649258103,gespräch+e zusätzlich+e,2.7333599505794233
-5.623504664899269,0.6881345615340406,0.04671168741488639,0.16980556778877998,0.038931172605756945,Gütertransporte,2.7567429368894953
-5.623504664899269,0.6881345615340406,0.04671168741488639,0.16980556778877998,0.038931172605756945,zusätzlich+e gut+er+transport+e,2.7567429368894953
-4.517327367975698,-0.08141856149019544,-0.6233778168583011,-0.39247243107211266,-0.10017213825696805,cdu wegen,4.028947159302641
-1.1508668995882285,-1.8307320232273074,-0.056834227741478865,-0.8318561367524046,-0.14501124257841025,niedrigwasser+s deutsch+en,7.760024217920696
-0.043051984947220845,-2.465042086316092,-0.27816565693423767,-0.9820241396550901,-0.1851439589156489,deutsch+en fluss+en,9.015544974966422
-5.0247087098666015,0.26298504264477174,-0.49019749922498845,-0.18657342068500585,-0.0438519488730377,vorübergehende,3.441544419497492
-5.528244305098925,0.626805585282497,-0.04719198731802765,0.10594092289195012,0.024207530553649007,fluss+en vor+übergeh+end+e,2.8622841338455607
-5.5808119613475276,0.661092315577076,0.0042049931203392635,0.1408177103383052,0.0322553053906464,vor+übergeh+end+e aussetzung,2.8038176732776483
-0.15326073414058694,-3.067862834354799,-2.1825200800313493,-1.306201602511734,-0.32090794491878455,Sonn-,9.14309507172292
-5.617422343895622,0.6843290355622271,0.04061378131421932,0.16563906261522066,0.0379723820916862,aussetzung sonn+-,2.763425811520408
-5.636479244924572,0.6961977818781124,0.059766354652508416,0.1787343786095581,0.04098499421095032,Feiertagsfahrverbots,2.742514637095547
-5.636479244924572,0.6961977818781124,0.059766354652508416,0.1787343786095581,0.04098499421095032,sonn+- feiertags+fahr+verbot+s,2.742514637095547
-2.4777365901256436,-1.669876727847552,-1.8951676844910768,-0.998005788152186,-0.23484497148758782,Lastwagen,6.4770925671571105
-5.672625437040817,0.7182524392709619,0.09647257463249527,0.20390526125540254,0.04676838470156207,feiertags+fahr+verbot+s last+wagen,2.7030795116442023
-5.6880831990749545,0.7274911620633102,0.11232137007958087,0.2148032116713977,0.04926932935724969,Gespräch,2.686310821492012
-5.6880831990749545,0.7274911620633102,0.11232137007958087,0.2148032116713977,0.04926932935724969,last+wagen gespräch,2.686310821492012
-5.204394183033061,0.39807307652750534,-0.34182848158986756,-0.09025679881031187,-0.02134475273381302,gebracht,3.2317938263584005
-5.696752580108932,0.732619746422156,0.12124981092164111,0.22095049788208487,0.050679233006017246,gespräch ge+bring+t,2.676932283978165
-5.7086781046347905,0.7396107944264234,0.13357836122826264,0.2294481470461741,0.052627212830142475,+2797,2.6640625898122683
-5.713298457053229,0.742299135534936,0.13836937962635731,0.23275336324758744,0.0533845798085789,+2797 chars,2.6590863505671285
-5.388852829064565,0.5051962232202234,0.054903271862877544,0.051164390094664836,0.0026097371319773327,Rhein-Pegelstand,3.0384485063714646
-5.359616799230743,0.483196760990773,0.039369620732532445,0.03512352476530284,-0.0015356418762530327,historischem,3.0727498849594883
-5.359616799230743,0.483196760990773,0.039369620732532445,0.03512352476530284,-0.0015356418762530327,rhein+-+pegel+stand historisch+em,3.0727498849594883
-5.3387915372872286,0.46730015599693653,0.028574124593698146,0.023876343319131133,-0.004453624931888278,historisch+em tief,3.097298902949152
-4.4924678440807,-0.0999831633489836,-0.6236791967670094,-0.4004695732616001,-0.10263933227244632,Bundesregierung,4.058738767459071
-5.530575463862467,0.5657341279660946,0.20983959101332603,0.1454635574328964,0.022997521324028478,tief bund+es+regierung,2.89489213898042
-5.499160737476531,0.5386413926448523,0.1961052005088455,0.12788510732411473,0.018242970734879585,bund+es+regierung sonntag+s+fahr+verbot,2.9332730795505375
-4.620149214416228,-0.01576825539636939,-0.4903689975916926,-0.3386801152313169,-0.09002360677154096,aussetzen,3.9148954091984263
-4.930721301757122,0.1934595678271298,-0.26160930837209784,-0.19238078156868632,-0.05621124876718084,lkw aus+setz+en,3.560725697850096
-5.415699861164175,0.4623985714073735,0.16188984614002896,0.0831460726773604,0.005985552556363807,aus+setz+en verkehr+s+minister,3.037260341863069
-4.866329220954768,0.1285281285224491,-0.2612193671273517,-0.2149315550207062,-0.06353415582679363,kündigt,3.645016542367314
-5.35105175093403,0.3988650258768991,0.13756940075500082,0.050471200064616695,-0.003130273496365771,verkehr+s+minister kündig+t,3.1199171694196406
-5.2714138511836275,0.3154068947461921,0.10964075614272167,0.012525236622963787,-0.01389606872568562,kündig+t spitze+n+treffen,3.224175746461905
-3.9781178854848145,-0.9303490761222784,-0.4072876171952263,-0.4448392886233211,-0.1380478133187633,spitze+n+treffen industrie,4.880115060616735
-4.581829192209842,-0.2564020457261593,-0.24204470206468812,-0.28914166007044206,-0.09141413234082787,Logistikbranche,4.061687714942101
-4.581829192209842,-0.2564020457261593,-0.24204470206468812,-0.28914166007044206,-0.09141413234082787,industrie logistik+branche,4.061687714942101
-3.692126231751936,-0.47397091392451385,0.752207914273746,-0.2877696995266911,-0.041904836793491315,schnelle,4.952144134072229
-5.202595747922787,0.32030626194985423,0.013856756774647684,-0.035718239852332356,-0.022880069251535767,logistik+branche schnell+e,3.2785394925396103
-5.187908926233968,0.3299868907504646,-0.01990580547551689,-0.04856076185687008,-0.024763811240415004,schnell+e maßnahme+n,3.2859605828835616
-4.0361154438586215,-0.3864539679970016,-0.6684642313280856,-0.5373783205640629,-0.1352443237768658,Schiffe,4.577478036833556
-4.076934403686706,-0.4020472531281385,-0.8506787575554039,-0.5544110944129284,-0.1398060817822518,schiff+e wegen,4.546809959494851
-4.338813470669036,-0.21172862985809182,-0.7104113939368305,-0.4602904489875208,-0.11709307100762847,zurzeit,4.238970131895487
-4.51143189298124,-0.08733006837214718,-0.5970905817913483,-0.3904985676731891,-0.10083190236575089,niedrigwasser+s zurzeit,4.037518981407884
-4.764872616968034,0.09330472228071285,-0.42842005499349267,-0.27989888649993283,-0.07476565822800219,wenig,3.7432334334098107
-4.764872616968034,0.09330472228071285,-0.42842005499349267,-0.27989888649993283,-0.07476565822800219,zurzeit wenig,3.7432334334098107
-4.833779087819025,0.14194591291180703,-0.38162590428515597,-0.24794655363875218,-0.06718923354348968,transportieren,3.6635776605305486
-4.833779087819025,0.14194591291180703,-0.38162590428515597,-0.24794655363875218,-0.06718923354348968,wenig transportier+en,3.6635776605305486
-5.11228836542553,0.33211861864870795,-0.17484383680121474,-0.10748015495552812,-0.03422460829803817,der neu+e,3.34557169582027
-4.483114959955741,-0.10631367115139922,-0.6452720411542309,-0.4065432305398646,-0.1034932476935795,neu+e bund+es+verkehr+s+minister,4.068972688950631
-5.210311711766394,0.3909859408108134,-0.08384650948209821,-0.05145503079246083,-0.021698697290105526,bilger angesichts,3.2379782648990467
-4.967521023892072,0.23122242430467632,-0.27232147542178153,-0.18059400751263102,-0.05186927406421639,angesichts extrem+en,3.511962069119242
-4.413362980453616,-0.15782171617790852,-0.6622265521621848,-0.43076013465719143,-0.11020877888235871,extrem+en niedrigwasser+s,4.1518302714031865
-3.289917387981628,-0.9720827547893736,-1.2606936081473192,-0.7934994314480395,-0.19596443426813215,Donau,5.474477621259158
-4.915165364663061,0.1843723948783349,-0.2762978218889398,-0.20066826828660533,-0.058009630776989396,rhein donau,3.5777282031048583
-4.971183731270303,0.21707438913871324,-0.2243978266558628,-0.1707821295868895,-0.051478304350508444,Konsequenzen,3.5164908260575767
-5.218019298432985,0.3663480523627902,-0.02193325480741426,-0.036944710881102516,-0.020825265985342387,donau konsequenz+en,3.2440063710986045
-4.255583921084079,-0.2769003776944028,-0.7038751740659959,-0.4832356418213136,-0.12464774286866272,ziehen,4.34044539799853
-5.25202363483125,0.3694456748044357,0.02886931449772781,-0.013021388002315337,-0.016397756822754156,konsequenz+en zieh+en,3.2148596675715027
3.5647102394803873,-4.2050232607088756,0.9138562893221264,-0.8712620397897979,-0.10966974130064822,Nach,13.016505995187368
-5.242109090867025,0.31916215078639776,0.06909763265191093,-0.008188309844088415,-0.017746176782867204,nach spitze+n+treffen,3.246602744068208
-5.389575211833684,0.42861879043793705,0.1604583091243893,0.07155130733311016,0.002225869049863799,+3263,3.074440495214652
-5.389575211833684,0.42861879043793705,0.1604583091243893,0.07155130733311016,0.002225869049863799,logistik+branche +3263,3.074440495214652
-5.411244741605467,0.45052661265915805,0.16814184871505417,0.08248105749681317,0.0053082981597452755,+3263 char+s,3.0464600468552145
-3.366529063275398,-1.0156124132466173,-1.5097235006323786,-0.7963750457492836,-0.18743454048944674,setzt,5.418390918266006
-5.069398422835136,0.29692707668436724,-0.4542291085815262,-0.16338116578009004,-0.03842505603045712,rheinland-pfalz setz+t,3.389154855751545
-5.544465909690511,0.6374954217194975,-0.03144192642578074,0.11660826633406624,0.026670778445797114,setz+t sonn+-,2.844186105196812
-3.1255584979989477,-1.1957346895180292,-1.6220669903700542,-0.8570518813343077,-0.20172810040879002,Feiertagsfahrverbot,5.706002683056986
-3.1255584979989477,-1.1957346895180292,-1.6220669903700542,-0.8570518813343077,-0.20172810040879002,sonn+- feiertags+fahr+verbot,5.706002683056986
-3.599108486059749,-0.8398161248797322,-1.3947348462235516,-0.7327604593036393,-0.17243505074086668,feiertags+fahr+verbot lkw,5.140462230098528
-5.639908377338092,0.6983162277507269,0.06322731846883707,0.1811035737434813,0.04152976153560729,zeitweise,2.738760469195193
-5.639908377338092,0.6983162277507269,0.06322731846883707,0.1811035737434813,0.04152976153560729,lkw zeitweise,2.738760469195193
-5.66110514176129,0.7112905162587813,0.08471991274632355,0.19583550111330883,0.044915287521388195,zeitweise der,2.7156146491389865
-5.672625437040817,0.7182524392709619,0.09647257463249527,0.20390526125540254,0.04676838470156207,neu+e verkehr+s+minister,2.7030795116442023
-5.038150718498763,0.27321443352823205,-0.4794417215599499,-0.17964882185354947,-0.042231162438476536,verkehr+s+minister steffen,3.4257727472880797
-5.718368449375605,0.7452358906072123,0.14363597423601687,0.23638856102182226,0.05421735616305361,Maßnahme,2.6536323005579376
-5.718368449375605,0.7452358906072123,0.14363597423601687,0.23638856102182226,0.05421735616305361,bilger maßnahme,2.6536323005579376
-5.711787866132976,0.7414214585653942,0.13680209870419002,0.2316719507696191,0.053136801128791614,ausgesprochen,2.6607126807919714
-5.711787866132976,0.7414214585653942,0.13680209870419002,0.2316719507696191,0.053136801128791614,maßnahme aus+ge+sprech+en,2.6607126807919714
-1.6334504725192787,-1.52644215613175,0.8346566512211628,-0.5836083788473132,-0.07719923534158421,Nun,7.222151823548547
-5.69583163368199,0.7320767737436586,0.12029998861173104,0.22029626849868167,0.05052921141470747,nun setz+t,2.6779276610126312
-5.690086625825142,0.7286797590337888,0.1143821256660199,0.21622154855431708,0.049594683306138296,Mainz,2.6841418306919804
-5.690086625825142,0.7286797590337888,0.1143821256660199,0.21622154855431708,0.049594683306138296,setz+t mainz,2.6841418306919804
-0.8705793319667912,-2.4750254665480713,-1.6631627541551237,-1.1587883815757247,-0.28821764944134926,Lkw-Fahrverbot,8.259612141389683
-5.679578734452111,0.7224230157499469,0.10359053047917169,0.2087974879512493,0.04789131942523302,mainz lkw+-+fahr+verbot,2.6955292379651428
-5.098415178627242,0.3188562779977109,-0.43055076086893473,-0.14805810277358145,-0.03484197838507526,außer,3.3552113744893584
-5.66110514176129,0.7112905162587813,0.08471991274632355,0.19583550111330883,0.044915287521388195,lkw+-+fahr+verbot außer,2.7156146491389865
-5.1033945300270585,0.32261003246198783,-0.42646145578551986,-0.1454073472870237,-0.03422234136237151,Kraft,3.349392680660373
-5.1033945300270585,0.32261003246198783,-0.42646145578551986,-0.1454073472870237,-0.03422234136237151,außer kraft,3.349392680660373
-5.168981868886353,0.37177148641143765,-0.3718729065615133,-0.10989811262090737,-0.025927763237317963,Kritik,3.2729289385458573
-5.629261449238527,0.6917214456622396,0.05249613114242866,0.17376036094908354,0.039841007421476435,kritik komm+t,2.750425246689221
-5.599350473718381,0.6729283385518696,0.02257817731739859,0.15333154189406506,0.03513871194603256,Gewerkschaft,2.783329173746018
-5.599350473718381,0.6729283385518696,0.02257817731739859,0.15333154189406506,0.03513871194603256,komm+t gewerkschaft,2.783329173746018
-5.562287807185626,0.6491288448472328,-0.014024751252538006,0.12842560672771852,0.029397766092970692,Verdi,2.8243597133612397
-5.562287807185626,0.6491288448472328,-0.014024751252538006,0.12842560672771852,0.029397766092970692,gewerkschaft verdi,2.8243597133612397
-4.853556721496263,0.13153435335826846,-0.6225962996768176,-0.27105408723586866,-0.06365474316911729,setz+t wegen,3.643237475971587
-2.9435985687809847,-1.3303817120924295,-1.7027669829610979,-0.8996970342307509,-0.2117627987040718,anhaltenden,5.922912218903854
-3.483682798487287,-0.9272976606116221,-1.4526543058210104,-0.76498909441634,-0.18003551802501724,wegen an+halt+end+en,5.278430094144161
-1.3600899698763298,-2.4563374683295334,-2.2907080912026836,-1.1835873763827371,-0.2780934412043538,an+halt+end+en niedrigwasser+s,7.799623512321356
-5.450238950061034,0.5741698461917373,-0.12157010396525228,0.055808744172934854,0.0126112378000416,rhein sonn+-,2.9499534937149052
-5.2350476397882755,0.420685230448979,-0.3154910672305089,-0.07298231840062236,-0.017317083042003897,bestimmte,3.196279716917078
-5.2350476397882755,0.420685230448979,-0.3154910672305089,-0.07298231840062236,-0.017317083042003897,feiertags+fahr+verbot bestimm+t+e,3.196279716917078
-5.617422343895622,0.6843290355622271,0.04061378131421932,0.16563906261522066,0.0379723820916862,Lkw-Transporte,2.763425811520408
-5.617422343895622,0.6843290355622271,0.04061378131421932,0.16563906261522066,0.0379723820916862,bestimm+t+e lkw+-+transport+e,2.763425811520408
-4.774826524668997,0.07051847325580862,-0.6808053261121978,-0.3077433886686261,-0.07227007252332104,vorübergehend,3.73646534574195
-5.6448456177880955,0.7013569228824041,0.06821822602340351,0.184521600652516,0.04231554649258103,lkw+-+transport+e vor+übergeh+end,2.7333599505794233
-5.346582679677677,0.501532400342769,-0.2169959793550191,-0.007916829711111184,-0.002174084066908888,vor+übergeh+end außer,3.0678874487964283
-0.543368970559321,-2.813587703865696,-2.1314789216795047,-1.2463592005851751,-0.3002397055510017,Auch,8.685256517534246
-5.690086625825142,0.7286797590337888,0.1143821256660199,0.21622154855431708,0.049594683306138296,Saarland,2.6841418306919804
-5.690086625825142,0.7286797590337888,0.1143821256660199,0.21622154855431708,0.049594683306138296,auch saarland,2.6841418306919804
-5.702930668861978,0.7362508239601673,0.1276299441545184,0.2253467498660534,0.05168716274765213,saarland transport+e,2.6702604876099505
-5.7140430893073795,0.7427313274755496,0.1391422755445795,0.23328672044256615,0.05350677835206914,alle…,2.658284886398466
-5.7140430893073795,0.7427313274755496,0.1391422755445795,0.23328672044256615,0.05350677835206914,transport+e alle…,2.658284886398466
-5.719066564662592,0.7456391778182996,0.14436192509838353,0.23688979446026392,0.05433216541318307,+8766,2.6528818355528894
-5.719066564662592,0.7456391778182996,0.14436192509838353,0.23688979446026392,0.05433216541318307,alle… +8766,2.6528818355528894
-5.723127279798504,0.7479796988837659,0.14858821787720894,0.23980858970173813,0.05500064445236803,+8766 chars,2.6485191943757784
-5.742193958251121,0.7588469409198735,0.16851596089057866,0.253588430835052,0.05815469757652937,tief bilger,2.628094542382472
-2.566476316594457,-1.019349362808594,0.31657395522937903,-0.5821600914022083,-0.09273793243601476,zieht,6.164877914488447
-5.73854850686304,0.7567850122246957,0.1646952265280916,0.2509442328039141,0.05754971259788398,bilger zieh+t,2.6319919254543467
-5.735267701631583,0.7549228773464396,0.16126097498420106,0.2485683956732304,0.057006029130014665,zieh+t aussetzung,2.635502601425842
-4.094177580283977,-0.39507792997488567,-0.9149966561010978,-0.5579929835059487,-0.13801441026017797,Sonntagsfahrverbots,4.526601316174659
-5.726353179046086,0.7498325962324321,0.15195011412881626,0.24213131975174995,0.05553251009655878,aussetzung sonntag+s+fahr+verbot+s,2.6450565893534557
-4.41113937043731,-0.15934634786128177,-0.7089314937261437,-0.4379993375705613,-0.11025576208220936,sonntag+s+fahr+verbot+s lkw,4.152938359490451
-5.703776884967462,0.7367466194565926,0.12850496366741082,0.22594991184022883,0.05182542580429621,Betracht,2.6693474115072413
-5.703776884967462,0.7367466194565926,0.12850496366741082,0.22594991184022883,0.05182542580429621,lkw betracht,2.6693474115072413
-5.69583163368199,0.7320767737436586,0.12029998861173104,0.22029626849868167,0.05052921141470747,betracht verkehr+s+minister,2.6779276610126312
-5.659734043501373,0.7104576762583299,0.08332451726449058,0.19487803391550262,0.044695353397153595,bilger erwäg+t,2.7171086418589248
-5.641580895854297,0.6993475317912954,0.06491698098295612,0.18226054048749674,0.04179576126613384,erwäg+t vor+übergeh+end+e,2.7369303884057814
-5.381064189451765,0.5259966481427483,-0.18567669031765058,0.012924225998002359,0.0026665975945706077,Aufhebung,3.028492486798126
-5.381064189451765,0.5259966481427483,-0.18567669031765058,0.012924225998002359,0.0026665975945706077,vor+übergeh+end+e aufhebung,3.028492486798126
-5.49787369879276,0.606545725967014,-0.07641681703210257,0.0861948825185006,0.019643869035585945,aufhebung sonntag+s+fahr+verbot+s,2.8962951943745097
-4.923513258065917,0.18549906613787304,-0.5694772889523252,-0.237329928286491,-0.0557434264760204,sonntag+s+fahr+verbot+s last+wagen,3.5606173066971376
-5.504850962164284,0.6112276637350433,-0.06973300433582164,0.09070539935346866,0.02068678235447889,fluss+en erwäg+t,2.8884672853686135
-5.536599041940054,0.6323230339550925,-0.039092366570747425,0.11142446554327878,0.025473954066774954,erwäg+t bund+es+verkehr+s+minister,2.8529568958086102
-5.652571012917175,0.7060921548733605,0.0760461613320348,0.18988616418096993,0.04354847389743967,cdu not+fall+maßnahme,2.724920918772043
-5.679578734452111,0.7224230157499469,0.10359053047917169,0.2087974879512493,0.04789131942523302,not+fall+maßnahme vor+übergeh+end+e,2.6955292379651428
-5.734139976156062,0.7542813933390891,0.1600814466039031,0.24775258471280492,0.05681931852531767,st…,2.6367100246295356
-5.734139976156062,0.7542813933390891,0.1600814466039031,0.24775258471280492,0.05681931852531767,der st…,2.6367100246295356
-5.7369268880333735,0.7558653676893043,0.16299725341162108,0.24976945891143154,0.057280890529571624,+2526,2.6337267931279187
-5.7369268880333735,0.7558653676893043,0.16299725341162108,0.24976945891143154,0.057280890529571624,st… +2526,2.6337267931279187
-5.740133965632322,0.757682705621435,0.16635629995748183,0.2520936761707816,0.057812716207908274,+2526 char+s,2.63029644539848
-5.604147236235315,0.6759678538075424,0.027353278617295133,0.15658780207286144,0.03588864351740324,Vorstoß,2.7780394985845263
-5.604147236235315,0.6759678538075424,0.027353278617295133,0.15658780207286144,0.03588864351740324,nach vorstoß,2.7780394985845263
-5.571896102238393,0.6553508626632716,-0.004585258756588939,0.13483933596102987,0.03087699923163477,vorstoß verkehr+s+minister,2.8136962596080153
-5.494306838041023,0.6041460992232046,-0.07982672043725342,0.08389498728371564,0.019111989546857097,Zoff,2.900300134018081
-5.494306838041023,0.6041460992232046,-0.07982672043725342,0.08389498728371564,0.019111989546857097,verkehr+s+minister zoff,2.900300134018081
-5.442801692912675,0.569053339408631,-0.12854515583552983,0.051128116202292406,0.011526911776878881,zoff sonntag+s+fahr+verbot,2.9583638144697644
-3.1353427177874584,-1.0997681889952027,-1.4035274844604673,-0.8402896069122278,-0.2045486694190125,lkw niedrigwasser,5.6620524595455075
-5.29794004034585,0.4665724692500628,-0.26047320373733385,-0.036727374190715756,-0.008873767943932659,gefährdet,3.1237112267744354
-5.29794004034585,0.4665724692500628,-0.26047320373733385,-0.036727374190715756,-0.008873767943932659,niedrigwasser gefährd+et,3.1237112267744354
-3.838645637728348,-0.5761170163165366,-0.9234120461489456,-0.6254645386314148,-0.15870753245816296,Lieferketten,4.8295547213955485
-5.418245436811011,0.5520489854581827,-0.15143317023301647,0.035794085101232276,0.007972713380044835,gefährd+et liefer+kette+n,2.9861921029166947
-5.509849025709253,0.614571570636196,-0.06493408602243575,0.09394591122478435,0.02143588309105167,liefer+kette+n streit,2.882865050911692
-5.224530994073216,0.41294445277697767,-0.32456183946279504,-0.0789377069910207,-0.018705293520637115,Aus,3.2084538386650965
-5.551891165437169,0.6423567180571599,-0.024199740154741148,0.12151934004027792,0.027804298435019317,streit aus,2.835918328932521
-5.442801692912675,0.569053339408631,-0.12854515583552983,0.051128116202292406,0.011526911776878881,aus sonntag+s+fahr+verbot,2.9583638144697644
-5.623504664899269,0.6881345615340406,0.04671168741488639,0.16980556778877998,0.038931172605756945,entbrennt,2.7567429368894953
-5.623504664899269,0.6881345615340406,0.04671168741488639,0.16980556778877998,0.038931172605756945,sonntag+s+fahr+verbot entbrenn+t,2.7567429368894953
-5.031163551538722,0.2678992628313204,-0.4850392987458664,-0.18325369724916504,-0.04307487925639962,TTS-Player,3.4339694494436195
-5.095195308061614,0.31642743625874603,-0.43319100789278076,-0.14976886324419836,-0.035241915682116084,überspringenArtikel,3.358974970054821
-5.095195308061614,0.31642743625874603,-0.43319100789278076,-0.14976886324419836,-0.035241915682116084,tts-player überspringenartikel,3.358974970054821
-5.178870046174037,0.37913399245889745,-0.3635244012255834,-0.10444726961655271,-0.024655523783068234,weiterlesenBerlin,3.261431644109652
-5.178870046174037,0.37913399245889745,-0.3635244012255834,-0.10444726961655271,-0.024655523783068234,überspringenartikel weiterlesenberlin,3.261431644109652
-5.701211760713637,0.7352425634269062,0.12585336562674831,0.22412230024535207,0.051406463817456435,weiterlesenberlin der,2.6721157755524074
-5.2056754845028586,0.40529398984596465,-0.09318405200678373,-0.025284814151132262,0.004110142671402042,Lage,3.234276907231556
-5.704614477520472,0.7372369913086465,0.12937133401076886,0.22654716574411193,0.05196232882255404,der lage,2.6684438223690226
-5.711787866132976,0.7414214585653942,0.13680209870419002,0.2316719507696191,0.053136801128791614,lage deutschland+s,2.6607126807919714
-5.721123802672127,0.7468260586126949,0.1465022659411952,0.23836781387179629,0.054670687115671066,deutschland+s fluss+en,2.650671085545076
-5.726353179046086,0.7498325962324321,0.15195011412881626,0.24213131975174995,0.05553251009655878,spitzt,2.6450565893534557
-5.726353179046086,0.7498325962324321,0.15195011412881626,0.24213131975174995,0.05553251009655878,fluss+en spitz+t,2.6450565893534557
-5.738012052993054,0.7564809462238036,0.16413340334673554,0.25055550232610124,0.05746076240612304,anhaltende,2.6325657633133948
-5.738012052993054,0.7564809462238036,0.16413340334673554,0.25055550232610124,0.05746076240612304,der an+halt+end+e,2.6325657633133948
7.082418397580147,-6.074316526124646,1.5559126940336605,-0.7037004241887275,-0.038636331959619574,Hitze,16.99591794742923
-5.743700115869645,0.7596966310001971,0.17009600747188935,0.2546822310380763,0.05840492201727089,an+halt+end+e hitze,2.62648537419779
-5.232897927317149,0.41910441996556,-0.3173482047138452,-0.07420212436763274,-0.017601393066943832,sorgt,3.1987673572226885
-5.746617646141565,0.7613388277438433,0.17315910812121904,0.25680319529882867,0.05889007006851606,hitze sorg+t,2.6233701073940017
-5.540746573325041,0.6350527871949339,-0.0350618179001909,0.11415496534301622,0.02610441124727088,sinkende,2.84833136535987
-5.751219357254495,0.763918988665734,0.17799696705293372,0.2601544091768013,0.0596564715963525,sorg+t sink+end+e,2.618461373019246
-5.755107263833126,0.7660892902350913,0.18209063064652692,0.2629914196037202,0.06030513094140509,sink+end+e pegel+stand+e,2.614318737039006
1.4888981353526916,-3.156328203252086,0.41126903833427975,-0.9149198019282342,-0.13674085559654986,Folge,10.694304731779333
-5.762998760039757,0.770467020728665,0.1904173199457775,0.268765713323025,0.061624957314376186,folge schiff+e,2.6059234914251426
-5.770345540988544,0.7745090597698883,0.19819037402229409,0.2741605453706051,0.06285753952063512,schiff+e mehr,2.5981239337264412
-5.771972616358713,0.7753998168779388,0.1999146065383026,0.27535782097290573,0.0631310193152106,voll,2.5963987186910242
-5.771972616358713,0.7753998168779388,0.1999146065383026,0.27535782097290573,0.0631310193152106,mehr voll,2.5963987186910242
-5.7735569958640856,0.7762656462858515,0.20159455177703392,0.2765245484147968,0.06339749774742647,beladen,2.594719524080478
-5.7735569958640856,0.7762656462858515,0.20159455177703392,0.2765245484147968,0.06339749774742647,voll belad+en,2.594719524080478
-5.7771961324664804,0.7782485242500203,0.20545676931948262,0.27920763507565727,0.06401022128981006,+1753,2.590865419660632
-5.7771961324664804,0.7782485242500203,0.20545676931948262,0.27920763507565727,0.06401022128981006,belad+en +1753,2.590865419660632
-5.778934710950546,0.7791929510396911,0.2073036822066962,0.28049106378671984,0.06430326794544498,+1753 chars,2.5890255303910834
-5.312718481476665,0.4808021649099061,-0.08079843877749177,-0.005721135205765615,-0.0076624697502730155,dürre steffen,3.1104748154111133
-0.11719204642016834,-3.2054023104782314,-2.5005564468669337,-1.3285888536617576,-0.3160023853252266,wegen niedrigwasser,9.225956687383515
-5.168209079968252,0.3844264201478249,-0.20019341565699086,-0.08797954773464595,-0.026879787243392336,Landtransporte,3.2735596491054038
-5.168209079968252,0.3844264201478249,-0.20019341565699086,-0.08797954773464595,-0.026879787243392336,niedrigwasser land+transport+e,3.2735596491054038
-3.961176568788467,-0.4898006219328779,-0.8495449313155649,-0.5840256392255425,-0.14924451735380725,ausbauen,4.686690531876294
-5.296959372633925,0.4690675796348178,-0.08646526902202353,-0.013805874333641,-0.009851573113731443,land+transport+e aus+bau+en,3.1290110375658235
-5.1959319194428,0.4025509009176489,-0.17273245975540025,-0.07187448657084494,-0.02330708434637628,aus+bau+en wegen,3.242553772888587
-4.2084892787840715,-0.3160181250566003,-0.8835649579556607,-0.5212869653422604,-0.12813673845625337,Rhein-Niedrigwassers,4.392978734476334
-4.959146795422585,0.23866685634235374,-0.3645680231650088,-0.19802767443948227,-0.05260960311599967,wegen rhein+-+niedrigwasser+s,3.51303096146622
-5.240830087426216,0.43112225390135883,-0.12757421751876896,-0.04531286002744711,-0.01742987382609991,rhein+-+niedrigwasser+s bund+es+verkehr+s+minister,3.1927231578032615
-5.2309538291067135,0.42714133438038404,-0.15138671210929286,-0.05327629578021409,-0.018675406364254965,bund+es+verkehr+s+minister bilger,3.202237581629127
-5.418467371185441,0.5403643016767552,0.03761604856422613,0.06225990480719085,0.007045971441262774,Ausnahmen,2.9970771137284133
-5.418467371185441,0.5403643016767552,0.03761604856422613,0.06225990480719085,0.007045971441262774,bilger ausnahme+n,2.9970771137284133
-5.456819555804898,0.561562392723846,0.07642348068439454,0.0869535735176924,0.012564160571209335,ausnahme+n sonntag+s+fahr+verbot,2.9560348271881156
-5.516381158049734,0.5906059889589232,0.14230200900370843,0.12692407591287858,0.021272203639731216,auch mehr,2.8941983299390746
-5.521433060268896,0.592654015633838,0.14851920332520258,0.1304581999188062,0.02201582429738909,Fracht,2.889155865750595
-5.521433060268896,0.592654015633838,0.14851920332520258,0.1304581999188062,0.02201582429738909,mehr fracht,2.889155865750595
-5.5158974227065,0.5881778623920109,0.14640986618251162,0.12735589513627155,0.02116929669027824,Schienenwegen,2.8957977820787337
-5.5158974227065,0.5881778623920109,0.14640986618251162,0.12735589513627155,0.02116929669027824,fracht schiene+n+weg+en,2.8957977820787337
-4.552556859211608,-0.06307928267732543,-0.5360206878101854,-0.36782924254231086,-0.09682826200971545,transportiert,3.9930200573186796
-5.492143223905469,0.5733399090677229,0.12816586016323625,0.11262350593238418,0.01762337996752876,schiene+n+weg+en transportier+t,2.922119622162944
-4.1350935187407725,-0.3613462458982495,-0.8610137760294488,-0.5398154886480184,-0.13478900543067787,aktuellen,4.477747780961856
-5.012997484401744,0.26629211558827226,-0.253777507241724,-0.1600446498288196,-0.0464210061894548,wegen aktuell+en,3.457805806328339
-4.435761057159947,-0.14090418658929615,-0.6660155687646767,-0.4243998055708956,-0.10804664506033669,aktuell+en niedrigwasser+s,4.124756503784889
-5.191205918239929,0.3718696069473253,-0.08310429794371185,-0.0593097725466446,-0.024229820619720788,Frachttransporte,3.262855710873202
-5.191205918239929,0.3718696069473253,-0.08310429794371185,-0.0593097725466446,-0.024229820619720788,rhein fracht+transport+e,3.262855710873202
-5.296180716421109,0.4210114062484438,0.02916212268905627,0.005387406585059151,-0.01040742538486869,fracht+transport+e land,3.1542575774760926
-5.30744540171639,0.42319663300105015,0.04503383218987343,0.013213009593803116,-0.008903001069436936,land aus+bau+en,3.144076466134998
-4.745691480566117,0.0656651638119281,-0.3858100528282329,-0.27926702578898777,-0.07687206191938212,gab,3.7733660147387833
-5.32375163241276,0.416984340314386,0.07925373826535613,0.026850112119068514,-0.006751693102305126,der geb,3.1337745160454173
-5.324609638835125,0.4118017654306969,0.08679137351006148,0.028737587638461126,-0.006655849528013333,geb bilger,3.1355260050653677
-5.303833052169223,0.3623948748262358,0.10958569878275232,0.025117499724945813,-0.009559440307458214,Treffen,3.175694608622457
-5.303833052169223,0.3623948748262358,0.10958569878275232,0.025117499724945813,-0.009559440307458214,bilger treffen,3.175694608622457
-5.250761191676865,0.28276882363120315,0.11059045259127215,0.005062728171244368,-0.016595000204192245,Vertretern,3.2562808736182403
-5.250761191676865,0.28276882363120315,0.11059045259127215,0.005062728171244368,-0.016595000204192245,treffen vertreter+n,3.2562808736182403
-4.925104654953763,-0.142803918682894,0.022707523021263054,-0.11796207620694207,-0.0543147223095152,Industrie-,3.721641791302868
-4.925104654953763,-0.142803918682894,0.022707523021263054,-0.11796207620694207,-0.0543147223095152,vertreter+n industrie+-,3.721641791302868
-5.319395470317336,0.33640056750079395,0.1513587336328867,0.040984338193838454,-0.007508225707836491,+2105,3.1748759384469243
-5.319395470317336,0.33640056750079395,0.1513587336328867,0.040984338193838454,-0.007508225707836491,industrie+- +2105,3.1748759384469243
-5.357713256816773,0.37981438245687893,0.1632913331501949,0.05895988776143479,-0.0022749058288637075,+2105 char+s,3.1232606789428963
1.996919769892548,-4.645650557438547,-3.143270684215115,-1.4878379206030234,-0.3463758307014319,Deutschlandticket,11.723191230967947
-1.638781454793576,-2.2636353764302286,-2.1994449022023033,-1.1428987490770495,-0.26866209504707733,teurer,7.470745695272288
-5.355480432144715,0.5078717638891739,-0.2089542088793571,-0.002572462967819822,-0.000932296530750179,deutsch+land+ticket teuer+er,3.057707174867378
-5.435010588070519,0.5636764486971488,-0.13583055693574905,0.04624302980696937,0.01039493282260838,Flüge,2.967183319905522
-5.435010588070519,0.5636764486971488,-0.13583055693574905,0.04624302980696937,0.01039493282260838,teuer+er flug+e,2.967183319905522
-5.476938395520829,0.592403102981887,-0.09636394588504191,0.07275303712576253,0.01653430829476936,billiger,2.9198322847429057
-5.476938395520829,0.592403102981887,-0.09636394588504191,0.07275303712576253,0.01653430829476936,flug+e billig+er,2.9198322847429057
-5.528244305098925,0.626805585282497,-0.04719198731802765,0.10594092289195012,0.024207530553649007,Ökologisch,2.8622841338455607
-5.528244305098925,0.626805585282497,-0.04719198731802765,0.10594092289195012,0.024207530553649007,billig+er ökologisch,2.8622841338455607
-5.571896102238393,0.6553508626632716,-0.004585258756588939,0.13483933596102987,0.03087699923163477,sozial,2.8136962596080153
-5.571896102238393,0.6553508626632716,-0.004585258756588939,0.13483933596102987,0.03087699923163477,ökologisch sozial,2.8136962596080153
-5.601773996297336,0.6744652285892774,0.024989669498563266,0.15497579339566858,0.03551740969152185,wirtschaftlich,2.7806560048743294
-5.601773996297336,0.6744652285892774,0.024989669498563266,0.15497579339566858,0.03551740969152185,sozial wirtschaftlich,2.7806560048743294
-5.632932586057092,0.6940011344911503,0.05619146548976025,0.17628809803778633,0.04042241403864026,Unsinn,2.7464002675989714
-5.632932586057092,0.6940011344911503,0.05619146548976025,0.17628809803778633,0.04042241403864026,wirtschaftlich unsinn,2.7464002675989714
-5.1404658643374255,0.35046431474276907,-0.3957736503640573,-0.12547359592781562,-0.029564631652875123,Unser,3.3061315626022982
-5.6448456177880955,0.7013569228824041,0.06821822602340351,0.184521600652516,0.04231554649258103,unsinn unser,2.7333599505794233
-5.654046338888193,0.7069932765972538,0.0775436465882786,0.19091290631979696,0.043784398370774094,Leser,2.72331088656442
-5.654046338888193,0.7069932765972538,0.0775436465882786,0.19091290631979696,0.043784398370774094,unser leser,2.72331088656442
-1.3787010999232079,-1.646203415455155,0.543431631233134,-0.6886880838956289,-0.10734497806905405,kritisiert,7.492829694909015
-5.662456877255204,0.7121107144254992,0.08609630150355413,0.19678006321271435,0.045132243535999,leser kritisier+t,2.7141421915701267
-5.680687387640325,0.7230857651796851,0.10472713589531127,0.20957902136443418,0.04807067377491846,Verkehrsplanungen,2.69432649730031
-5.680687387640325,0.7230857651796851,0.10472713589531127,0.20957902136443418,0.04807067377491846,kritisier+t verkehr+s+planung+en,2.69432649730031
-3.599416132616504,-0.8395823439128764,-1.3945781404718944,-0.7326727580512555,-0.17241436506181362,schwarz-roten,5.140094416922891
-5.680687387640325,0.7230857651796851,0.10472713589531127,0.20957902136443418,0.04807067377491846,verkehr+s+planung+en schwarz+-+rot+en,2.69432649730031
-5.663789706058354,0.7129185820051751,0.087454118484406,0.19771201313569542,0.04534628925766131,schwarz+-+rot+en bund+es+regierung,2.7126907550611103
-5.623504664899269,0.6881345615340406,0.04671168741488639,0.16980556778877998,0.038931172605756945,Argument,2.7567429368894953
-5.623504664899269,0.6881345615340406,0.04671168741488639,0.16980556778877998,0.038931172605756945,als argument,2.7567429368894953
-4.289397414628146,-0.30798180006323017,-1.0071349093059272,-0.5080163089465815,-0.11941667857427349,bringt,4.314825222122477
-5.604147236235315,0.6759678538075424,0.027353278617295133,0.15658780207286144,0.03588864351740324,argument bring+t,2.7780394985845263
-5.574940741503022,0.6573150031629751,-0.0015868738537728466,0.13687795411286796,0.03134705637348033,lokalen,2.810321073571123
-5.574940741503022,0.6573150031629751,-0.0015868738537728466,0.13687795411286796,0.03134705637348033,bring+t lokal+en,2.810321073571123
-5.548231092615245,0.6399630173103805,-0.027772150326296333,0.11909634242977785,0.027245090022540983,Tourismus,2.8399923947714383
-5.548231092615245,0.6399630173103805,-0.027772150326296333,0.11909634242977785,0.027245090022540983,lokal+en tourismus,2.8399923947714383
-5.476938395520829,0.592403102981887,-0.09636394588504191,0.07275303712576253,0.01653430829476936,Spiel,2.9198322847429057
-5.476938395520829,0.592403102981887,-0.09636394588504191,0.07275303712576253,0.01653430829476936,tourismus spiel,2.9198322847429057
-4.818835602123661,0.13567514433661976,-0.4584087046161206,-0.255178193648507,-0.05892683536148737,sehen,3.6728428380675404
-5.342589030167968,0.4986812524289823,-0.22059643610057564,-0.010308050122224688,-0.0027297983402491816,und seh+en,3.0724599641435453
-5.241080413963274,0.4251173467832712,-0.31027115955739637,-0.06955237706036066,-0.016517718531659148,seh+en sie,3.189301047315368
-2.124425425407897,-1.9225573667787765,-2.029232164339013,-1.0635251120443638,-0.25017421101000303,der deutsch+land+ticket,6.8962304941066055
-5.409201156998703,0.5457447324772287,-0.1598083129189962,0.03019269180398465,0.006673686540081228,2027,2.9964637517634785
-5.409201156998703,0.5457447324772287,-0.1598083129189962,0.03019269180398465,0.006673686540081228,deutsch+land+ticket 2027,2.9964637517634785
-5.450238950061034,0.5741698461917373,-0.12157010396525228,0.055808744172934854,0.0126112378000416,2027 deutlich,2.9499534937149052
-5.504850962164284,0.6112276637350433,-0.06973300433582164,0.09070539935346866,0.02068678235447889,deutlich teuer+er,2.8884672853686135
-5.565573066902061,0.6512602693767537,-0.010801107276586383,0.13061521155010597,0.029902830954403478,berichtet,2.8207116344040215
-5.565573066902061,0.6512602693767537,-0.010801107276586383,0.13061521155010597,0.029902830954403478,teuer+er bericht+et,2.8207116344040215
-5.604147236235315,0.6759678538075424,0.027353278617295133,0.15658780207286144,0.03588864351740324,Tagesspiegel,2.7780394985845263
-5.604147236235315,0.6759678538075424,0.027353278617295133,0.15658780207286144,0.03588864351740324,bericht+et tagesspiegel,2.7780394985845263
-5.632932586057092,0.6940011344911503,0.05619146548976025,0.17628809803778633,0.04042241403864026,Vorher,2.7464002675989714
-5.656931855475639,0.7087527701794272,0.08047489299112179,0.19292316349260952,0.04424626816919909,vorher bund+es+regierung,2.72016337896617
-5.689090688588847,0.7280891429922685,0.11335749860834429,0.2155163001593413,0.04943290951569822,Steuersenkung,2.6852199467567224
-5.689090688588847,0.7280891429922685,0.11335749860834429,0.2155163001593413,0.04943290951569822,bund+es+regierung steuer+senkung,2.6852199467567224
-5.706264375634668,0.7382018479929087,0.13107869847991777,0.22772433684561155,0.05223214421534374,Preissenkung,2.6666644544747737
-5.706264375634668,0.7382018479929087,0.13107869847991777,0.22772433684561155,0.05223214421534374,steuer+senkung preis+senkung,2.6666644544747737
-5.719066564662592,0.7456391778182996,0.14436192509838353,0.23688979446026392,0.05433216541318307,Flugtickets,2.6528818355528894
-5.719066564662592,0.7456391778182996,0.14436192509838353,0.23688979446026392,0.05433216541318307,preis+senkung flug+ticket+s,2.6528818355528894
-5.726982094566276,0.7501931645352662,0.1526060032003938,0.24258456682358154,0.05563628568549171,ermöglicht,2.644381852577322
-5.726982094566276,0.7501931645352662,0.1526060032003938,0.24258456682358154,0.05563628568549171,flug+ticket+s ermöglich+t,2.644381852577322
-5.734706036706623,0.7546034750774147,0.16067344932301958,0.24816202603447124,0.056913026699505945,Unsere,2.636103916306394
-5.73854850686304,0.7567850122246957,0.1646952265280916,0.2509442328039141,0.05754971259788398,Leser…,2.6319919254543467
-5.73854850686304,0.7567850122246957,0.1646952265280916,0.2509442328039141,0.05754971259788398,unser+e leser…,2.6319919254543467
-5.742699634687888,0.7591323604055569,0.16904634900329096,0.2539555764809158,0.05823869028259808,+1423,2.627554210782212
-5.742699634687888,0.7591323604055569,0.16904634900329096,0.2539555764809158,0.05823869028259808,leser… +1423,2.627554210782212
-5.7456587914450665,0.7607996564474764,0.17215205594888494,0.25610581433854096,0.058730559850292144,+1423 char+s,2.6243936859657393
-5.128058670337768,0.3411606097816553,-0.40609230811764274,-0.13218438192333254,-0.03113227651631846,herausforderung versorgung,3.320598520540816
-4.514292149431059,-0.13252963636162018,-0.8624650757779332,-0.4203955537946247,-0.09876914619730041,versorgung niedrigwasser,4.046325189007688
-5.2722590286936,0.44792261940396827,-0.283099840748972,-0.05166516731853865,-0.012350946722289216,bilger logistik,3.1532927656870413
-5.3366348570734194,0.494423880236726,-0.22595407271793302,-0.01386450655317456,-0.0035564284710576793,Leben,3.0792808318600224
-5.3366348570734194,0.494423880236726,-0.22595407271793302,-0.01386450655317456,-0.0035564284710576793,logistik leben,3.0792808318600224
0.09597960673752404,-2.482768818608322,1.19899774424216,-0.6437949330371682,-0.07317048218624769,halten,9.18172730870785
-5.3589220367518156,0.5103189449126899,-0.2058362564156994,-0.0004990561974361207,-0.0004506177241072884,leben halt+en,3.0537721854136795
-5.379691732594521,0.5250283066514239,-0.18693129161212588,0.012087970471369114,0.0024724589619595227,halt+en der,3.0300575412241932
-5.122098733481199,0.3366846625075317,-0.41103178992155387,-0.13539388197914037,-0.031882160477355495,pegel viel+er,3.327552188383119
-5.42828393556021,0.5590204671962922,-0.14210293978038274,0.04204031891343535,0.009420841532210886,fluss+e deutschland,2.9748051981643364
-5.448942335952116,0.5732789832289027,-0.12278758270677445,0.05499149529740904,0.012421931395685912,Tiefstand,2.951419139523766
-5.448942335952116,0.5732789832289027,-0.12278758270677445,0.05499149529740904,0.012421931395685912,deutschland tief+stand,2.951419139523766
-5.450430112769426,0.5743011467437671,-0.12139055667547421,0.05592927686152693,0.012639157125433162,bilger kündig+t,2.949737432282467
-5.447089702333404,0.5720052505077602,-0.12452608592329606,0.053824689699228045,0.01215163981959684,sofortige,2.953513739925011
-5.447089702333404,0.5720052505077602,-0.12452608592329606,0.053824689699228045,0.01215163981959684,kündig+t sofortig+e,2.953513739925011
-5.440745905882434,0.5676362465375295,-0.13046964118692314,0.049837311600966716,0.011227833216656755,sofortig+e maßnahme+n,2.960690066161439
-5.039148302400097,0.2739729281701442,-0.47864134538514513,-0.17913317251856095,-0.04211048389664851,Probleme,3.4246027280525007
-5.417700330662395,0.5516696411013382,-0.1519387784365639,0.035455782229036614,0.007894267752357367,maßnahme+n problem+e,2.9868108502495168
-5.39412572270213,0.5351889311778233,-0.1737033318494583,0.020910923991516672,0.004520318580212665,Frachtschifffahrt,3.0136107626591313
-5.39412572270213,0.5351889311778233,-0.1737033318494583,0.020910923991516672,0.004520318580212665,problem+e fracht+schiff+fahrt,3.0136107626591313
-5.3406978465469095,0.49732985971758437,-0.22229948370969752,-0.011438782721818141,-0.002992600239756879,aufzufangen,3.0746259575669685
-5.3406978465469095,0.49732985971758437,-0.22229948370969752,-0.011438782721818141,-0.002992600239756879,fracht+schiff+fahrt auf+zu+fang+en,3.0746259575669685
-4.628213833074575,-0.04361877715649465,-0.7850140770714715,-0.3727146426808134,-0.08754556757413454,Dabei,3.9106258430150613
-4.699578372206059,0.01200001490540692,-0.7349504195184965,-0.34161673789169145,-0.08023126059647198,könnten,3.8257737605808155
-5.223080098920063,0.41187510002054895,-0.3258103903758771,-0.07975695065056893,-0.018896287964733333,dabei könn+ten,3.2101342434823623
-5.036325926551303,0.27182674449219535,-0.480905009230155,-0.18059142710398107,-0.04245176796470383,Sonntags-Fahrverbote,3.427913125125625
-5.036325926551303,0.27182674449219535,-0.480905009230155,-0.18059142710398107,-0.04245176796470383,könn+ten sonntag+s+-+fahr+verbot+e,3.427913125125625
-5.175732047491499,0.3767990079152814,-0.3661771943914528,-0.10617989035916672,-0.02505989134367724,sonntag+s+-+fahr+verbot+e last+wagen,3.2650793779304155
-5.28137768167467,0.45455907836152787,-0.2750913552726302,-0.04638247080102892,-0.011120987683140335,gekippt,3.14278088764694
-5.28137768167467,0.45455907836152787,-0.2750913552726302,-0.04638247080102892,-0.011120987683140335,last+wagen ge+kipp+t,3.14278088764694
-5.37542239858935,0.5220131305355054,-0.1908297472923369,0.009490193845985706,0.0018693276980619178,Blick,3.0349275996985496
-5.426551254803738,0.5578191296401385,-0.1437159626918455,0.0409600047700901,0.009170414994648865,Kölner,2.9767695628899355
-5.426551254803738,0.5578191296401385,-0.1437159626918455,0.0409600047700901,0.009170414994648865,blick kölner,2.9767695628899355
-5.4463722199250535,0.571511696518276,-0.12519903341676333,0.053373096792878716,0.012047023393483222,Dom,2.95432507241565
-5.4463722199250535,0.571511696518276,-0.12519903341676333,0.053373096792878716,0.012047023393483222,kölner dom,2.95432507241565
-5.474579671856504,0.590801025586648,-0.09860124128943418,0.07124718935608676,0.016185809705159912,gegenüberliegenden,2.9224886961219005
-5.474579671856504,0.590801025586648,-0.09860124128943418,0.07124718935608676,0.016185809705159912,dom gegenüberliegend+en,2.9224886961219005
-5.509205504057556,0.614141497860587,-0.06555248544073733,0.09352823774704383,0.021339338340944716,Rheinseite,2.8835861178431443
-5.509205504057556,0.614141497860587,-0.06555248544073733,0.09352823774704383,0.021339338340944716,gegenüberliegend+en rheinseite,2.8835861178431443
-0.7997913847722584,-1.952649892247817,0.6565493669361141,-0.7122091545775215,-0.10255917771945605,Bei,8.141366287464518
-5.526804141906426,0.6258520116422466,-0.04858554836966822,0.10499794383642119,0.023989708931697926,rheinseite bei,2.8638932213998975
-5.539653471367901,0.6343339496054687,-0.036124711346560645,0.1134347928882058,0.025938137254005858,bei pegel+stand,2.849550136211629
-5.562605915732652,0.6493354089718661,-0.013712785945981854,0.12863747103775797,0.02944663865157772,pegel+stand lieg+t,2.8240063812475733
-5.392216400918681,0.5338478747875837,-0.17545736896213657,0.019740251492587346,0.004248650797859535,Flussbett,3.0157847065442
-5.572038037811286,0.6554425078194055,-0.004445556905262549,0.13493430561333092,0.03089889828196231,lieg+t fluss+bett,2.8135388735512596
-5.580701028941554,0.6610210725662631,0.004095439807585435,0.14074316732345815,0.03223812269935282,großflächig,2.803940485936028
-5.580701028941554,0.6610210725662631,0.004095439807585435,0.14074316732345815,0.03223812269935282,fluss+bett großflächig,2.803940485936028
-3.4988420343550173,-0.5480571907889251,0.8741030121371397,-0.28543860339555505,-0.025544172205807944,trocken,5.154713456580972
-5.5902304493846335,0.66712307022104,0.013523293593402437,0.1471612952872719,0.033717257934727976,großflächig trocken,2.7933996466446662
-5.622431492985907,0.6874642840907044,0.04563474777020472,0.16906953510112932,0.03876181633772839,bonn.digital der,2.757921481933152
-5.631349452585573,0.6930187849532823,0.05459727053473493,0.1751974931450465,0.0401715748733804,Flüss…,2.7481356215790194
-5.631349452585573,0.6930187849532823,0.05459727053473493,0.1751974931450465,0.0401715748733804,viel+er flüss…,2.7481356215790194
-5.635274179106391,0.6954520521491732,0.05855116181498225,0.17790272478554692,0.04079374572684634,+1670,2.7438345590435618
-5.635274179106391,0.6954520521491732,0.05855116181498225,0.17790272478554692,0.04079374572684634,flüss… +1670,2.7438345590435618
-5.638114201926669,0.6972084900468425,0.06141593196992603,0.17986348598652802,0.04124462906322453,+1670 char+s,2.7407243755506174
-3.9051111876881617,-0.6057362665736741,-1.2322820390133584,-0.6404271873841159,-0.15065144670731087,niedrigwasser fluss+en,4.77445717807665
-1.2088571854774903,-1.744350441639701,0.7864044144002553,-0.6417074847721067,-0.08771932353256068,Mehr,7.691505457814262
-5.435010588070519,0.5636764486971488,-0.13583055693574905,0.04624302980696937,0.01039493282260838,fluss+en mehr,2.967183319905522
-5.470678139580204,0.5881472830138259,-0.10229744655000764,0.06876019804225997,0.015610181845212137,Tiefgang,2.9268846153066406
-5.470678139580204,0.5881472830138259,-0.10229744655000764,0.06876019804225997,0.015610181845212137,mehr tief+gang,2.9268846153066406
-5.551891165437169,0.6423567180571599,-0.024199740154741148,0.12151934004027792,0.027804298435019317,tief+gang rhein,2.835918328932521
-5.5808119613475276,0.661092315577076,0.0042049931203392635,0.1408177103383052,0.0322553053906464,tief,2.8038176732776483
-5.5808119613475276,0.661092315577076,0.0042049931203392635,0.1408177103383052,0.0322553053906464,rhein tief,2.8038176732776483
-5.5943451923195795,0.6697465039167276,0.017604761200125864,0.1499417892856998,0.034357874307133315,lagen,2.7888539426277332
-5.5943451923195795,0.6697465039167276,0.017604761200125864,0.1499417892856998,0.034357874307133315,tief lieg+en,2.7888539426277332
-5.617422343895622,0.6843290355622271,0.04061378131421932,0.16563906261522066,0.0379723820916862,lieg+en pegel,2.763425811520408
-5.551891165437169,0.6423567180571599,-0.024199740154741148,0.12151934004027792,0.027804298435019317,pegel rhein,2.835918328932521
-5.662456877255204,0.7121107144254992,0.08609630150355413,0.19678006321271435,0.045132243535999,donau elbe,2.7141421915701267
0.40127802944843616,-2.597954408014074,0.9751877825267757,-0.7232582688285469,-0.09044790298686273,nie,9.497291645755567
-5.675002671898767,0.719680990115942,0.09890403653803119,0.20557601636228817,0.047151922429280776,elbe nie,2.700496849892363
-5.403460110998112,0.5417317839210309,-0.1651094029391677,0.026649926560593173,0.005851885980277818,Jetzt,3.002989943561287
-5.687063929999297,0.7268856645637056,0.11127351974269761,0.21408213403377374,0.049103908379221586,rächt,2.687414709326892
-5.687063929999297,0.7268856645637056,0.11127351974269761,0.21408213403377374,0.049103908379221586,jetzt räch+t,2.687414709326892
-5.701211760713637,0.7352425634269062,0.12585336562674831,0.22412230024535207,0.051406463817456435,jahrzehntelange,2.6721157755524074
-5.701211760713637,0.7352425634269062,0.12585336562674831,0.22412230024535207,0.051406463817456435,räch+t jahrzehntelang+e,2.6721157755524074
-5.7140430893073795,0.7427313274755496,0.1391422755445795,0.23328672044256615,0.05350677835206914,Vernachlässigung,2.658284886398466
-5.7140430893073795,0.7427313274755496,0.1391422755445795,0.23328672044256615,0.05350677835206914,jahrzehntelang+e vernachlässigung,2.658284886398466
-5.72822426676151,0.750904679666107,0.15390189165919266,0.2434801708434159,0.055841333574750976,Wasserwege,2.6430494927597747
-5.72822426676151,0.750904679666107,0.15390189165919266,0.2434801708434159,0.055841333574750976,vernachlässigung wasser+weg+e,2.6430494927597747
-5.735267701631583,0.7549228773464396,0.16126097498420106,0.2485683956732304,0.057006029130014665,Nicht,2.635502601425842
-5.743700115869645,0.7596966310001971,0.17009600747188935,0.2546822310380763,0.05840492201727089,nicht zentimeter,2.62648537419779
-5.483517928507631,0.5968628432161485,-0.0901123429861592,0.07696271232417601,0.01750840064031388,niedrig,2.912427191541336
-5.524689979372582,0.6244508479289819,-0.050629901379195236,0.10361484879932714,0.023670202037028812,lag,2.8662560456510064
-5.759566573725415,0.7685675954971383,0.18679296926187022,0.26625173329023555,0.06105040785615261,niedrig lieg,2.6095725698428414
-5.76262641589987,0.7702612999787479,0.1900239136874332,0.26849278722014747,0.06156258747851055,lieg pegel,2.6063192007903675
-5.771001617734791,0.7748684290528927,0.19888550694022666,0.2746432074541575,0.06296779137715648,rhein+s engstelle,2.5974281909965677
-5.776901282508504,0.7780881711987091,0.20514365940085635,0.27899007761645067,0.06396054335134545,Bingen,2.5911775404316018
-5.776901282508504,0.7780881711987091,0.20514365940085635,0.27899007761645067,0.06396054335134545,kaub binge+n,2.5911775404316018
-5.756354005246752,0.7667833631557328,0.1834045620412011,0.2639022602723118,0.06051335855339231,binge+n nie,2.612991222382206
-2.971067060007867,-1.0635337905637439,-1.9256813104722894,0.7719165605780969,-1.3366566391041457,alte,5.906230384510277
-5.253414622949482,0.28377362039244813,-0.5289283024781513,1.635587720546218,-1.1404249960511197,der alt+e,3.3638583539708438
-5.78411843763106,0.7819976961002877,0.21281716156100594,0.28432385577195096,0.06517824429287618,Negativrekord,2.5835451031948353
-5.78411843763106,0.7819976961002877,0.21281716156100594,0.28432385577195096,0.06517824429287618,alt+e negativ+rekord,2.5835451031948353
-5.788626236778444,0.7844230361202966,0.2176199185234344,0.28766434512103845,0.0659406268738734,Dürrejahr,2.5787858727845787
-5.788626236778444,0.7844230361202966,0.2176199185234344,0.28766434512103845,0.0659406268738734,negativ+rekord dürre+jahr,2.5787858727845787
-5.790980221822082,0.7856844530121754,0.2201309610717463,0.28941152063481046,0.06633929840447468,2018,2.5763030415168258
-5.790980221822082,0.7856844530121754,0.2201309610717463,0.28941152063481046,0.06633929840447468,dürre+jahr 2018,2.5763030415168258
-5.79432975047024,0.7874732679185501,0.22370754978963323,0.2919008770496384,0.06690722919771934,unterschritten,2.572773093845148
-5.79432975047024,0.7874732679185501,0.22370754978963323,0.2919008770496384,0.06690722919771934,2018 unterschreit+en,2.572773093845148
-5.797684255579194,0.7892575392462056,0.22729366307784,0.2943977796546692,0.0674767726558161,Deutschland…,2.5692413570591577
-5.800452238554199,0.7907243746244141,0.2302559286745222,0.2964610084221392,0.06794731252105803,+4003,2.5663297501435203
-5.800452238554199,0.7907243746244141,0.2302559286745222,0.2964610084221392,0.06794731252105803,deutschland… +4003,2.5663297501435203
-5.801594327818998,0.7913281542859845,0.23147901509539556,0.2973130753219395,0.068141613002542,+4003 char+s,2.565129094037904
0.7636469064128715,-3.6632736973565847,-2.465694575951988,-1.3965691661332063,-0.33938760546735036,Lkw-Fahrverbote,10.21201743697082
-4.3795561952874476,-0.23769685041937816,-0.9503871437477798,-0.47387483393830127,-0.1113684120074115,niedrigwasser lkw+-+fahr+verbot+e,4.207110536307921
-3.7151733112519905,-0.7513907833669418,-1.3347001628480548,-0.6989659191852109,-0.16446312709551258,infrage,5.001671282193461
-4.753561065758529,0.05399764780608063,-0.6962516661559597,-0.31743186853934335,-0.07454647190837485,lkw+-+fahr+verbot+e infrag+e,3.761685712414057
-4.898646137595499,0.1663483122391225,-0.5885134564340521,-0.2494420195885313,-0.05858389364157805,infrag+e ge+stell+t,3.5899600352018712
-5.000742508131157,0.24470678832257864,-0.5092415970439739,-0.19881160594950634,-0.04671737568695046,ge+stell+t bund+es+verkehr+s+minister,3.469691969924528
-4.925284093150843,0.1868613643826147,-0.5681151096647807,-0.23646209260852807,-0.055539945647981134,bilger stell+t,3.5585289046159
-5.135924737634109,0.3470613396027782,-0.39955598437742623,-0.1279344091575389,-0.03013943260093835,stell+t sonntag+s+fahr+verbot,3.3114251612246473
-4.753561065758529,0.05399764780608063,-0.6962516661559597,-0.31743186853934335,-0.07454647190837485,lkw infrag+e,3.761685712414057
-4.512949050993674,-0.13357824188892709,-0.8633607518359686,-0.4209438614361767,-0.09889826879126941,Grund,4.047926566137917
-4.692673758813109,0.006623083538464192,-0.7398480086438074,-0.34466843781438317,-0.08094880719656297,der grund,3.8339772506984966
-4.268861517674448,-0.32397481596986966,-1.0198376249656647,-0.515617535603609,-0.12120896125822284,grund niedrigwasser,4.339370347477449
3.588217303613927,-4.223065364024157,1.001394495684883,-0.8427711231091111,-0.09758752758229534,Mobilität,13.047031609350155
-4.671308502296894,-0.01002136103083373,-0.7549291244674192,-0.35405265210841413,-0.08315562620548671,lkw mobilität,3.8593702060412056
-5.013397478322409,0.25436453607786147,-0.4992067600892659,-0.19236656749543424,-0.04520819905020959,mobilität besuch+en,3.4548247612529885
-4.275376991238561,-0.3189014141467381,-1.0158161880718366,-0.5132127756504241,-0.12064193099282969,Niedersachsen,4.33158249116591
-5.465828518100686,0.5848421802737396,-0.10688408054351087,0.06567546704488714,0.014896095090663544,binnenschifffahrt niedersachsen,2.9323521860625372
-3.308793673611749,-1.0589569129915493,-1.537241237033891,-0.8113749706557036,-0.1909694938025468,lockert,5.487335985300014
-4.898966125449416,0.16659497830617176,-0.588269590482308,-0.24928704165264787,-0.05854754253229521,niedersachsen locker+t,3.589582268018692
-4.106535074780057,-0.45010934578126216,-1.1174808001417555,-0.5735328246817545,-0.13486867371322395,locker+t lkw+-+fahr+verbot,4.533481380799531
-4.241588962008636,-0.34520325758728987,-1.036582795561581,-0.525614472974746,-0.12356633352272313,lkw+-+fahr+verbot wegen,4.371972308661181
-5.234791598192717,0.4204969883681444,-0.3157123420470378,-0.07312766994932485,-0.01735096052308037,niedrigwasser hier,3.1965759835907264
-5.465828518100686,0.5848421802737396,-0.10688408054351087,0.06567546704488714,0.014896095090663544,sie niedersachsen,2.9323521860625372
-5.384973272422386,0.5287521799509967,-0.18209962989187015,0.015309156809142743,0.003220220259925438,niedersachsen setz+t,3.024036226572626
-4.870980830877449,0.14500045026953856,-0.6094911348571989,-0.2627552906577013,-0.061707222273560625,niedrigwasser+s wasser+straße+n,3.622638552020914
-5.457365744970055,0.5790576638445586,-0.11486735577833732,0.06030999382210156,0.013653752333153343,wasser+straße+n sonn+-,2.941902287064478
-5.572731257926858,0.6558899942402128,-0.003763137606051292,0.13539823610541368,0.031005874188862845,bestimm+t+e last+wagen,2.812770250051065
-5.025143545700599,0.2633162119912804,-0.4898504015328814,-0.18635010095829962,-0.043799672185393546,last+wagen vor+übergeh+end,3.44103404331173
-5.624806111986867,0.6889467353993564,0.04801828900806922,0.17069867434333286,0.039136659804738363,damit soll+en,2.7553140431101584
-5.630961390625593,0.6927778175961565,0.054206642161571485,0.17493028813442146,0.040110115013590866,notwendige,2.748561081891599
-5.630961390625593,0.6927778175961565,0.054206642161571485,0.17493028813442146,0.040110115013590866,soll+en notwendig+e,2.748561081891599
-5.639771125442886,0.6982315391460041,0.06308870680970051,0.18100867092791528,0.041507941414682684,Ersatztrans…,2.7389106794211364
-5.639771125442886,0.6982315391460041,0.06308870680970051,0.18100867092791528,0.041507941414682684,notwendig+e ersatztrans…,2.7389106794211364
-5.649706739757428,0.7043397577378638,0.07314122709777116,0.1878948708767494,0.043090869569454,+1366,2.728048166782205
-5.649706739757428,0.7043397577378638,0.07314122709777116,0.1878948708767494,0.043090869569454,ersatztrans… +1366,2.728048166782205
-5.653593463092231,0.7067167711774411,0.07708388070530807,0.19059765340125223,0.043711961362318294,+1366 char+s,2.723805058547089
2.932842248171786,-6.434384890082665,-3.32691103038028,2.7142176435989205,-2.7675540932046374,Wärmewende,13.647712170916423
-4.74716217854021,-0.5620062667215318,-0.94418625019084,2.100460067226779,-1.609805283554115,Sachsen-Anhalt,4.210019063646019
-4.74716217854021,-0.5620062667215318,-0.94418625019084,2.100460067226779,-1.609805283554115,wärme+wende sachsen-anhalt,4.210019063646019
-4.923548573760211,-0.34722912348548274,-0.8201276912459684,2.04215316370355,-1.516330686562875,Fernwärmepreise,3.95692867734282
-5.413522555582537,0.2908246923741524,-0.3970714489173458,1.7732956514242881,-1.1460275847102475,sachsen-anhalt fernwärme+preis+e,3.2294619087686454
-5.201707661197975,0.0078089048825451535,-0.5973968893372078,1.9172949932441659,-1.3331146339914526,stabil,3.5488087558120935
-5.201707661197975,0.0078089048825451535,-0.5973968893372078,1.9172949932441659,-1.3331146339914526,fernwärme+preis+e stabil,3.5488087558120935
-5.263683302126202,0.08962710024423903,-0.5420535856474151,1.8810776043188138,-1.2838636160274743,Versorger,3.4561825595476363
-5.263683302126202,0.08962710024423903,-0.5420535856474151,1.8810776043188138,-1.2838636160274743,stabil versorger,3.4561825595476363
-0.305048467630753,-2.1141764196683006,-0.8512308908892776,0.8878825889709172,-1.466845416938276,warnen,8.761985390263995
-5.255293909506367,0.07849783578615277,-0.5496890419240199,1.8862200226352168,-1.290759734952478,versorger warn+en,3.4687596096840445
-5.479881356444446,0.38091717550069837,-0.3268374599651491,1.7130080236974423,-1.0738768013328512,warn+en hier,3.1277908464916977
-4.686599703101528,-0.6339970951979943,-0.9843048404977497,2.117984262707439,-1.6389341699033386,thema wärme+wende,4.296022740819585
-5.49399433440338,0.40009530982761987,-0.31134214582750774,1.6988768878774285,-1.057415194006698,sie fernwärme+preis+e,3.106071336359495
-5.595187511322537,0.5368796805899394,-0.19360579976932693,1.5801459126717736,-0.9250016427861047,Stabile,2.949452904562225
0.8231589560320085,-2.638916719738783,-0.4572438414072466,0.3656683693121138,-1.1224461853669478,Preise,9.963238612310073
-5.605207659886209,0.5502684196786223,-0.18124175335446704,1.566381602601872,-0.9102665780692321,stabil+e preis+e,2.9338722136080366
-5.619489422644289,0.569267665965788,-0.16337286492125344,1.5460042410146697,-0.8886629537095205,Unsicherheit,2.9116479518824927
-5.619489422644289,0.569267665965788,-0.16337286492125344,1.5460042410146697,-0.8886629537095205,preis+e unsicherheit,2.9116479518824927
0.21376574150422023,-2.266794638004543,-0.03645044551504523,0.4305119748835925,-1.0549692828534276,beim,9.26469001770438
-5.631807790661844,0.585563176120234,-0.1477192990517273,1.5276657585737972,-0.869428586428817,unsicherheit bei,2.892465032145369
-5.636117338764075,0.591241486831485,-0.14218850779259717,1.5210742323789952,-0.8625616618855074,weiteren,2.885751324039074
-5.636117338764075,0.591241486831485,-0.14218850779259717,1.5210742323789952,-0.8625616618855074,bei weit+er+en,2.885751324039074
-3.6754962335074612,-0.5737530385978946,-1.5439293147479083,0.6023457961291637,-1.0579808434009572,Ausbau,5.055931695621564
-5.6433632929395845,0.600759901227824,-0.13282398873245388,1.5097771532372206,-0.8508485310793605,weit+er+en ausbau,2.874460461131304
-5.649315052601695,0.6085492599789524,-0.1250697480396666,1.5002904453985995,-0.8410660405089645,ausbau der,2.865184114696152
-5.652136501934601,0.6122321453299184,-0.12137385137107562,1.4957259793874196,-0.8363764021158587,der fernwärme+preis+e,2.8607860600015034
-5.492291499626452,0.39778157377809786,-0.3132227862561534,1.7006089307794048,-1.0594241558290969,Halle,3.108693693016214
-5.664329732987753,0.6280708823492773,-0.10525042278940153,1.475483124897306,-0.815709622922754,fernwärme+preis+e halle,2.8417761073189243
-5.67005845752849,0.6354656849625322,-0.0975884293703771,1.465671181688331,-0.8057675041378896,halle magdeburg,2.8328434883100426
-4.243234776402462,-0.13896645120435536,-0.8358366092195645,0.7998722110927012,-0.9174188492987534,zuletzt,4.38193803688036
-5.680842177443841,0.6492960650809145,-0.08301010908414877,1.4466497472301623,-0.7866293216410584,magdeburg zuletzt,2.816028264320246
-5.684570158969625,0.6540481049351312,-0.07792197808157228,1.4398997944581189,-0.7798799633352095,zuletzt kaum,2.8102153772322582
-3.092650501854534,-0.5916876368257058,-0.21075837736972045,0.6436404861456345,-0.9238668605928696,verändert,5.597482137668248
-5.686806672894571,0.656891357401558,-0.07485731950596022,1.4358059698462389,-0.7757970166789547,kaum veränder+t,2.8067282059341028
-5.698551812109313,0.6717230992456857,-0.05861029711720407,1.4137417192401454,-0.7539252606725612,halle seit,2.7884179347063762
-5.700391164458943,0.6740298214223854,-0.05604221777112803,1.4101975703874199,-0.7504326836953298,Anfang,2.7855510243035004
-5.700391164458943,0.6740298214223854,-0.05604221777112803,1.4101975703874199,-0.7504326836953298,seit anfang,2.7855510243035004
-5.702885925332508,0.6771511762560218,-0.05254860248637745,1.405350885598242,-0.7456655982657131,2024,2.7816628834565207
-5.702885925332508,0.6771511762560218,-0.05254860248637745,1.405350885598242,-0.7456655982657131,anfang 2024,2.7816628834565207
-5.290649952027243,0.5066201834392425,-0.43396064986382876,1.1369045362305097,-0.8018379615245518,nahezu,3.1987747694755235
-5.704613403798673,0.6793075009519396,-0.050122363156159894,1.4019677484748736,-0.742344189693431,2024 nahezu,2.778970807273351
-5.706959765413022,0.682229601793777,-0.046817507095647526,1.3973366006546497,-0.737805693465677,konstant,2.7753146131372604
-5.706959765413022,0.682229601793777,-0.046817507095647526,1.3973366006546497,-0.737805693465677,nahezu konstant,2.7753146131372604
-5.711109528435934,0.6873780594021166,-0.04094577831212068,1.3890427998188373,-0.7297011210692895,konstant magdeburg,2.768849349838077
-5.715012822528573,0.6921971206559023,-0.03539115225474583,1.3811186840042744,-0.7219853659244297,+4006,2.762769477926275
-5.715012822528573,0.6921971206559023,-0.03539115225474583,1.3811186840042744,-0.7219853659244297,magdeburg +4006,2.762769477926275
-5.716738107144147,0.6943196446405455,-0.032926068779796466,1.3775774185790648,-0.718545817166179,+4006 chars,2.7600826087420116
-2.506263573477768,-1.1673797309039093,1.2435932205821065,-0.3565186731098824,-0.02833052834554825,heißeste,6.306457095889879
-4.359192095057618,-0.12368643982774552,0.9946811475070916,-0.0509259163354529,0.019861232781520424,der heiß+est+e,4.222201805700384
20.720328731871952,-12.765608275603864,1.626754375075572,-0.22387601783262556,0.14291111106849969,Sommer,32.16789964641444
-4.333224805670804,-0.1389196096777532,0.9998545997850329,-0.0565631876295099,0.01893845103323373,heiß+est+e sommer,4.251545130959171
-4.276983823847372,-0.17183539945700432,1.0108101901827877,-0.06860746804968854,0.016968907527854085,Temperatur-Rekorde,4.315080422823814
-4.210307773239011,-0.21072548186255036,1.0233755366382984,-0.08259993895250856,0.01468458968356652,temperatur+-+rekord+e ge+mess+en,4.390373716356474
-4.17562682176068,-0.2308982005785336,1.0297380091789734,-0.08975784416122884,0.013517771926585195,Woher,4.429524142849125
-4.17562682176068,-0.2308982005785336,1.0297380091789734,-0.08975784416122884,0.013517771926585195,ge+mess+en woher,4.429524142849125
-4.151245604908689,-0.2450575930935437,1.0341424564718156,-0.09474160657871639,0.012706105850859364,wissen,4.4570423773719385
-4.151245604908689,-0.2450575930935437,1.0341424564718156,-0.09474160657871639,0.012706105850859364,woher wiss+en,4.4570423773719385
-2.3946586939070142,-1.228158151775692,1.2536391153421207,-0.369999186684008,-0.03030486074377227,Wissenschaftler,6.431560866447872
-4.121406629151927,-0.2623618546353712,1.0394578380861645,-0.10078734377729812,0.011722340646001209,wiss+en wissenschaftler,4.490714969572089
-4.005670376832129,-0.3292292580729743,1.0593294849061934,-0.12369132163773197,0.008004635548120573,Tag,4.621263853243152
-4.005670376832129,-0.3292292580729743,1.0593294849061934,-0.12369132163773197,0.008004635548120573,wissenschaftler tag,4.621263853243152
-3.955811872468491,-0.3579163953992963,1.0675440433169927,-0.13329799338009116,0.006450060349748057,tag sommer,4.677476710436532
-1.2293409804440634,-1.8537598730301386,1.3410990973778452,-0.4872298642620285,-0.04634422505511994,tatsächlich,7.736166781219753
-1.2293409804440634,-1.8537598730301386,1.3410990973778452,-0.4872298642620285,-0.04634422505511994,sommer tatsächlich,7.736166781219753
-3.8070850375065497,-0.44308504531073245,1.090910118603175,-0.16106257890218997,0.001975068074703157,tatsächlich heiß+est+e,4.845067895551138
-3.738357421116306,-0.48224598768421867,1.1011708762214112,-0.17345732337609152,-1.3164892663106165e-05,heiß+est+e seit,4.922469281622284
1.01021763885338,-3.0245150684237596,1.4553070218110908,-0.6236286238495661,-0.05962292329377155,Beginn,10.238238330901538
1.01021763885338,-3.0245150684237596,1.4553070218110908,-0.6236286238495661,-0.05962292329377155,seit beginn,10.238238330901538
-3.596409248405327,-0.5627576645562975,1.1213830252508739,-0.19822603517530632,-0.003966420726472103,Aufzeichnungen,5.082250591828912
-3.596409248405327,-0.5627576645562975,1.1213830252508739,-0.19822603517530632,-0.003966420726472103,beginn aufzeichnung+en,5.082250591828912
-3.01734423106518,-0.8291961490884159,0.9998674295181328,-0.34282157487557247,-0.03240895432029127,woher,5.702837848766105
-3.3145410272091693,-0.7212616351960603,1.1580425598966189,-0.2442912314552154,-0.011236748014312015,und woher,5.399233745586654
-3.2251249082538855,-0.7711922009233754,1.1688165313554748,-0.2580915746393115,-0.013390782719005637,woher komm+t,5.499714487676131
-3.0513790315947604,-0.8677683371848435,1.1887111813430207,-0.2838596004013527,-0.01737853137691346,Skepsis,5.694867291541336
-3.0513790315947604,-0.8677683371848435,1.1887111813430207,-0.2838596004013527,-0.01737853137691346,komm+t skepsis,5.694867291541336
-2.706131688449733,-1.0580795585178029,1.2246606170051353,-0.331236671642606,-0.024575125254750432,Daten,6.082326122000019
-2.706131688449733,-1.0580795585178029,1.2246606170051353,-0.331236671642606,-0.024575125254750432,skepsis dat+en,6.082326122000019
-1.261831175949852,-1.7381190913033442,0.9671310688953798,-0.5901464581210141,-0.07397052328603944,Experten,7.646631992875311
-2.031960646026752,-1.424529989530666,1.2839901701155054,-0.410871988468831,-0.03615257871904605,der experte+n,6.837910826007545
-1.0890501149427037,-1.9281429261307084,1.3499349295683538,-0.49881683805631594,-0.04777998040241703,experte+n thema,7.893063704004325
-0.2868155747503227,-2.350468913079102,1.3954157314610514,-0.5564554394917713,-0.054284965920130185,thema hitze,8.789771473533607
3.7022712504723483,-4.400263638155922,1.5475429444816862,-0.6893196996858815,-0.05589011588655239,hitze klima+wandel,13.241572677312993
-0.6012125538196198,-2.1855322757667244,1.3785274371203537,-0.5355241994861882,-0.05206423800895488,befragt,8.438440395346053
-0.6012125538196198,-2.1855322757667244,1.3785274371203537,-0.5355241994861882,-0.05206423800895488,klima+wandel befrag+t,8.438440395346053
-1.5335688507642358,-1.6918379455324541,1.32085880444428,-0.46038677243683734,-0.04289279774037323,Noch,7.395823798531791
-2.0821999506504065,-1.3974285170628407,1.279980021174874,-0.40546699728731794,-0.035392388976382666,noch sommer,6.781643498143212
-2.524654474217498,-1.1573472760946206,1.241902884096153,-0.3542543313609005,-0.027996901887286846,Rekordtemperaturen.Von,6.285838485885769
-2.524654474217498,-1.1573472760946206,1.241902884096153,-0.3542543313609005,-0.027996901887286846,sommer rekordtemperaturen.von,6.285838485885769
-3.089004513665272,-0.8469024687203941,1.1845137669059127,-0.27839365617216416,-0.016536594794690676,Nordostasien,5.652616016857061
-3.089004513665272,-0.8469024687203941,1.1845137669059127,-0.27839365617216416,-0.016536594794690676,rekordtemperaturen.von nordostasien,5.652616016857061
-3.369153329558684,-0.6906854820330577,1.1512701227630338,-0.2356752544718339,-0.009885939405551894,nordostasien europa,5.337846592816462
-2.9991353357435004,-0.8030925294065963,0.8123101674570193,-0.3952106864050414,-0.04647289652061004,USA,5.702532425714256
-3.5765223112633393,-0.5739989391724505,1.1241151583912419,-0.20160932527309156,-0.004504202849694078,europa usa,5.104627563664799
-3.6157702911796594,-0.5518047636459742,1.1187003329861045,-0.19491203987348713,-0.0034391172362110978,trägt,5.060463426965459
-3.6157702911796594,-0.5518047636459742,1.1187003329861045,-0.19491203987348713,-0.0034391172362110978,usa trag+t,5.060463426965459
0.5495225848571987,-2.6567985239291825,0.6142253433046223,-0.8219998850559908,-0.1184936361121726,extreme,9.645352703242489
-3.6709233258825256,-0.5205548477530799,1.110932012515512,-0.1853611603753164,-0.0019165550857662833,trag+t extrem+e,4.998388543080045
-3.738357421116306,-0.48224598768421867,1.1011708762214112,-0.17345732337609152,-1.3164892663106165e-05,extrem+e hitze,4.922469281622284
-2.353361833023995,-1.2435840241358544,0.871699211938849,-0.47371646986426674,-0.07803095947378219,Tausenden,6.467760462422528
-3.8070850375065497,-0.44308504531073245,1.090910118603175,-0.16106257890218997,0.001975068074703157,hitze tausend+en,4.845067895551138
-3.9016263927375263,-0.38901476959340053,1.0762489123162617,-0.14356596496775664,0.00479187387612047,Todesfällen,4.738550416090799
-3.9016263927375263,-0.38901476959340053,1.0762489123162617,-0.14356596496775664,0.00479187387612047,tausend+en tod+es+fall+en,4.738550416090799
-4.0003260141410815,-0.33230760992052755,1.0602196521334664,-0.12472844035149291,0.007836664089198933,schürt,4.627290098871603
-4.0003260141410815,-0.33230760992052755,1.0602196521334664,-0.12472844035149291,0.007836664089198933,tod+es+fall+en schür+t,4.627290098871603
7.746901924349048,-6.388533254939581,1.507960127732183,-0.7109372314387237,-0.03931252323591558,Waldbrände,17.727248113598428
-4.036784345554863,-0.311291383064908,1.0541000809628318,-0.11761784101094117,0.008988963505248013,schür+t wald+brand+e,4.586176418208001
-2.3950219676446043,-1.127640944587502,0.34512892956395635,-0.6153883264833391,-0.10903492611245202,bedroht,6.365489560918701
-4.108126878140192,-0.27005441107744943,1.0417973871621447,-0.10345917456523845,0.011287888378810243,wald+brand+e bedroh+t,4.505698893993534
-3.3132575737379515,-0.7042590824877029,0.3293539270306234,1.5679137075526024,-1.3288434379548348,Energie-,5.521712324424559
-4.159490700149034,-0.24027129946029468,1.0326592210930325,-0.09306066248014186,0.01297979802184275,bedroh+t energie+-,4.447736889943254
-4.210307773239011,-0.21072548186255036,1.0233755366382984,-0.08259993895250856,0.01468458968356652,Wasserversorgun…,4.390373716356474
-4.210307773239011,-0.21072548186255036,1.0233755366382984,-0.08259993895250856,0.01468458968356652,energie+- wasserversorgun…,4.390373716356474
-4.27367437914296,-0.17376906650119506,1.01144450137302,-0.06930924890542356,0.016854238459016915,+6019,4.318818353090946
-4.27367437914296,-0.17376906650119506,1.01144450137302,-0.06930924890542356,0.016854238459016915,wasserversorgun… +6019,4.318818353090946
-4.293225888894341,-0.1623401932576658,1.0076806268829308,-0.06515213513665441,0.01753364736498854,+6019 chars,4.296734254512459
-3.292098345256134,-1.0714687657338495,-1.5451261083319483,-0.8156567504411911,-0.1919784004083333,Tempolimit,5.507268897073934
-4.463375554546506,-0.1722814122922196,-0.8961445665619364,-0.4409638546962645,-0.10361364181423774,tempo+limit bahn,4.107054328653396
-4.567424459470695,-0.09105131720831205,-0.8267102940695659,-0.39844941380303545,-0.09360200943719874,stärken,3.9830024348599777
-4.567424459470695,-0.09105131720831205,-0.8267102940695659,-0.39844941380303545,-0.09360200943719874,bahn stärk+en,3.9830024348599777
-5.273082692622916,0.44852270991306264,-0.2823776107304824,-0.05118895523904943,-0.012240059377056772,stärk+en grüne,3.1523428886943994
-4.790885722470303,0.08298442048958354,-0.6690636829904846,-0.30036526099706934,-0.07053688415255194,Neuer,3.717429936107639
-4.790885722470303,0.08298442048958354,-0.6690636829904846,-0.30036526099706934,-0.07053688415255194,grüne neu+er,3.717429936107639
-4.3453553182585924,-0.2643708635752091,-0.9721043602070905,-0.48697598163949374,-0.11445639117622743,neu+er verkehr+s+minister,4.247961431624473
-4.6675624164664296,-0.012940643680367847,-0.7575619690446016,-0.35568894130489637,-0.08354046751574964,verkehr+s+minister mehr,3.86382378246728
-4.5107817451716965,-0.1352703394705801,-0.8648052317220641,-0.42182798084439166,-0.09910647524054803,fürs,4.050510713304716
-4.5107817451716965,-0.1352703394705801,-0.8648052317220641,-0.42182798084439166,-0.09910647524054803,mehr für,4.050510713304716
-1.8811343964158045,-1.820901801173414,-2.402756136825084,1.0050712712896828,-1.6779672917329949,Klima,7.221533176644073
-4.127161707483181,-0.43411303634434084,-1.1053375503968943,-0.5663804173751437,-0.13318141650410667,für klima,4.508808920314833
-3.5984634227859758,-0.7543629592055887,-1.0949171970891607,-0.6902336522371331,-0.16018914043577934,tun,5.106446272043552
-4.534315284827686,-0.11689720913951929,-0.8490648596426182,-0.4121838075675508,-0.09683548426059535,klima tu+n,4.02245544800562
-5.191613802422699,0.3886020177310143,-0.3527184358455253,-0.09738399599836195,-0.023007355337689564,tu+n hier,3.246626692167512
-4.528109791484886,-0.12174185830508422,-0.8532273170084258,-0.41473629696794434,-0.09743650232823367,thema tempo+limit,4.029852282496079
-5.3599705217026425,0.5110639346410526,-0.20488554607517054,0.0001332999229776699,-0.00030372301216682884,sie grüne,3.052573691517162
-3.5799278716184952,-0.854385087481631,-1.4044799904098004,-0.7382090758781998,-0.17372016004487448,Grünen,5.163393171681527
-3.5799278716184952,-0.854385087481631,-1.4044799904098004,-0.7382090758781998,-0.17372016004487448,der grün+en,5.163393171681527
-5.421085351226619,0.5540240125858407,-0.1487973058202096,0.03755804826082082,0.008381718651446171,verlangen,2.9829692273096415
-5.421085351226619,0.5540240125858407,-0.1487973058202096,0.03755804826082082,0.008381718651446171,grün+en verlang+en,2.9829692273096415
-5.481894242531917,0.5957635380533255,-0.0916565800790799,0.07592259645869809,0.017267745453130992,verlang+en neu+en,2.914253944536442
-5.500640654089315,0.60840434896944,-0.07376838629925975,0.08798176635582994,0.020057060751157638,neu+en verkehr+s+minister,2.8931898994253284
-5.451041159124092,0.5747207739485103,-0.12081654958550728,0.056314631923769454,0.012728416792224015,bilger mehr,2.949046835805532
-5.422950354653862,0.5553198474161796,-0.14706472612002042,0.038717796524322445,0.008650605868880015,Einsatz,2.980853367899495
-5.422950354653862,0.5553198474161796,-0.14706472612002042,0.038717796524322445,0.008650605868880015,mehr einsatz,2.980853367899495
4.525368828763376,-4.71848832872517,0.3912804902206388,-0.9935505407994042,-0.13614354995045083,Klimaschutz,14.085501015311674
-5.082510075175787,0.30684739482190904,-0.44356165189162833,-0.1564833116598279,-0.036811845222910686,einsatz klima+schutz,3.3738095927411527
-5.438769931356429,0.5662730370264466,-0.1323179683878331,0.04859784362055419,0.010940630053645803,dürfe,2.962926609662222
-4.353562655906217,-0.25797098222389714,-0.9669142782620637,-0.4838489679136717,-0.11371929832439716,länger,4.238157100009384
-5.505826902626743,0.611881262994584,-0.06879667586314717,0.09133753213235801,0.02083292167221075,dürf+e lang+er,2.887373030879928
-5.530948292232968,0.6285940015515492,-0.04457341323497753,0.10771321022511177,0.024616884359587546,CDU-Parteipolitik,2.859264000722533
-5.530948292232968,0.6285940015515492,-0.04457341323497753,0.10771321022511177,0.024616884359587546,lang+er cdu+-+partei+politik,2.859264000722533
-5.601682824109648,0.6744074555821133,0.024898909735172003,0.15491390219814127,0.03550315585261744,müssen,2.7807565462953447
-5.601682824109648,0.6744074555821133,0.024898909735172003,0.15491390219814127,0.03550315585261744,cdu+-+partei+politik müss+en,2.7807565462953447
-5.612401152695943,0.6811753431746479,0.03559027649831458,0.16220866762578073,0.03718279317877653,weitblickend,2.768948853671243
-5.612401152695943,0.6811753431746479,0.03559027649831458,0.16220866762578073,0.03718279317877653,müss+en weitblickend,2.768948853671243
-5.627351684006889,0.690533151998947,0.05057579814045518,0.17244717331552295,0.03953892276331937,Entscheidungen,2.7525202733823018
-5.627351684006889,0.690533151998947,0.05057579814045518,0.17244717331552295,0.03953892276331937,weitblickend entscheidung+en,2.7525202733823018
-5.6452734510303095,0.7016198848562101,0.06865114531638726,0.18481816992460298,0.04238371779607951,Wohle,2.732892235293186
-5.6452734510303095,0.7016198848562101,0.06865114531638726,0.18481816992460298,0.04238371779607951,entscheidung+en wohl+e,2.732892235293186
-5.652565465467312,0.7060887645890463,0.07604053211980949,0.1898823048471231,0.043547587070758745,+776,2.7249269736974964
-5.652565465467312,0.7060887645890463,0.07604053211980949,0.1898823048471231,0.043547587070758745,wohl+e +776,2.7249269736974964
-5.656350334472835,0.7083984943612667,0.07988390156281708,0.19251781034597348,0.04415314057406779,+776 chars,2.7207975419149397
-4.363424472308523,-0.23563764454036873,-0.5389976394510595,-0.4230028162276517,-0.11459947169830355,BUND,4.233498895535602
-5.208397873399917,0.4045739236938397,-0.1306485902494585,-0.05999573379370743,-0.021800076345426522,bund kritisier+t,3.232228873456037
-4.414685025447991,-0.1576348270431509,-0.7205986324510506,-0.438414806235082,-0.10985755668732666,Lockerung,4.148720782933664
-5.159273180842655,0.37171290681669733,-0.1688329611414335,-0.08702116221562589,-0.02817096592798933,kritisier+t lockerung,3.287830256216835
-5.069641486805381,0.31103931693286335,-0.2382315779861928,-0.1350225562166677,-0.03944644279509488,lockerung sonntag+s+fahr+verbot+s,3.389685017572226
-3.994948880405291,-0.4650362626743836,-0.8363215770182109,-0.5734966221052414,-0.14655961348528662,niedrigwasser deutsch+en,4.6466745301882115
-4.22437628759487,-0.3034722692076173,-0.6988213780964818,-0.49092608976841434,-0.1273771520249506,fluss+en bedroh+t,4.379532933522921
-4.280735942464472,-0.2644653923220832,-0.662264714751282,-0.4692385153197185,-0.12239793049894003,bedroh+t liefer+kette+n,4.314362244478754
-4.2967393403075835,-0.2540375786365523,-0.6494346766992136,-0.4625755600034824,-0.12096005315299159,liefer+kette+n viel+er,4.296225191915165
-4.289023007310991,-0.2599320337083375,-0.652246372308611,-0.4651942454520197,-0.12164878853742406,viel+er unternehmen,4.305459055612416
-2.332827377711859,-1.1872957476178367,0.14341036345438224,-0.6704526881571031,-0.12741395028468128,Erste,6.441917967044239
-2.577921379080241,-1.4637887757548746,-1.4720991623132087,-0.9491231516228524,-0.23583247634538362,Bundesländer,6.311257896666379
-4.135971506981986,-0.38002690151835994,-0.6987036125703661,-0.513810924990862,-0.13482990303864276,erst+e bund+es+land+er,4.490416693251148
-2.477237506197791,-1.532422474675843,-1.4959920341890944,-0.9678685781623502,-0.24077790447738745,lockern,6.429565949734498
-3.965755515201037,-0.5023726908593398,-0.781248129486422,-0.5707045447793775,-0.14871259565106035,bund+es+land+er locker+n,4.690418352467219
-3.7724873170084017,-0.6387419720074843,-0.8767133425823279,-0.6323129936729255,-0.1634872864533953,darum,4.916586582473103
-3.7724873170084017,-0.6387419720074843,-0.8767133425823279,-0.6323129936729255,-0.1634872864533953,locker+n darum,4.916586582473103
-3.2118053353912632,-1.0285032243829697,-1.1432370772301297,-0.7916839733003987,-0.20112585208074818,darum lkw+-+fahr+verbot+e,5.571802448525191
-3.6977798630475025,-0.7198476406857859,-0.8438506206220949,-0.6405122829130081,-0.16836673313391137,lkw+-+fahr+verbot+e sonn+-,5.018847629708871
-3.5958866969807666,-0.8146842818490665,-0.8506313621365327,-0.6606342113749696,-0.17499703285823232,Feiertagen,5.149770651120278
-3.5958866969807666,-0.8146842818490665,-0.8506313621365327,-0.6606342113749696,-0.17499703285823232,sonn+- feier+tag+en,5.149770651120278
-4.490513483129127,-0.323454088588222,-0.28939151687088904,-0.3243616165966357,-0.10010609187281559,der industrie,4.169190284719249
-4.874638518821596,0.08521618032347567,-0.18734325184131204,-0.19604225238476378,-0.06232474764680151,erfreut,3.6590901855779356
-4.874638518821596,0.08521618032347567,-0.18734325184131204,-0.19604225238476378,-0.06232474764680151,industrie erfreu+t,3.6590901855779356
-4.977541518651895,0.1895895551516633,-0.16429984857987867,-0.15661443866381258,-0.05067242052860388,erfreu+t bund,3.524892052601557
-4.998617920378511,0.21124043490731936,-0.1611780532939393,-0.1484984605382696,-0.04819850126644398,hält,3.497255930895806
-4.998617920378511,0.21124043490731936,-0.1611780532939393,-0.1484984605382696,-0.04819850126644398,bund halt,3.497255930895806
-5.024498507637909,0.23901780389450034,-0.16030748537947345,-0.13892044296575073,-0.04511728731851883,Schritt,3.462715975327432
-5.024498507637909,0.23901780389450034,-0.16030748537947345,-0.13892044296575073,-0.04511728731851883,halt schritt,3.462715975327432
-5.037219846937225,0.2546740272040078,-0.16423290513523536,-0.13495271942034784,-0.04358257956807235,hingegen,3.444729943167445
-5.037219846937225,0.2546740272040078,-0.16423290513523536,-0.13495271942034784,-0.04358257956807235,schritt hingegen,3.444729943167445
-5.035976968901431,0.265181724974235,-0.18855628825324103,-0.13994948464778642,-0.043721025738678504,falsche,3.4404476441034433
-5.035976968901431,0.265181724974235,-0.18855628825324103,-0.13994948464778642,-0.043721025738678504,hingegen falsch+e,3.4404476441034433
-4.293314063462959,-0.20558964447767503,-0.5381887130675883,-0.44599634924013054,-0.11304000900399477,Lösung,4.277496098978262
-5.020337057758484,0.25886376436157565,-0.20992976011835,-0.14975064604236432,-0.04560237728859598,falsch+e lösung,3.456082101322114
-4.947685416592332,0.21612483837526897,-0.2813924264047306,-0.18959014917104428,-0.054207957375862176,08.08.2026,3.535474078823655
-4.947685416592332,0.21612483837526897,-0.2813924264047306,-0.18959014917104428,-0.054207957375862176,stand 08.08.2026,3.535474078823655
-4.802633757856846,0.11956180249010595,-0.40055648737965355,-0.2621301740723799,-0.0706450575129412,16:27,3.699820236921038
-4.802633757856846,0.11956180249010595,-0.40055648737965355,-0.2621301740723799,-0.0706450575129412,08.08.2026 16:27,3.699820236921038
-4.618992395033345,-0.009121255969833486,-0.5371201825133188,-0.3465226976036496,-0.09007889555409936,16:27 uhr,3.9114925188761416
-4.224628967961549,-0.29508437132258347,-0.7991847997978585,-0.5061624557162698,-0.12718278989385298,uhr niedrigwasser,4.372399194211313
-5.173261064533669,0.38489574586695086,-0.1763168862901457,-0.0822247483400666,-0.026305006080611676,Industri…,3.269743830080477
-5.173261064533669,0.38489574586695086,-0.1763168862901457,-0.0822247483400666,-0.026305006080611676,der industri…,3.269743830080477
-5.222354026984341,0.4177480549097683,-0.13691119749962838,-0.05489207476412694,-0.01989930927553303,+4588,3.2142236332713296
-5.222354026984341,0.4177480549097683,-0.13691119749962838,-0.05489207476412694,-0.01989930927553303,industri… +4588,3.2142236332713296
-5.244305092275713,0.4323199426326725,-0.11924474169219995,-0.042497002272226414,-0.016989758790570478,+4588 char+s,3.1894624634827866
-3.9264701026415505,-0.35645997930709994,1.0139713817096925,-0.15489816630067635,0.0013034610541384078,Vorgeschmack,4.701036426665539
-3.8013037145138977,-0.42234069970856325,1.0149265703024,-0.1833234832159479,-0.003807791788111109,vorgeschmack neu+e,4.839066510269908
-3.757689599349189,-0.44481384073004016,1.0135825170750867,-0.19340716517892126,-0.005654141634700044,Normalität,4.8869348572753335
-3.757689599349189,-0.44481384073004016,1.0135825170750867,-0.19340716517892126,-0.005654141634700044,neu+e normalität,4.8869348572753335
-0.445204983287085,-2.209592236615473,1.187711340398089,-0.60577346387955,-0.06914287103818387,Kann,8.581491212763709
-3.6324835584875386,-0.5077571997911936,1.0038679302178208,-0.22318306968391172,-0.011225578574087514,normalität könn,5.0235867129272345
-3.5048008648628866,-0.5694163712312772,0.9834614424611463,-0.2552596364268104,-0.017443321544823254,könn hitze,5.16166792267148
-3.2951892929045696,-0.6662485532140403,0.9252650852664625,-0.3120955929358484,-0.02896473997301756,hitze mehr,5.386005316757423
-3.02589061596466,-0.7898189999853873,0.8188009980208539,-0.3888986019588848,-0.04520140324297106,mehr klima+schutz,5.673414679952139
-3.2461920765096828,-0.7155201191591614,1.0239589203340518,-0.2948248601105367,-0.02342185056663945,bewegen,5.4530598650773445
-3.2461920765096828,-0.7155201191591614,1.0239589203340518,-0.2948248601105367,-0.02342185056663945,klima+schutz beweg+en,5.4530598650773445
-1.067294766729412,-1.9195339907566726,1.2956311314197777,-0.5175141428448422,-0.05232877499930383,Dauerhafte,7.907013856669501
-0.8277416567690565,-2.0554074691570503,1.3364731465285677,-0.5281198572951732,-0.052493163756705985,dauerhaft+e temperatur+en,8.179658553616928
0.3892378651690436,-2.702972031235499,1.428367337952589,-0.5950369273908452,-0.057780541841709165,verheerende,9.54492224570918
0.3892378651690436,-2.702972031235499,1.428367337952589,-0.5950369273908452,-0.057780541841709165,grad verheerend+e,9.54492224570918
1.337281178769187,-3.1931187886902817,1.4684340139766698,-0.6363442117712645,-0.06012337055528101,verheerend+e wald+brand+e,10.60330000665886
3.0229292537998873,-4.055381810770019,1.5271671868958314,-0.6802850220844483,-0.05835500614684386,wald+brand+e der,12.4839488319199
12.26015772651502,-8.647235020982766,1.6534382764820421,-0.5698142484833675,0.021460670093117043,Folgen,22.76559521334656
6.213217985268889,-5.665315091686891,1.6117387222089685,-0.6895947240950842,-0.04006013442337336,der folge+n,16.04083658603032
18.934825670901404,-11.942266225195462,1.788230941454003,-0.26206286774761867,0.12723958406096225,folge+n klima+wandel+s,30.20690792025106
-1.2839810339811724,-1.8247420541091248,1.3375759599629755,-0.4825848650231721,-0.04575898443409501,früher,7.675051166330585
-1.2839810339811724,-1.8247420541091248,1.3375759599629755,-0.4825848650231721,-0.04575898443409501,klima+wandel+s früh+er,7.675051166330585
0.09569206439222455,-2.4904885045346945,1.2296397980842344,-0.6349832490438321,-0.07084376016063927,spürbar,9.185696740608257
-1.8071625070941035,-1.5454349398925507,1.3012449394094214,-0.4341042671259568,-0.03936842983578037,früh+er spür+bar,7.0896157898885654
-2.371791495000389,-1.238206356525268,1.2491660795558468,-0.37463944660626114,-0.03119537321819907,erwartet,6.4559683845384
-2.371791495000389,-1.238206356525268,1.2491660795558468,-0.37463944660626114,-0.03119537321819907,spür+bar erwart+et,6.4559683845384
-2.810512649429734,-0.9607000200282028,1.0901459732118493,-0.3529916227798105,-0.03179701800740538,lahmenden,5.944364073886517
-2.810512649429734,-0.9607000200282028,1.0901459732118493,-0.3529916227798105,-0.03179701800740538,könn lahmend+en,5.944364073886517
-2.662634902240267,-0.9955490478255378,0.9038490031197289,-0.42707475577053927,-0.0494518026868747,Klimabewegung,6.084674188851189
-2.662634902240267,-0.9955490478255378,0.9038490031197289,-0.42707475577053927,-0.0494518026868747,lahmend+en klima+bewegung,6.084674188851189
-3.2094080159888607,-0.7407912155902046,1.0463020121979425,-0.29555307723123764,-0.022985964760733113,klima+bewegung neu+en,5.496939884620329
-3.321967062639162,-0.6850843403518483,1.056971903569984,-0.2713549995792615,-0.018472822790695426,Aufschwung,5.374226685311858
-3.321967062639162,-0.6850843403518483,1.056971903569984,-0.2713549995792615,-0.018472822790695426,neu+en aufschwung,5.374226685311858
-3.482046681760025,-0.6033332360657049,1.0628097461892883,-0.23818228787222184,-0.01246905241246403,verleihen,5.19848180803385
-3.482046681760025,-0.6033332360657049,1.0628097461892883,-0.23818228787222184,-0.01246905241246403,aufschwung verleih+en,5.19848180803385
-3.6480979036529986,-0.51582695812096,1.0597884962803024,-0.20453054338580842,-0.006549848246796733,Thermometer,5.014926903005592
-3.6480979036529986,-0.51582695812096,1.0597884962803024,-0.20453054338580842,-0.006549848246796733,der thermometer,5.014926903005592
3.0705479648352973,-3.974753975702533,1.1243432943152127,-0.8025702404642825,-0.09175345211852357,zeigt,12.480019282199951
-3.7549842826333784,-0.45827691051001507,1.0540054537055805,-0.1829229246723984,-0.002814897607213429,thermometer zeig+t,4.896235176590819
-3.8022749230723605,-0.43254519676194203,1.0506289323928109,-0.17332351465247917,-0.0011680158765454696,zeig+t immer,4.843607793166495
-3.8462164025759735,-0.40849774425050134,1.0470779419683487,-0.164367249741651,0.0003628192884047171,häufiger,4.794650887765683
-3.8462164025759735,-0.40849774425050134,1.0470779419683487,-0.164367249741651,0.0003628192884047171,immer häufig+er,4.794650887765683
-3.9067468620458685,-0.37516423567597235,1.0415689400285335,-0.1519557819310216,0.002476360409688169,häufig+er mehr,4.727128244900378
-3.8485040480907298,-0.41247956072605074,1.0634231598142614,-0.15933496062486013,0.001650004807773886,mehr grad,4.794820641647908
-3.821144545453758,-0.4296771662972514,1.072515350400484,-0.16302042720751814,0.0011967196724061296,Celsius,4.826453392068492
-3.821144545453758,-0.4296771662972514,1.072515350400484,-0.16302042720751814,0.0011967196724061296,grad celsius,4.826453392068492
-3.5134498223249535,-0.6095909888014739,1.1326270443597612,-0.2122024898879506,-0.006184325313599082,CHROMORANGE,5.175584266969582
-3.5134498223249535,-0.6095909888014739,1.1326270443597612,-0.2122024898879506,-0.006184325313599082,alliance chrom+orange,5.175584266969582
-3.3423085018647294,-0.7057230190033588,1.1546178221927719,-0.23992845544149716,-0.010553310952720649,chrom+orange dauerhaft+e,5.368023259507512
-1.0890501149427037,-1.9281429261307084,1.3499349295683538,-0.49881683805631594,-0.04777998040241703,+8789,7.893063704004325
-1.0890501149427037,-1.9281429261307084,1.3499349295683538,-0.49881683805631594,-0.04777998040241703,klima+wandel+s +8789,7.893063704004325
-1.6075191102226523,-1.6523430175303573,1.3156971649475624,-0.45348994692560796,-0.041980770608194565,+8789 chars,7.313071572320974
-4.1884445599446885,-0.16123449815538615,0.7755820051723109,-0.15314274049396362,-0.004015832881320444,lkw dürf+en,4.381472246440466
-4.1631561867024605,-0.1744660175964512,0.7734693421126878,-0.16013570149038195,-0.0053504375029714835,dürf+en sonntags,4.409199730620239
-4.0945667147726965,-0.2100820106647605,0.765952763871105,-0.17926560767286323,-0.00903817800216486,fahr+en der,4.484268201847587
-4.057837711532051,-0.22899527014054977,0.7607960175842239,-0.1896245438542918,-0.011058517690865438,pure,4.524384706368992
-4.057837711532051,-0.22899527014054977,0.7607960175842239,-0.1896245438542918,-0.011058517690865438,der pur+e,4.524384706368992
-4.0330316342792845,-0.24170940491685622,0.7568463869526053,-0.1966720588473717,-0.012442679388093125,pur+e erst+e,4.55144701745092
-4.001007858403098,-0.25805601160303526,0.75117715335489,-0.2058352644260696,-0.01425418346397099,Hilfe,4.5863471326291405
-4.001007858403098,-0.25805601160303526,0.75117715335489,-0.2058352644260696,-0.01425418346397099,erst+e hilfe,4.5863471326291405
-3.6563640715180643,-0.42548648762192753,0.5711437513441083,-0.3280239841193914,-0.04099575917069753,bleibt,4.9557357599354575
-3.860026105887129,-0.3293026443375977,0.7184079861542909,-0.24709747142556499,-0.022574944168813713,Weitblick,4.739575260051235
-3.860026105887129,-0.3293026443375977,0.7184079861542909,-0.24709747142556499,-0.022574944168813713,bleib+t weitblick,4.739575260051235
-2.5554233876858143,-1.0511958652773181,0.3401681305679528,-0.570085315437741,-0.09772917485555455,Hitzesommer,6.190356422572941
-2.8555463902659497,-0.8634908520553712,0.29254644295968985,-0.5420468884705882,-0.08657786613945205,hitze+sommer niedrigwasser,5.842023793275803
-3.525540506650932,-0.5081392090894625,0.706959984835256,-0.3223867573108582,-0.036424840204935846,niedrigwasser fluss+e,5.109646109986284
-3.5549075342094367,-0.497715820858303,0.7499175425405702,-0.30564526039031936,-0.032319402541678824,fluss+e kaum,5.080494320666044
-2.7530547638515896,-0.9157192946627557,0.3608037837960174,-0.5435051003879059,-0.08482830353032372,befahrbar,5.956583693811583
-3.5636859286240057,-0.4965067764478297,0.7746449277847398,-0.2976073531083225,-0.030246643660636785,kaum befahr+bar,5.072917802234125
1.5287269645078396,-3.20371051590604,1.1692275703999546,-0.7341134464524454,-0.08400926457183487,Politik,10.769832966429743
-3.553045519394554,-0.5115488423235375,0.8325965053123006,-0.28505479004275003,-0.026526276152701214,der politik,5.090276828381347
-3.531498011801866,-0.5275827450798025,0.8577350117240247,-0.28301365662444533,-0.02552568305272919,reagiert,5.116775700135093
-3.531498011801866,-0.5275827450798025,0.8577350117240247,-0.28301365662444533,-0.02552568305272919,politik reagier+t,5.116775700135093
-3.468356298482253,-0.5692875257327179,0.8993886690702145,-0.2849996464986211,-0.024827589138482736,langfristig,5.191320504987026
-3.468356298482253,-0.5692875257327179,0.8993886690702145,-0.2849996464986211,-0.024827589138482736,reagier+t langfristig,5.191320504987026
-2.9180646452595536,-0.8317675700528553,0.6810250820266025,-0.4417873901181647,-0.058140967421330084,reicht,5.782893344795718
-3.368421536669194,-0.6251616185723234,0.9138428850619824,-0.30099770512679036,-0.02729759442929229,langfristig reich+t,5.303602240378015
-2.8888501577478873,-0.8787578896367365,0.916568977844551,-0.3870615796621788,-0.042257667817156494,was sommer,5.835140067632075
-2.718897827711605,-0.9670583992948818,0.9101672060161278,-0.41653339661838484,-0.04748335942383036,Hitzerekorde,6.022914766674587
-2.292121613585004,-1.185350088332679,0.8717888523528534,-0.4902966188246285,-0.060977611693469484,hitze+rekord+e wald+brand+e,6.49293303631675
-1.3808784558634803,-1.6475589696606838,0.6705313109314452,-0.6518939103838455,-0.09308999917744312,wald+brand+e niedrigwasser,7.494108226395132
-1.0162373029271459,-1.8483709194652227,0.826651980537804,-0.6507941425848527,-0.08772475461507065,Wir,7.908464326421959
-0.821114691276934,-1.953102218972699,0.8592978678716697,-0.6608975726180171,-0.08807669969679521,spüren,8.127859305427013
-0.821114691276934,-1.953102218972699,0.8592978678716697,-0.6608975726180171,-0.08807669969679521,wir spür+en,8.127859305427013
0.5389314143763855,-2.6918693527585265,1.1243330946036258,-0.6939654837253686,-0.08224298035110067,Tagen,9.664507435115821
0.12315017062042344,-2.5115626798505164,1.2557705608794238,-0.6293308838253175,-0.06908930349717729,spür+en tag+en,9.220015280331348
4.045911652864612,-4.542798265625539,1.467355553639102,-0.7206905171142455,-0.061541065346612425,tag+en klima+wandel,13.608350096331575
-0.7624424175402513,-2.052791329300847,1.2262569489078978,-0.5669739057332819,-0.061851712119314554,all,8.233252721035726
-0.7624424175402513,-2.052791329300847,1.2262569489078978,-0.5669739057332819,-0.061851712119314554,klima+wandel all,8.233252721035726
-1.6715582190804303,-1.567566646015612,1.1561845588677997,-0.49301236263128745,-0.05300547523912684,Sinnen,7.215013316516098
-1.6715582190804303,-1.567566646015612,1.1561845588677997,-0.49301236263128745,-0.05300547523912684,all sinn+en,7.215013316516098
-2.364012333278497,-1.1934570967034102,1.094530957173791,-0.4203430778325901,-0.04303527137627208,12.000,6.43904150788884
-2.364012333278497,-1.1934570967034102,1.094530957173791,-0.4203430778325901,-0.04303527137627208,mehr 12.000,6.43904150788884
0.09528908581348361,-2.4783174932652954,1.1828121687609159,-0.6475904087220113,-0.0757740688778418,Menschen,9.178935247347148
-2.5586859021511064,-1.0874833829958077,1.075689282593096,-0.3968182513605658,-0.039620453258271474,12.000 mensch+en,6.220837909759075
-2.0931527181878025,-1.2720530096915925,0.6916994600726032,-0.5623015622239239,-0.07817164308371684,bislang,6.701570781289839
-2.8625407923772714,-0.9213039786571207,1.0447690183438456,-0.35697787940497455,-0.033674409792522356,mensch+en bislang,5.8802204754551
-3.106526252339834,-0.7871369060974165,1.0184579891286794,-0.3219682820787889,-0.02830544372511165,bislang folge+n,5.606687827106566
-2.6028943817243553,-0.9239972777462317,0.47778960014412286,1.2125246879948999,-1.1885131291202837,hohen,6.226209748354253
-3.2503957401075354,-0.7076950621826783,1.0022484990106073,-0.2999499307402686,-0.024869683681904703,folge+n hoch+en,5.445384468782058
-3.3195751597040344,-0.6694040486646662,0.9942539939787324,-0.2889776516260957,-0.023142236660408905,Temperatu…,5.367819101208373
-3.3195751597040344,-0.6694040486646662,0.9942539939787324,-0.2889776516260957,-0.023142236660408905,hoch+en temperatu…,5.367819101208373
-3.442334815362152,-0.6013034610126264,0.9797240520199677,-0.2688646996136411,-0.01995129569503576,+1449,5.230173675286462
-3.442334815362152,-0.6013034610126264,0.9797240520199677,-0.2688646996136411,-0.01995129569503576,temperatu… +1449,5.230173675286462
-3.497178998479792,-0.5708135120754649,0.9730824826222829,-0.2596047018811258,-0.018472198530832706,+1449 chars,5.168677030171358
-2.6520559139475566,-1.5437071949325332,-1.8254076898096443,-0.9629260753113585,-0.22661806697881168,Baden-Württemberg,6.269926530993913
-5.313945464478613,0.4781303768057623,-0.24625754650091472,-0.027322769747203268,-0.006685803113920544,niedrigwasser baden-württemberg,3.105312139215007
-5.509849025709253,0.614571570636196,-0.06493408602243575,0.09394591122478435,0.02143588309105167,Lkw-Sonntagsfahrverbot,2.882865050911692
-5.509849025709253,0.614571570636196,-0.06493408602243575,0.09394591122478435,0.02143588309105167,baden-württemberg lkw+-+sonntag+s+fahr+verbot,2.882865050911692
-5.591759496524785,0.6680987512754526,0.015039229986905593,0.1481938848656344,0.033955175964147086,lkw+-+sonntag+s+fahr+verbot aus+setz+en,2.7917100445880774
-5.615317108785008,0.6830081089285402,0.03850641466440333,0.16419978686321524,0.03764111869559196,aus+setz+en nach,2.7657407929283444
-5.625458289601209,0.6893534492605733,0.04867329098115034,0.17114643654245343,0.039239677122513375,nach mehrere+n,2.75459814039265
-4.441857179559491,-0.1890792815286304,-0.9102104546032158,-0.44952381471757985,-0.10563025482816266,Bundesländern,4.132731916285296
-5.641580895854297,0.6993475317912954,0.06491698098295612,0.18226054048749674,0.04179576126613384,mehrere+n bund+es+land+ern,2.7369303884057814
-5.313945464478613,0.4781303768057623,-0.24625754650091472,-0.027322769747203268,-0.006685803113920544,bund+es+land+ern baden-württemberg,3.105312139215007
-5.528244305098925,0.626805585282497,-0.04719198731802765,0.10594092289195012,0.024207530553649007,baden-württemberg sonntag+s+fahr+verbot,2.8622841338455607
-4.990007157757441,0.23650352998081225,-0.5177174948555004,-0.20424915490921564,-0.04799088845861747,sonntag+s+fahr+verbot last+wagen,3.482311412625825
-5.558915115244904,0.6469364178644441,-0.017329976689497636,0.12618136766156057,0.028880030012368815,ausgesetzt,2.828107066730933
-5.558915115244904,0.6469364178644441,-0.017329976689497636,0.12618136766156057,0.028880030012368815,last+wagen aus+ge+setz+t,2.828107066730933
-4.937524187721749,0.19627205612095078,-0.5586755711282722,-0.23044410512247376,-0.05412906042716763,Dies,3.544098076981998
-5.418245436811011,0.5520489854581827,-0.15143317023301647,0.035794085101232276,0.007972713380044835,dies logistik,2.9861921029166947
-5.313945464478613,0.4781303768057623,-0.24625754650091472,-0.027322769747203268,-0.006685803113920544,logistik angesichts,3.105312139215007
-5.313945464478613,0.4781303768057623,-0.24625754650091472,-0.027322769747203268,-0.006685803113920544,entlasten,3.105312139215007
-5.313945464478613,0.4781303768057623,-0.24625754650091472,-0.027322769747203268,-0.006685803113920544,niedrigwasser+s entlast+en,3.105312139215007
-5.528244305098925,0.626805585282497,-0.04719198731802765,0.10594092289195012,0.024207530553649007,wasser+straße+n baden-württemberg,2.8622841338455607
-5.311495273609372,0.47636440385969747,-0.2484394517006829,-0.028767226969918902,-0.007021791814247183,baden-württemberg sonn+-,3.108126855555552
-5.4439688908334425,0.5698573737548449,-0.12745182412851563,0.05186156423451843,0.011696842058698684,Geplant,2.9570433435142114
-5.4584555736807525,0.5798037884877385,-0.11384074189061444,0.06099970920850517,0.013813471949733994,ge+plan+t sei,2.9406717978733394
-5.483948733497167,0.597154377107654,-0.08970245520301565,0.0772388200627962,0.017572282308999834,sei komm+end+en,2.911942581044187
-4.699483396860225,0.011926060591808563,-0.7350178669211233,-0.3416587784164061,-0.08024114525277809,Wochenende,3.8258865930777417
-5.497948356205544,0.6065959078740275,-0.07634539472252203,0.08624306412996718,0.019655010899867972,komm+end+en woche+n+ende,2.8962113907566653
6.442341021539855,-5.693588930018327,1.3032953436156618,-0.781920972992526,-0.06276699005583672,Ende,16.249297902788104
-5.724434215751992,0.7487310699456553,0.149949775734991,0.24074919111366666,0.05521603677284008,woche+n+ende ende,2.6471160226224426
-5.727605766113015,0.7505505100211569,0.15325657153653455,0.24303416739344896,0.055739223050209966,Septem…,2.643712847343829
-5.727605766113015,0.7505505100211569,0.15325657153653455,0.24303416739344896,0.055739223050209966,ende septem…,2.643712847343829
-5.732994434634434,0.7536290424429404,0.15888377724175975,0.2469243283473348,0.056629748385028975,+1797,2.637936879570386
-5.732994434634434,0.7536290424429404,0.15888377724175975,0.2469243283473348,0.056629748385028975,septem… +1797,2.637936879570386
-5.736378071783174,0.7555537882930339,0.16242282165415375,0.24937207435130448,0.05718995234540923,+1797 chars,2.6343141011236715
-3.5381923491196163,-0.8860422306684468,-1.425517204676508,-0.7499354324972244,-0.1764857210869282,niedrigwasser niedrigwasser,5.213283199658311
-1.4894048405156752,-1.5891118799504529,0.627928737844083,-0.6502353693902511,-0.09422092173805643,Weitere,7.371550291841487
-4.7553336985932315,0.0553753351266848,-0.694968502840158,-0.31662778683829673,-0.07435752457309108,niedrigwasser weit+er+e,3.7595828237949815
-4.930664480272355,0.19099923949033926,-0.5639709569355917,-0.2338209574208645,-0.05492071355537384,Elbfähre,3.5521846039057343
-4.930664480272355,0.19099923949033926,-0.5639709569355917,-0.2338209574208645,-0.05492071355537384,weit+er+e elbfähre,3.5521846039057343
-5.0090269923628785,0.2510307061779127,-0.5026776841403471,-0.1945967295137628,-0.045730379257080025,elbfähre stell+t,3.459958173831265
-3.3020180629314817,-1.0640359018267387,-1.5404451003862023,-0.8131156660060469,-0.19137965891457592,Betrieb,5.495425748103086
-4.976808140976782,0.2264050294732416,-0.5280925992573667,-0.21089730968337597,-0.049548241491190886,stell+t betrieb,3.4978359949867737
-5.536599041940054,0.6323230339550925,-0.039092366570747425,0.11142446554327878,0.025473954066774954,betrieb hier,2.8529568958086102
2.3262639334240003,-3.6956838077186966,-0.19767918327800885,-1.0641895876589669,-0.17701964184617092,macht,11.661956644103629
-5.45734871924601,0.579046004804022,-0.11488339050227758,0.060299221740124254,0.013651257760244104,fluss+en mach+t,2.941921511722083
-4.106703532987281,-0.449978744464282,-1.1173819280806736,-0.573474647016583,-0.13485494928354202,neben,4.533279874362302
-5.494306838041023,0.6041460992232046,-0.07982672043725342,0.08389498728371564,0.019111989546857097,mach+t neben,2.900300134018081
-5.523867617328751,0.6239054051773911,-0.051424660139038264,0.1030772411495261,0.0235460031271819,Frachtschiffen,2.867175349563107
-5.523867617328751,0.6239054051773911,-0.051424660139038264,0.1030772411495261,0.0235460031271819,neben fracht+schiff+en,2.867175349563107
-5.591759496524785,0.6680987512754526,0.015039229986905593,0.1481938848656344,0.033955175964147086,Fähren,2.7917100445880774
-5.591759496524785,0.6680987512754526,0.015039229986905593,0.1481938848656344,0.033955175964147086,fracht+schiff+en fähre+n,2.7917100445880774
-5.615317108785008,0.6830081089285402,0.03850641466440333,0.16419978686321524,0.03764111869559196,schaffen,2.7657407929283444
-5.615317108785008,0.6830081089285402,0.03850641466440333,0.16419978686321524,0.03764111869559196,fähre+n schaff+en,2.7657407929283444
-5.663789706058354,0.7129185820051751,0.087454118484406,0.19771201313569542,0.04534628925766131,fähre elbe,2.7126907550611103
-5.680687387640325,0.7230857651796851,0.10472713589531127,0.20957902136443418,0.04807067377491846,Bleckede,2.69432649730031
-5.680687387640325,0.7230857651796851,0.10472713589531127,0.20957902136443418,0.04807067377491846,elbe bleckede,2.69432649730031
-5.693959187738937,0.7309714634607509,0.11836982681242852,0.21896698846227503,0.050224372803204395,Neu-Bleckede,2.6799521018337638
-5.693959187738937,0.7309714634607509,0.11836982681242852,0.21896698846227503,0.050224372803204395,bleckede neu-blecked+e,2.6799521018337638
-5.705443593310205,0.7377220360875318,0.1302291988438154,0.22713860901786442,0.052097894300815586,östlich,2.667549556585165
-5.705443593310205,0.7377220360875318,0.1302291988438154,0.22713860901786442,0.052097894300815586,neu-blecked+e östlich,2.667549556585165
-5.714780761763002,0.7431591855369628,0.13990815508470986,0.23381527789986734,0.05362787268643014,Lüneburg,2.6574910572245085
-5.714780761763002,0.7431591855369628,0.13990815508470986,0.23381527789986734,0.05362787268643014,östlich lüneburg,2.6574910572245085
-5.723127279798504,0.7479796988837659,0.14858821787720894,0.23980858970173813,0.05500064445236803,lüneburg niedersachsen,2.6485191943757784
-5.737471530752677,0.756174409085798,0.16356742965436988,0.2501639228612159,0.057371157775764084,Betrieb…,2.633144033373053
-5.737471530752677,0.756174409085798,0.16356742965436988,0.2501639228612159,0.057371157775764084,niedersachsen betrieb…,2.633144033373053
-5.742699634687888,0.7591323604055569,0.16904634900329096,0.2539555764809158,0.05823869028259808,+815,2.627554210782212
-5.742699634687888,0.7591323604055569,0.16904634900329096,0.2539555764809158,0.05823869028259808,betrieb… +815,2.627554210782212
-5.745174303938616,0.7605270236441357,0.17164334765412959,0.2557535627183606,0.05864998712873894,+815 char+s,2.624910974920897
-4.725845148775962,0.03244482840393448,-0.7162113532485944,-0.32992154586809225,-0.07748183458702956,Extremwetter,3.7945786262727172
-4.659093009510106,-0.01954169419213514,-0.7635020188666998,-0.35937844295925736,-0.08440825713781228,extrem+wetter niedrigwasser,3.8738941137902834
-4.08406818563074,-0.41167479100278115,-0.9210495588800972,-0.5380927539063523,-0.12915191242231136,niedrigwasser lkw+-+fahr+verbot,4.54181719644056
-2.4218678825647304,-1.4599713982507754,-1.1293057367876358,-0.8977927970182661,-0.22797069109920853,gelockert,6.45655982617694
-3.2106206719101333,-0.9396665558417756,-0.7800016646308263,-0.7088096387854061,-0.1845968716915024,lkw+-+fahr+verbot ge+locker+t,5.5437734438001165
-5.565573066902061,0.6512602693767537,-0.010801107276586383,0.13061521155010597,0.029902830954403478,ge+locker+t hier,2.8207116344040215
-5.29794004034585,0.4665724692500628,-0.26047320373733385,-0.036727374190715756,-0.008873767943932659,thema extrem+wetter,3.1237112267744354
-5.5836442956998695,0.6629096352794983,0.00700368558071799,0.14272230893564108,0.032694302156964686,fluss+en baden-württemberg,2.800682855677853
-4.990158611630482,0.25990799855846736,-0.3267148498226148,-0.17075017538119328,-0.03926135326728934,und…,3.4740731706365797
-5.729446040579626,0.7516036746328814,0.15517707045215984,0.24436157923896717,0.05604311855978465,woche+n+ende und…,2.6417394198854374
-5.732994434634434,0.7536290424429404,0.15888377724175975,0.2469243283473348,0.056629748385028975,+5623,2.637936879570386
-5.732994434634434,0.7536290424429404,0.15888377724175975,0.2469243283473348,0.056629748385028975,und… +5623,2.637936879570386
-5.736378071783174,0.7555537882930339,0.16242282165415375,0.24937207435130448,0.05718995234540923,+5623 chars,2.6343141011236715
-3.899733711606216,-0.5330994533434126,-0.37036952181705796,-0.49054227350633006,-0.1378897066231318,Hitze-Liveblog,4.773602188894201
-4.5209326423645395,-0.0841874709798498,-0.6487835990985584,-0.37231515252160435,-0.09025247216149468,hitze-liveblog niedrigwasser,4.025491167801164
-4.410054588017079,-0.12834883994982604,-0.3532363827120436,-0.3555813998422022,-0.09619283747494067,Weltkriegsbombe,4.150487750324784
-5.242261863322387,0.43031600842861684,-0.08676457792103992,-0.015982517943431584,-0.00756496084685554,ge+locker+t welt+krieg+s+bombe,3.192392985597321
-2.888447471763687,-1.159391583982905,-1.0750424014412228,-0.8247670072923594,-0.20885180545605384,welt+krieg+s+bombe niedrigwasser,5.914973639518587
-4.3368322191173805,-0.17965311031064113,-0.398017304492419,-0.382898637056985,-0.10232229793366433,niedrigwasser köln,4.2353840826321925
-3.9989794239386187,-0.4160768657044649,-0.4769656155122475,-0.49359249897738794,-0.13333590850423416,köln rhein,4.6320241521263
-4.578335747112066,-0.024814773206832008,-0.23339272605495845,-0.2800387251863455,-0.0786466712396307,rhein ge+find+en,3.9622142191029193
0.03444453001400305,-3.12572152469926,-1.2342683247153732,-1.121039624970033,-0.29855336662991905,+++,9.36366801912136
-4.736452892359298,0.0747908273005613,-0.10669097890147555,-0.20847922563485255,-0.06320149979061992,ge+find+en +++,3.785132895961097
-5.390789442298567,0.5197685766034543,0.061262238410378346,0.07661951071417628,0.013420121858681452,261,3.0298583165456106
-5.390789442298567,0.5197685766034543,0.061262238410378346,0.07661951071417628,0.013420121858681452,+++ 261,3.0298583165456106
-5.405523295029627,0.5281811292223517,0.07589137383476836,0.08603509458189484,0.015554066112309736,261 mensch+en,3.0139524357452685
-4.723570914847267,0.06655121191149238,-0.4729779482211469,-0.2758796529529874,-0.06826856364550046,Jahr,3.7885966646247735
-5.46686297880598,0.5610831761421462,0.14004096818552642,0.12656665020227875,0.024670812675891565,mensch+en jahr,2.948783015769743
-5.480700400822256,0.5678110554072113,0.15563282374839038,0.13611481936345216,0.026794091225099972,jahr deutsch+en,2.934422865587396
-4.844271186070798,0.15317660822955825,-0.3780259930828481,-0.2179133966547687,-0.05487516465052086,Gewässern,3.648823014036532
-5.495048560876238,0.5743395185318418,0.1725560332051961,0.14625937236134823,0.029033523211740145,deutsch+en gewässer+n,2.91975139442538
-5.506811547585861,0.5792101160608678,0.18725762728698464,0.15482999920960838,0.03090755036519667,ertrunken,2.90795793221813
-5.506811547585861,0.5792101160608678,0.18725762728698464,0.15482999920960838,0.03090755036519667,gewässer+n ertrink+en,2.90795793221813
-5.374046817040556,0.5100320706070038,0.04489561657535474,0.06604077081068316,0.01101740759227092,ertrink+en +++,3.048021101890339
-5.519888321224952,0.5838218595690974,0.20499681483969392,0.16476745365383405,0.0330504587198399,9600,2.895237222619209
-5.519888321224952,0.5838218595690974,0.20499681483969392,0.16476745365383405,0.0330504587198399,+++ 9600,2.895237222619209
-5.523761641416838,0.5849395310708965,0.21068435104897354,0.16783476591052815,0.03370283781823395,Hitzetote,2.8915897337915286
-5.523761641416838,0.5849395310708965,0.21068435104897354,0.16783476591052815,0.03370283781823395,9600 hitzetot+e,2.8915897337915286
-5.532178004328126,0.5867113104867121,0.22418710717412157,0.1748206494804947,0.03516538114379829,hitzetot+e deutschland,2.8839818399899606
-5.539306667518735,0.5869085052027965,0.23788164078136276,0.18136326941134595,0.03649079352579977,heißer,2.8781674604292893
-5.539306667518735,0.5869085052027965,0.23788164078136276,0.18136326941134595,0.03649079352579977,deutschland heiß+er,2.8781674604292893
-5.541792143731821,0.5863648660744334,0.24370874434388834,0.18393406019903102,0.03699269486341876,Juniwoche,2.876435528283084
-5.541792143731821,0.5863648660744334,0.24370874434388834,0.18393406019903102,0.03699269486341876,heiß+er juni+woche,2.876435528283084
-5.374046817040556,0.5100320706070038,0.04489561657535474,0.06604077081068316,0.01101740759227092,juni+woche +++,3.048021101890339
-4.261478364574645,-0.304177688268243,-0.1684789118177019,-0.34905263359268346,-0.10268190524174524,Entwicklungen,4.362771139180237
-4.261478364574645,-0.304177688268243,-0.1684789118177019,-0.34905263359268346,-0.10268190524174524,+++ entwicklung+en,4.362771139180237
-3.697889920012388,-0.6716324065133312,-0.451381527555229,-0.5512435233442659,-0.15298892667273573,Liveblog,5.008794371158186
-3.697889920012388,-0.6716324065133312,-0.451381527555229,-0.5512435233442659,-0.15298892667273573,entwicklung+en liveblog,5.008794371158186
-4.364617185442219,-0.25872212963963737,-0.09272825551351604,-0.3017234131192543,-0.09198253914181007,liveblog angesichts,4.255132561874565
-4.3972614280898465,-0.2517233631367777,-0.0618717773365724,-0.28367757885089706,-0.0880510914140534,jüngsten,4.224515632171276
-4.3972614280898465,-0.2517233631367777,-0.0618717773365724,-0.28367757885089706,-0.0880510914140534,angesichts jung+st+en,4.224515632171276
-4.409452049169785,-0.25336987326679594,-0.04649523362525315,-0.2753064904726597,-0.08630468987423608,jung+st+en hitze+welle+n,4.215061622717906
-4.417882208235124,-0.2677144335788424,-0.02409889322570591,-0.26457917668970204,-0.08426538720811863,hitze+welle+n tausend+en,4.214650745818924
-4.413839269528888,-0.28530928657009724,-0.013158418945215342,-0.2606100693035913,-0.08371125954629549,Toten,4.226199438865642
-4.413839269528888,-0.28530928657009724,-0.013158418945215342,-0.2606100693035913,-0.08371125954629549,tausend+en tot+en,4.226199438865642
-4.164957972351393,-0.41926442178846557,-0.16404004016294318,-0.3590200329823128,-0.10595884505049082,fordern,4.497493271732691
-4.407395490044886,-0.2998017605667833,-0.00777097583903083,-0.25933271566285865,-0.0836765452606038,tot+en forder+n,4.238320807897726
-4.383173428097392,-0.3403241838241935,-3.591788268363094e-05,-0.2597012939853861,-0.08441062227868723,Bundesärztekammer,4.27741469137867
-4.383173428097392,-0.3403241838241935,-3.591788268363094e-05,-0.2597012939853861,-0.08441062227868723,forder+n bund+es+arzt+e+kammer,4.27741469137867
-3.1526574672183596,-1.074444613970777,-0.5597934879886214,-0.6468763938161688,-0.17534008962992417,rund,5.6605778871364505
-4.272128383761232,-0.484920905209572,-0.002205085039445151,-0.2759015847106465,-0.09011960801130649,bund+es+arzt+e+kammer rund,4.437611141947215
-2.9238005930771296,-1.2350171324255967,-0.6946348956742748,-0.7033965447028476,-0.1865986445984535,weitere,5.928284910156185
-4.186222099039346,-0.5860428192044536,-0.013779758282766064,-0.29139121843282156,-0.09492826596450216,rund weit+er+e,4.556651315527685
-4.036468616018967,-0.7544791882699169,-0.04045713111374909,-0.31904554386252837,-0.10321473651804693,europäische,4.760729971626979
-4.036468616018967,-0.7544791882699169,-0.04045713111374909,-0.31904554386252837,-0.10321473651804693,weit+er+e europäisch+e,4.760729971626979
-3.220118401471421,-1.5965395461961327,-0.21696047800906623,-0.4506741077268953,-0.1414003827311927,Gesundheitsorganisationen,5.842280274719294
-3.220118401471421,-1.5965395461961327,-0.21696047800906623,-0.4506741077268953,-0.1414003827311927,europäisch+e gesundheit+s+organisation+en,5.842280274719294
-4.335906742283358,-0.46787225384064834,0.03396975206496383,-0.24764282598174653,-0.08363830361795097,gesundheit+s+organisation+en deutlich,4.375545405297517
-3.1784278230380227,-1.0358583420238445,-0.6602109342995236,-0.6627587471601608,-0.17527484161035028,deutlich mehr,5.617717258815686
-4.47294277159086,-0.32834792608035945,0.06376529819467704,-0.21369172004103504,-0.07411163372808088,Anstrengung,4.195792790938249
-4.47294277159086,-0.32834792608035945,0.06376529819467704,-0.21369172004103504,-0.07411163372808088,mehr anstrengung,4.195792790938249
-4.628763600248938,-0.17441392304439107,0.09786015724852182,-0.17111911098118965,-0.062302713346678175,müsse,3.9937479495279766
-4.669571319924557,-0.135251515186944,0.10698446659244987,-0.1591584185188733,-0.05901625498764395,Erkl…,3.9413949314298393
-4.669571319924557,-0.135251515186944,0.10698446659244987,-0.1591584185188733,-0.05901625498764395,müss+e erkl…,3.9413949314298393
-4.694891891310876,-0.1112281242111286,0.11271379506627623,-0.1515521284684722,-0.05693353738867343,+1522,3.909044361742366
-4.694891891310876,-0.1112281242111286,0.11271379506627623,-0.1515521284684722,-0.05693353738867343,erkl… +1522,3.909044361742366
-4.714870096839044,-0.09242805044896296,0.11727678030392674,-0.14544782270215156,-0.05526612869177697,+1522 char+s,3.883594194685597
-4.7060132844785585,0.01701019513094071,-0.7303754516224766,-0.33876421850098093,-0.07956059243308577,Landkreis,3.818129577923632
-5.313945464478613,0.4781303768057623,-0.24625754650091472,-0.027322769747203268,-0.006685803113920544,niedrigwasser land+kreis,3.105312139215007
-4.842017511723569,0.12260814443847456,-0.6312302629760848,-0.2765138042757046,-0.06493624891760472,Harz,3.6568863081630516
-5.059568697447954,0.2894781479099655,-0.4621921231975563,-0.1685244488911326,-0.03962818234606548,land+kreis harz,3.4006668790396026
-5.11192875322954,0.3290370287295934,-0.41943482653756015,-0.14084953310348483,-0.0331570556886506,schränkt,3.3394241734106447
-5.11192875322954,0.3290370287295934,-0.41943482653756015,-0.14084953310348483,-0.0331570556886506,harz schränk+t,3.3394241734106447
-4.953679662189599,0.2086775865658428,-0.5461516805676955,-0.2224486668296028,-0.05225497756120895,Wasserentnahme,3.5250628770952313
-5.211748999652797,0.4035121382783631,-0.33553739729173093,-0.0861353249045092,-0.020383536097132296,schränk+t wasser+entnahme,3.223264653235151
-5.536599041940054,0.6323230339550925,-0.039092366570747425,0.11142446554327878,0.025473954066774954,wasser+entnahme hier,2.8529568958086102
-5.482952912422276,0.5964803973181834,-0.09064982203748492,0.0766006753609651,0.017424636474945368,sie land+kreis,2.913062822105352
-5.643226400298355,0.7003609290055568,0.0665803884247082,0.18339972946084493,0.042057654045770346,der wasser+entnahme,2.7351304900038893
-5.6701851981554245,0.7167831416446466,0.09397890550533397,0.2021922005243334,0.04637509041809003,wasser+entnahme gewässer+n,2.705732049302486
-5.684989112077671,0.7256514910916292,0.10914174203324693,0.21261539474177582,0.048767401445072286,gewässer+n harz,2.689662578137751
-5.697663588770583,0.7331564275954601,0.12218970098799325,0.2215979495061775,0.05082769369941657,harz land+kreis,2.6759478603755724
-5.706264375634668,0.7382018479929087,0.13107869847991777,0.22772433684561155,0.05223214421534374,eingeschränkt,2.6666644544747737
-5.706264375634668,0.7382018479929087,0.13107869847991777,0.22772433684561155,0.05223214421534374,land+kreis ein+ge+schränk+t,2.6666644544747737
-5.716953095391384,0.7444174564723305,0.14216475432422154,0.23537287134338014,0.053984696444255784,worden,2.655154185096904
-5.716953095391384,0.7444174564723305,0.14216475432422154,0.23537287134338014,0.053984696444255784,ein+ge+schränk+t werd+en,2.655154185096904
-5.725079316442555,0.7491015983924931,0.1506220765458366,0.2412136837352219,0.05532239759185843,Entnahme,2.64642358931423
-5.725079316442555,0.7491015983924931,0.1506220765458366,0.2412136837352219,0.05532239759185843,der entnahme,2.64642358931423
-5.732994434634434,0.7536290424429404,0.15888377724175975,0.2469243283473348,0.056629748385028975,Oberflächenwasser,2.637936879570386
-5.732994434634434,0.7536290424429404,0.15888377724175975,0.2469243283473348,0.056629748385028975,entnahme oberfläche+n+wasser,2.637936879570386
-5.742699634687888,0.7591323604055569,0.16904634900329096,0.2539555764809158,0.05823869028259808,oberfläche+n+wasser sei,2.627554210782212
-5.746617646141565,0.7613388277438433,0.17315910812121904,0.25680319529882867,0.05889007006851606,sei dienstag,2.6233701073940017
-5.7521031831407425,0.7644131345432892,0.178927065268673,0.2607988852851131,0.05980383767390306,untersagt,2.617519263359572
-5.7521031831407425,0.7644131345432892,0.178927065268673,0.2607988852851131,0.05980383767390306,dienstag unter+sag+t,2.617519263359572
-5.761496094068361,0.7696362873097367,0.18882997421641418,0.2676645578051209,0.06137331044880355,Grundwasser,2.607520697815032
-5.761496094068361,0.7696362873097367,0.18882997421641418,0.2676645578051209,0.06137331044880355,unter+sag+t grund+wasser,2.607520697815032
-5.767302850534433,0.772838992709644,0.19496867277023872,0.2719240235257989,0.062346611172950026,Beregnungszwecke,2.601352233027092
-5.767302850534433,0.772838992709644,0.19496867277023872,0.2719240235257989,0.062346611172950026,grund+wasser beregnungszweck+e,2.601352233027092
-5.7729282467656144,0.7759222321771118,0.20092776501962234,0.27606143872706346,0.06329172712501278,eingesc…,2.5953858112131756
-5.7729282467656144,0.7759222321771118,0.20092776501962234,0.27606143872706346,0.06329172712501278,beregnungszweck+e eingesc…,2.5953858112131756
-5.57740463522849,0.658901833989306,0.0008421397895409313,0.13852992872836561,0.031727919838573274,+547,2.807591038044691
-5.776007765145534,0.7776019076156155,0.20419500652518505,0.2783309699995664,0.06381003512006951,eingesc… +547,2.5921235532890807
-5.5811163183434775,0.6612877545785403,0.004505590189791159,0.14102224909395655,0.03230245261475932,+547 chars,2.8034807340948737
-5.275471086787544,0.4502620928236607,-0.2802820502871384,-0.04980699718181647,-0.011918279808087892,Drei,3.1495889221191344
-5.244513273881727,0.42763662311431894,-0.30729544664985686,-0.06759614740829722,-0.016061862503613064,drei weit+er+e,3.1853315573550534
-5.181000357326187,0.380718355114374,-0.36172167534091204,-0.10326954635125021,-0.024380677040223425,weit+er+e bund+es+land+er,3.258955775605025
-3.6744718405101713,-0.7824512426113559,-1.3559645836304377,-0.7109806801107517,-0.16729753552328264,setzen,5.05034816954696
-4.9972905506778815,0.2420700576495114,-0.5119706963258012,-0.20056303104808,-0.047127547027286346,bund+es+land+er setz+en,3.47374902360013
-4.761631313890612,0.06026903371929726,-0.6904033615955533,-0.3137659641027907,-0.07368506880391781,setz+en lkw+-+fahr+verbot+e,3.7521127633303824
-5.041263535145843,0.27558089574601907,-0.47694327833199623,-0.17803901078759501,-0.04185442196781888,lkw+-+fahr+verbot+e baden-württemberg,3.4221220830197328
-4.457200468248372,-0.17710206453734934,-0.9001911107675219,-0.44342825636966915,-0.10419419497493623,Bayern,4.11442227468276
-4.457200468248372,-0.17710206453734934,-0.9001911107675219,-0.44342825636966915,-0.10419419497493623,baden-württemberg bayern,4.11442227468276
-4.472157056424402,-0.1654258093049874,-0.8903759732710715,-0.4374481516320051,-0.10278546634837817,Mecklenburg-Vorpommern,4.096577480834354
-4.472157056424402,-0.1654258093049874,-0.8903759732710715,-0.4374481516320051,-0.10278546634837817,bayern mecklenburg-vorpommern,4.096577480834354
-4.291214740085559,-0.3065661736273375,-1.0060068635577613,-0.5073405599654424,-0.11925735158422238,mecklenburg-vorpommern locker+n,4.312653265658524
-4.0748699219976645,-0.47464623272503204,-1.1359782914275458,-0.5844001061055677,-0.13743239972208207,locker+n wegen,4.571360129263223
-4.411046829790127,-0.21312632858496805,-0.9301801488799969,-0.46164581328809906,-0.10848647739762939,niedrigwasser+s sonn+-,4.169508876021331
-2.3362101746282615,-1.1827534313470762,0.04635866430201469,-0.6891690712806563,-0.13100121123908692,der rhein,6.434193975654308
-5.018909301290888,0.258566615648097,-0.49482138562040245,-0.18954748098617769,-0.044548181441336904,rhein kaub,3.448352432071897
-5.03779739499119,0.2729457680183345,-0.4797251268382706,-0.1798313960682626,-0.04227389119700961,kaub bald,3.426187159137386
-5.074862618932206,0.3010635121040879,-0.44978989113764434,-0.16051173403817176,-0.03775392930810616,bald mehr,3.3827583602122364
-5.0888345954717575,0.3116259612798775,-0.43839730687678835,-0.15314071761126807,-0.03603025301321697,durchgängig,3.366412000017822
-5.0888345954717575,0.3116259612798775,-0.43839730687678835,-0.15314071761126807,-0.03603025301321697,mehr durchgängig,3.366412000017822
-5.093361522903888,0.3150436387711666,-0.4346932554688596,-0.15074200925536843,-0.035469426563440556,durchgängig befahr+bar,3.361118755816053
-5.55276149803715,0.6429251872664306,-0.023349515346531888,0.12209614331364438,0.027937408136727085,sein.W…,2.834949927689832
-5.55276149803715,0.6429251872664306,-0.023349515346531888,0.12209614331364438,0.027937408136727085,befahr+bar sein.w…,2.834949927689832
-5.562387342232819,0.649193482182568,-0.013927142483642033,0.12849189480061524,0.02941305739857257,+4048,2.824249154864835
-5.562387342232819,0.649193482182568,-0.013927142483642033,0.12849189480061524,0.02941305739857257,sein.w… +4048,2.824249154864835
-5.568352045571663,0.6530599925297107,-0.008071086611834297,0.132470117448653,0.030330640339052847,+4048 char+s,2.8176274007119004
-4.556748426672786,-0.29218350963436546,-0.03151730005855158,-0.24357971052461852,-0.08499577620662041,hitze-liveblog industrie,4.105286207571815
-3.750179273418496,-0.7240555553263333,-0.3735423202502345,-0.5185960849824681,-0.14933560663131942,drosselt,4.988776194736423
-3.750179273418496,-0.7240555553263333,-0.3735423202502345,-0.5185960849824681,-0.14933560663131942,industrie drossel+t,4.988776194736423
-3.6488080981423545,-0.7219145162100675,-0.4891870194450034,-0.5703870868387042,-0.15821314745066167,drossel+t wegen,5.072929604448805
-1.05967441956418,-2.358105215606232,-1.5810631886648712,-1.1377331249172102,-0.286233755790129,Rhein-Niedrigwasser,8.043371450540443
-3.3875474355783615,-0.8617357006343971,-0.6516769995422226,-0.6575310324070283,-0.17686407822279207,wegen rhein+-+niedrigwasser,5.35852345212818
-3.8945126062839073,-0.5199876393070086,-0.4286645182056634,-0.5067965487169295,-0.14025685375198996,Produktion,4.770651332708778
-3.8945126062839073,-0.5199876393070086,-0.4286645182056634,-0.5067965487169295,-0.14025685375198996,rhein+-+niedrigwasser produktion,4.770651332708778
-4.562297709039435,-0.09035451508556758,-0.0945839652822156,-0.26415770199983174,-0.0821436677840525,Rufe,4.009524645564255
-5.015059104398884,0.24626766285102497,0.032069404599279,-0.09476040828198903,-0.037368834816248725,produktion ruf+e,3.473137935588148
-4.63071202312601,-0.05027911382081518,-0.04955546387516456,-0.23368760200809421,-0.07505241150948777,Aufnahme,3.933815219749143
-4.63071202312601,-0.05027911382081518,-0.04955546387516456,-0.23368760200809421,-0.07505241150948777,ruf+e aufnahme,3.933815219749143
-4.220696766185885,-0.35817137988276126,-0.1612350149310886,-0.36555966217791175,-0.1098911654027544,Hitzeschutz,4.422659839261993
-4.68218123119065,-0.021312133523549326,-0.013397667928838938,-0.20973450496903087,-0.06952335947082573,aufnahme hitze+schutz,3.877471732291228
-1.621111420920954,-1.5879256375384867,0.9160845248500971,-0.5724401166404528,-0.0900395194094328,Gemeinschaftsaufgabe,7.2647132003890125
-5.238161647044199,0.3846143634500725,0.18538673633025465,0.023879739040673642,-0.00882610581641989,hitze+schutz gemeinschaft+s+aufgabe,3.22446144020332
-4.745513408832796,0.015758899085066114,0.03162767823178642,-0.17931196615917167,-0.06236025070401023,Verfassung,3.8075496372249327
-5.280728597260594,0.41399885077689724,0.21073293385879627,0.047394752075292534,-0.0028098211604817708,gemeinschaft+s+aufgabe verfassung,3.175647001499481
-5.260007262647796,0.4060273270856063,0.1896887744217894,0.03488481929013659,-0.005428998933069418,verfassung +++,3.1963510028639717
-4.431212124348406,-0.17297060019005905,-0.14250052377265876,-0.3094157681528582,-0.09300636690746658,+++ lkw+-+fahr+verbot,4.158318646642004
-4.172646088364974,-0.4536147637998331,-0.15876990457526338,-0.37503316537837683,-0.11511690096352903,ge+locker+t +++,4.506862637139639
-5.036573692136946,0.28790727187129095,-0.002863051234828898,-0.0898824197534942,-0.03323106984724779,+++ welt+krieg+s+bombe,3.435085405048775
-5.401831424512045,0.48075329333381966,0.2906521784065703,0.11393972012758175,0.012827033327791823,hitze-liveblog ruf+e,3.0446404707304433
-5.325473914712392,0.423837408896675,0.26002980630336753,0.07475752166696692,0.002479852424262921,hitze+schutz verfassung,3.1343172605460397
-5.298279200730139,0.40319325919149973,0.24899299813396755,0.061083402042895085,-0.0011355252419255474,Deutscher,3.166439140268887
-5.298279200730139,0.40319325919149973,0.24899299813396755,0.061083402042895085,-0.0011355252419255474,verfassung deutsch+er,3.166439140268887
-5.269447659215926,0.381057251705998,0.23728412262858667,0.04676169698866389,-0.0049271782949079496,Städtetag,3.200616611621964
-5.269447659215926,0.381057251705998,0.23728412262858667,0.04676169698866389,-0.0049271782949079496,deutsch+er stadt+e+tag,3.200616611621964
-5.364343733553687,0.45298793050996,0.2757180506117373,0.09456488727769824,0.00771161268675731,stadt+e+tag hitze+schutz,3.0885800038385436
-5.153509095978832,0.288997810269052,0.19085525989569294,-0.008839192009790386,-0.019729819804297458,hitze+schutz neu+e,3.3395390798530915
-5.123435751958985,0.2642087115117948,0.17914062619788773,-0.022703108536793137,-0.023449688929837245,neu+e gemeinschaft+s+aufgabe,3.3760164458629363
-4.742354384136989,-0.08815000245440663,0.04781124421276017,-0.17678995961576133,-0.06607072051304413,gemeinschaft+s+aufgabe +++,3.8566554678372333
-4.528776953074642,-0.3102174593240221,-0.016576191369746654,-0.2471318862491764,-0.0863278831754061,+++ industrie,4.137951615068702
-4.742354384136989,-0.08815000245440663,0.04781124421276017,-0.17678995961576133,-0.06607072051304413,produktion +++,3.8566554678372333
-3.9804008012622862,-0.2475222755303519,0.5547687720903569,-0.25881341386824497,-0.028872584430692377,extremer,4.594782467695255
-3.9804008012622862,-0.2475222755303519,0.5547687720903569,-0.25881341386824497,-0.028872584430692377,niedrigwasser extrem+er,4.594782467695255
-4.049363314192722,-0.21450864669989844,0.6125932468582418,-0.22827810340817306,-0.02181558872836295,Stress,4.5217183202804705
-4.049363314192722,-0.21450864669989844,0.6125932468582418,-0.22827810340817306,-0.02181558872836295,extrem+er streß,4.5217183202804705
-4.088604467741778,-0.1973585936828366,0.6529617799434573,-0.2088017896685391,-0.01723444467671556,streß wie,4.481063146039797
-4.100397201847931,-0.19267780758793407,0.6675898313054605,-0.20228931778519857,-0.015676318788378996,wie deutschland,4.469117470831339
-4.1301297190817525,-0.1848258575576609,0.7280036724932509,-0.17990024716915048,-0.01008089458946955,deutschland dürre,4.441321732413608
-4.131455224116118,-0.1860942545608355,0.7408098189425647,-0.1763660058485741,-0.009119906531935451,leidet,4.441044143686903
-4.131455224116118,-0.1860942545608355,0.7408098189425647,-0.1763660058485741,-0.009119906531935451,dürre leid+et,4.441044143686903
-4.130486463257693,-0.18882938914684977,0.7545155112922057,-0.1731714464311402,-0.008200352591082996,leid+et der,4.443427066910337
-4.12099157453536,-0.19840020173541717,0.7805904738110265,-0.1689775226860184,-0.006799261438474549,möglicherweise,4.4565297886088695
-4.12099157453536,-0.19840020173541717,0.7805904738110265,-0.1689775226860184,-0.006799261438474549,rhein möglicherweise,4.4565297886088695
-4.103255139621785,-0.2121257766492799,0.803590772968078,-0.16756617087336567,-0.0059854091076818605,zweigeteilt,4.478547143526972
-4.103255139621785,-0.2121257766492799,0.803590772968078,-0.16756617087336567,-0.0059854091076818605,möglicherweise zweigeteilt,4.478547143526972
-4.0688267682727055,-0.2359573269392894,0.8313487604827533,-0.1689855998587617,-0.00557696693439079,Orte,4.519640421295243
-4.0688267682727055,-0.2359573269392894,0.8313487604827533,-0.1689855998587617,-0.00557696693439079,zweigeteilt ort+e,4.519640421295243
-4.058423905146766,-0.24285171707497177,0.8379484285038281,-0.16984318105421495,-0.005575078201161418,bereiten,4.531880323257595
-4.058423905146766,-0.24285171707497177,0.8379484285038281,-0.16984318105421495,-0.005575078201161418,ort+e bereit+en,4.531880323257595
-4.015089182725144,-0.2707918866732206,0.8610393461316759,-0.17442178065239178,-0.005856087953505312,bereit+en trink+wasser,4.582426307898818
-3.980920434882016,-0.29225101895197225,0.8761055379225109,-0.178709634926903,-0.006275418085322115,trink+wasser per,4.621963627188767
-3.968541321020453,-0.29994011461289727,0.8811076484499314,-0.18035385658351089,-0.0064544741825291185,Tanklaster,4.636241333370215
-3.968541321020453,-0.29994011461289727,0.8811076484499314,-0.18035385658351089,-0.0064544741825291185,per tank+laster,4.636241333370215
-3.886804993877896,-0.349919536935309,0.9100524051337398,-0.1919237476363708,-0.007859171965231046,tank+laster trockenheit,4.73009687316338
-3.8361059115988363,-0.380422349316448,0.9255209284489351,-0.19945822325630413,-0.008850109154542776,trockenheit spür+bar,4.788059395549341
-3.747440579914686,-0.4331446368489269,0.9496312296332428,-0.212900585283908,-0.010692130241004141,der sommer,4.889128023121137
7.287442264015747,-6.109862277297866,1.2866237808232892,-0.7807863176646324,-0.058790179807410095,2026,17.18746257772255
-0.5457891188892079,-2.173574430463829,1.2616440882952913,-0.5756846986547821,-0.061820201889915556,sommer 2026,8.479015321568564
-3.747440579914686,-0.4331446368489269,0.9496312296332428,-0.212900585283908,-0.010692130241004141,2026 sommer,4.889128023121137
-2.1476176458015894,-1.329835320569337,1.1800795715251151,-0.4261644023022256,-0.041588738575118384,Extreme,6.691655588663964
-2.1476176458015894,-1.329835320569337,1.1800795715251151,-0.4261644023022256,-0.041588738575118384,sommer extrem+e,6.691655588663964
8.363019717283462,-6.729072828370624,1.628712715440838,-0.6668626498445139,-0.02228012058103604,Juni,18.431287672023043
-3.36016327189368,-0.657895882703603,1.0312759970837508,-0.2710483031275599,-0.019056503303323424,Juli,5.328207486272231
-3.36016327189368,-0.657895882703603,1.0312759970837508,-0.2710483031275599,-0.019056503303323424,juni juli,5.328207486272231
-0.8656583297503966,-2.021335691524442,1.2938365788325281,-0.537493389843428,-0.055300202726410896,Westeuropa,8.129976021843362
-3.18653654409378,-0.7567581536365462,1.0607102088020974,-0.29579884595883893,-0.022665638808867863,juli westeuropa,5.524353227342063
-2.9784149489289513,-0.8741492015130659,1.09232189166274,-0.3241132160388836,-0.026778854362097607,heiß,5.759111530649177
-2.9784149489289513,-0.8741492015130659,1.09232189166274,-0.3241132160388836,-0.026778854362097607,westeuropa heiß,5.759111530649177
-2.8101722325294247,-0.9682891655752459,1.1155546523717295,-0.3459040067850559,-0.029918772573084992,heiß nie,5.948661754909554
-2.7236188276378197,-1.0164841270419314,1.126822860992393,-0.35673571337382454,-0.031468056366405525,zuvor,6.046110365955578
-2.7236188276378197,-1.0164841270419314,1.126822860992393,-0.35673571337382454,-0.031468056366405525,nie zuvor,6.046110365955578
-2.267315404803509,-1.2682626827169807,1.1799988796562928,-0.40975006905636213,-0.03889998620318323,Monaten,6.559241516750224
-2.267315404803509,-1.2682626827169807,1.1799988796562928,-0.40975006905636213,-0.03889998620318323,zuvor monat+en,6.559241516750224
-1.6596884447107518,-1.598569975665527,1.2385366559796642,-0.4705368937170943,-0.04697969433155501,meldete,7.241319110402292
-1.6596884447107518,-1.598569975665527,1.2385366559796642,-0.4705368937170943,-0.04697969433155501,monat+en meld+ete,7.241319110402292
-0.7229080022031198,-2.09938522218123,1.3104683906402235,-0.5455953477832951,-0.0558807712925212,Montag,8.291006543118122
-0.7229080022031198,-2.09938522218123,1.3104683906402235,-0.5455953477832951,-0.0558807712925212,meld+ete montag,8.291006543118122
1.791619142833568,-3.4109334023367057,1.4432912013995607,-0.6649489781918475,-0.06371849004243574,EU-Klimawandeldienst,11.102244387234249
1.791619142833568,-3.4109334023367057,1.4432912013995607,-0.6649489781918475,-0.06371849004243574,montag eu+-+klima+wandel+dienst,11.102244387234249
-1.1469045735011312,-1.8748667456992307,1.2832893807067423,-0.513229929474257,-0.052100203178876245,Copernicus,7.8166909628223085
-1.1469045735011312,-1.8748667456992307,1.2832893807067423,-0.513229929474257,-0.052100203178876245,eu+-+klima+wandel+dienst copernicu+s,7.8166909628223085
-1.4815473424168166,-1.6349192621912927,1.0267370484277472,-0.5506348921541233,-0.06600581168773229,Gleichzeitig,7.408839802106759
-2.4504845730392413,-1.17072528761563,1.1696569669553114,-0.38643846075670346,-0.03532120777779699,fiel…,6.354994777284919
-2.4504845730392413,-1.17072528761563,1.1696569669553114,-0.38643846075670346,-0.03532120777779699,gleichzeitig fiel…,6.354994777284919
-2.647836002245267,-1.062281316227542,1.1484050526660008,-0.3625714477968865,-0.031884811028599136,+6795,6.1333522198483195
-2.647836002245267,-1.062281316227542,1.1484050526660008,-0.3625714477968865,-0.031884811028599136,fiel… +6795,6.1333522198483195
-2.790278833372173,-0.9836536898095387,1.1322182492791466,-0.34443680884441,-0.029232005240304948,+6795 chars,5.973308944302975
22.59075693261427,-16.156681215070805,-5.372808306740403,-1.1166951445130324,-0.21397012641614,Spritpreise,35.19395367497766
-4.1066374788634805,-0.45002995460939665,-1.1174206973813479,-0.5734974595144303,-0.13486033087612523,sprit+preis+e niedrigwasser,4.533358887011947
-2.9587379113685817,-1.319223411199876,-1.6961799827259052,-0.8962465107526326,-0.21095127872333894,rhein mach+t,5.904874391617048
-2.3497057038118934,-1.761903931693638,-1.9448372964675102,-1.022576441095182,-0.24059969408693996,Tanken,6.629092968409426
-3.161924671545453,-1.1686837751264458,-1.6055255736041816,-0.8482121848456314,-0.19964678855169968,mach+t tank+en,5.662622785740945
-3.7759962952172934,-0.7048733216490977,-1.3024843671129807,-0.6806713222199878,-0.1601469211997659,tank+en teuer+er,4.928920258198777
-5.1612172383033865,0.3659805745081335,-0.3784065270293957,-0.1141602645953069,-0.02692275224512028,teuer+er hier,3.28196298344293
-3.013274385482963,-1.2789610270147205,-1.672263218076891,-0.8836723473527347,-0.2079933497765762,thema sprit+preis+e,5.8398824246349115
-3.8959246592553107,-0.612806806420132,-1.2373610827817823,-0.6433559467295602,-0.1513424922478177,der extrem+e,4.7854480036011084
-3.0124223807443284,-1.2795908383644,-1.672639152704394,-0.8838705449810166,-0.20803998112653027,extrem+e niedrigwasser,5.840897942665214
-4.220304053674678,-0.3617617066933536,-1.0495541172285936,-0.5333401180856057,-0.1253882653930586,derzeitige,4.397420134489196
-4.220304053674678,-0.3617617066933536,-1.0495541172285936,-0.5333401180856057,-0.1253882653930586,der derzeitig+e,4.397420134489196
-3.172689894532703,-1.1606670651788251,-1.6006016196118105,-0.8455744578246079,-0.19902565803650316,derzeitig+e niedrigwasser,5.649779560279105
-4.563914778357457,-0.09379079985276295,-0.8290916796101926,-0.3999146062416547,-0.09394691945059984,wirkt,3.987183550895525
-4.563914778357457,-0.09379079985276295,-0.8290916796101926,-0.3999146062416547,-0.09394691945059984,rhein wirk+t,3.987183550895525
-4.655506112746068,-0.02233769588119694,-0.7660125079018926,-0.3609368537180979,-0.08477482403763764,preistreibend,3.8781595910808826
-4.655506112746068,-0.02233769588119694,-0.7660125079018926,-0.3609368537180979,-0.08477482403763764,wirk+t preis+treib+end,3.8781595910808826
6.752804285031715,-5.820784758187168,1.100239602787351,-0.8336779248696533,-0.07466822403789923,sagt,16.57734698236097
-5.353156288360248,0.5062176228710522,-0.21105743873512636,-0.003970682283467697,-0.0012571480627574516,preis+treib+end sag+t,3.0603653575150567
-4.883855212294096,0.15494018308568114,-0.5997549972733258,-0.25658081456014137,-0.06025852428413223,ADAC-Kraftstoffmarktexperte,3.6074268954565607
-5.3870381809539065,0.5302062202944542,-0.18020791898025465,0.016570797694151318,0.0035130628475877057,sag+t adac-kraftstoffmarktexpert+e,3.021683113268473
-4.803026808216899,0.09240262314192527,-0.6601423979736321,-0.2947516829060825,-0.06921842440480609,Christian,3.7030449808637624
-5.017717281442343,0.2576580747464057,-0.49577055340103215,-0.19015777154139982,-0.04469106017275691,adac-kraftstoffmarktexpert+e christian,3.4497520191834057
-5.052573271220311,0.2841711053589113,-0.46784127476358084,-0.17217019879816212,-0.040481135726261996,Laberer,3.408863499066323
-5.052573271220311,0.2841711053589113,-0.46784127476358084,-0.17217019879816212,-0.040481135726261996,christian laberer,3.408863499066323
-5.532294775040791,0.6294836010455795,-0.043268447590258455,0.10859661444970353,0.024820912756105692,+1556,2.8577605870232525
-5.532294775040791,0.6294836010455795,-0.043268447590258455,0.10859661444970353,0.024820912756105692,sei +1556,2.8577605870232525
-5.539015747375693,0.6339143748663296,-0.03674460551354415,0.11301481606873859,0.025841169421891727,+1556 chars,2.8502612790681003
-4.749110910154798,0.05053856885708985,-0.6994695083257166,-0.3194476886199746,-0.07502017623596932,Versicherung,3.7669654270370025
-5.355480432144715,0.5078717638891739,-0.2089542088793571,-0.002572462967819822,-0.000932296530750179,elektromobilität versicherung,3.057707174867378
-5.130205447991272,0.3427717809652846,-0.4043103698339696,-0.1310260781653907,-0.030861667037931584,Immer,3.318094478115757
-5.130205447991272,0.3427717809652846,-0.4043103698339696,-0.1310260781653907,-0.030861667037931584,versicherung immer,3.318094478115757
-2.9321424536006555,-1.3388199817642548,-1.7077365161806781,-0.9022966540632242,-0.21237414495997375,immer mehr,5.936560497412793
-2.961846333570614,-1.3169313837179906,-1.6948247435156876,-0.8955359087388968,-0.21078414438383156,Autofahrer,5.901170635995568
-4.290212429184396,-0.3073469415019936,-1.0066290946036442,-0.5077133184785889,-0.11934523983460289,mehr auto+fahrer,4.313851163038206
-5.208163299021427,0.40086147598813926,-0.3386067069671136,-0.08814649623109791,-0.02085256406663688,wechseln,3.2274222608819385
-5.208163299021427,0.40086147598813926,-0.3386067069671136,-0.08814649623109791,-0.02085256406663688,auto+fahrer wechsel+n,3.2274222608819385
-1.9263018901392712,-2.0625455327346156,-2.100505442350654,-1.097297146100534,-0.2580531898702227,Elektroauto,7.13083209255062
-5.158446643239827,0.36391225227486834,-0.38073320323020066,-0.11567726019451133,-0.02727693171656284,wechsel+n elektroauto,3.2851877648192205
-5.536599041940054,0.6323230339550925,-0.039092366570747425,0.11142446554327878,0.025473954066774954,elektroauto hier,2.8529568958086102
-2.4637630407810125,-1.6799468197963,-1.9006515829873933,-1.0007353645937584,-0.2354845952757769,thema elektromobilität,6.493688594955716
-5.499673934701384,0.6077552683892631,-0.07469401681221155,0.08735718984221547,0.01991264095943031,sie versicherung,2.8942746789334444
-5.328782619495545,0.48879751154647866,-0.23300076780251058,-0.01853892608001001,-0.004643120341724968,Wechsel,3.088282659539437
-5.328782619495545,0.48879751154647866,-0.23300076780251058,-0.01853892608001001,-0.004643120341724968,der wechsel,3.088282659539437
-4.659093009510106,-0.01954169419213514,-0.7635020188666998,-0.35937844295925736,-0.08440825713781228,wechsel elektromobilität,3.8738941137902834
-5.342589030167968,0.4986812524289823,-0.22059643610057564,-0.010308050122224688,-0.0027297983402491816,elektromobilität nehm+t,3.0724599641435453
-4.511957557105578,-0.1343523381472005,-0.8640216973631162,-0.4213484278681118,-0.09899354211655007,Fahrt,4.049108745358343
-5.409201156998703,0.5457447324772287,-0.1598083129189962,0.03019269180398465,0.006673686540081228,nehm+t fahrt,2.9964637517634785
-5.504850962164284,0.6112276637350433,-0.06973300433582164,0.09070539935346866,0.02068678235447889,fahrt erreich+t,2.8884672853686135
-5.544465909690511,0.6374954217194975,-0.03144192642578074,0.11660826633406624,0.026670778445797114,erreich+t immer,2.844186105196812
-5.604147236235315,0.6759678538075424,0.027353278617295133,0.15658780207286144,0.03588864351740324,Gebrauchtwagenbereich,2.7780394985845263
-5.604147236235315,0.6759678538075424,0.027353278617295133,0.15658780207286144,0.03588864351740324,mehr gebrauchtwagen+bereich,2.7780394985845263
-5.654046338888193,0.7069932765972538,0.0775436465882786,0.19091290631979696,0.043784398370774094,der zeig+t,2.72331088656442
0.24928501406423997,-2.596574718233398,1.3262519266525234,-0.617150988947651,-0.06471432835568416,Auswertung,9.37116547985399
-5.668940564590436,0.7160326118361424,0.0927078915831705,0.20131923104245364,0.04617465164000066,zeig+t auswertung,2.707085519634437
-5.6860326477340895,0.7262724944371595,0.1102137212507639,0.213352914150152,0.04893661119406108,auswertung versicherung,2.688531871863157
-5.6985648387519925,0.7336869358539866,0.12311983333520872,0.22223874160693735,0.05097462080755376,HUK,2.6749741902048263
-5.6985648387519925,0.7336869358539866,0.12311983333520872,0.22223874160693735,0.05097462080755376,versicherung huk,2.6749741902048263
-5.702075678813145,0.7357495057996732,0.12674612836314153,0.2247375800557242,0.05154751661594888,Coburg,2.67118321834184
-5.702075678813145,0.7357495057996732,0.12674612836314153,0.2247375800557242,0.05154751661594888,huk coburg,2.67118321834184
-5.714780761763002,0.7431591855369628,0.13990815508470986,0.23381527789986734,0.05362787268643014,dpa,2.6574910572245085
-5.714780761763002,0.7431591855369628,0.13990815508470986,0.23381527789986734,0.05362787268643014,coburg dpa,2.6574910572245085
-5.717663992106594,0.744828671244522,0.14290361604029583,0.23588294178066815,0.054101538201695845,vorab,2.654389714340734
-5.717663992106594,0.744828671244522,0.14290361604029583,0.23588294178066815,0.054101538201695845,dpa vorab,2.654389714340734
-5.721797484254362,0.74721422271508,0.14720351021884798,0.23885213158303453,0.05478160625409993,vorlag,2.6499473789917314
-5.721797484254362,0.74721422271508,0.14720351021884798,0.23885213158303453,0.05478160625409993,vorab vor+lieg,2.6499473789917314
-5.729446040579626,0.7516036746328814,0.15517707045215984,0.24436157923896717,0.05604311855978465,allen…,2.6417394198854374
-5.729446040579626,0.7516036746328814,0.15517707045215984,0.24436157923896717,0.05604311855978465,von allen…,2.6417394198854374
-5.734139976156062,0.7542813933390891,0.1600814466039031,0.24775258471280492,0.05681931852531767,+2133,2.6367100246295356
-5.734139976156062,0.7542813933390891,0.1600814466039031,0.24775258471280492,0.05681931852531767,allen… +2133,2.6367100246295356
-5.737471530752677,0.756174409085798,0.16356742965436988,0.2501639228612159,0.057371157775764084,+2133 chars,2.633144033373053
-4.952632964711025,0.20787439495346938,-0.5469653374351423,-0.2229685006647009,-0.052376809297918825,Banaszak,3.526295734519917
-5.596608789452434,0.6711867437354708,0.019852776329946788,0.15147375827203552,0.03471078746907537,Merz-Regierung,2.786354763724375
-5.596608789452434,0.6711867437354708,0.019852776329946788,0.15147375827203552,0.03471078746907537,banaszak merz+-+regierung,2.786354763724375
-5.578465120049755,0.6595840851306765,0.0018883148032614663,0.13924156439233976,0.031891975910659745,wartet,2.806416377965217
-5.578465120049755,0.6595840851306765,0.0018883148032614663,0.13924156439233976,0.031891975910659745,merz+-+regierung wart+et,2.806416377965217
-5.538785820141735,0.6337630639377043,-0.03696806710286184,0.11286342819049483,0.02580621511036542,regnet,2.850517695528352
-5.538785820141735,0.6337630639377043,-0.03696806710286184,0.11286342819049483,0.02580621511036542,wart+et regn+et,2.850517695528352
-5.525643161260545,0.6250827637005001,-0.049708399259472666,0.10423824817838934,0.023814215842901623,regn+et der,2.8651906532265308
-5.517519360588963,0.619686954127654,-0.05755137652496334,0.09893441362633365,0.022588791826380808,Grünen-Vorsitzende,2.874276036572751
-5.517519360588963,0.619686954127654,-0.05755137652496334,0.09893441362633365,0.022588791826380808,der grün+en+-+vor+sitz+end+e,2.874276036572751
-5.470944827472433,0.5883288275089573,-0.1020449711756018,0.06893004437603578,0.015649496210553157,Felix,2.9265840552802658
-5.470944827472433,0.5883288275089573,-0.1020449711756018,0.06893004437603578,0.015649496210553157,grün+en+-+vor+sitz+end+e felix,2.9265840552802658
-5.607297035316097,0.6779585041717402,0.03049358233333843,0.15873014665843965,0.0363819516408994,felix banaszak,2.774568676922675
-5.385193962421797,0.5289076330065499,-0.18189752285465027,0.015443935679897047,0.003251504999783661,banaszak bund+es+regierung,3.023784706734615
-5.283665207497414,0.45622146120983276,-0.27307790886355665,-0.0450535680717809,-0.010811627903369578,bund+es+regierung angesichts,3.1401452652129396
-5.094995699412339,0.3162768272922476,-0.4333545787589739,-0.1498748318960397,-0.03526668959739945,dramatischen,3.3592083106087416
-5.094995699412339,0.3162768272922476,-0.4333545787589739,-0.1498748318960397,-0.03526668959739945,angesichts dramatisch+en,3.3592083106087416
-4.455207970829795,-0.1786574991800347,-0.901495061127946,-0.44422206568110506,-0.10438120188125141,dramatisch+en niedrigwasser+s,4.116799790867214
-5.0130917285743495,0.254131362241075,-0.49944976146541253,-0.1925227335145579,-0.04524476319486623,vorgeworfen,3.455183846077134
-5.0130917285743495,0.254131362241075,-0.49944976146541253,-0.1925227335145579,-0.04524476319486623,niedrigwasser+s vor+ge+werf+en,3.455183846077134
-4.830927113062225,0.11402327795915546,-0.6394948813787427,-0.28173421182384173,-0.06616176361707776,vor+ge+werf+en klima+schutz,3.6700094325356027
-5.235116492463179,0.42073584914760875,-0.31543156005233564,-0.0729432285453433,-0.017307972298977153,verweigern,3.196200048334472
-5.235116492463179,0.42073584914760875,-0.31543156005233564,-0.0729432285453433,-0.017307972298977153,klima+schutz verweiger+n,3.196200048334472
-4.847665272601088,0.12697778792010017,-0.6270089085296447,-0.273845182269504,-0.06430984531552916,Regierung,3.650205319306461
-5.4794678369841545,0.594119212923722,-0.09396245426843594,0.07436980564058543,0.01690844513418953,gesprochen,2.916984621090479
-5.4794678369841545,0.594119212923722,-0.09396245426843594,0.07436980564058543,0.01690844513418953,regierung ge+sprech+en,2.916984621090479
-5.517786821509123,0.6198649634924254,-0.05729355133192558,0.09910869773722214,0.022629065230814663,ge+sprech+en darüber,2.8739767294988385
-5.5510454451096045,0.6418040548612098,-0.025025649772337052,0.12095908249729576,0.027675002641571453,darüber banaszak,2.836859482967353
-5.5692547136433745,0.6536439374697591,-0.007183697175623449,0.13307316779612272,0.0304697155464886,RTL/ntv,2.816625906848936
-5.5692547136433745,0.6536439374697591,-0.007183697175623449,0.13307316779612272,0.0304697155464886,banaszak rtl/ntv,2.816625906848936
-5.580056584159591,0.6606071004448402,0.0034590982705436854,0.14031020055484916,0.032138319249673655,Frühstart,2.804653996400408
-5.580056584159591,0.6606071004448402,0.0034590982705436854,0.14031020055484916,0.032138319249673655,rtl/ntv frühstart,2.804653996400408
-5.607557284289349,0.6781227923119557,0.030753214480576163,0.15890730186226526,0.03642274140027012,Form,2.7742819982224254
-5.607557284289349,0.6781227923119557,0.030753214480576163,0.15890730186226526,0.03642274140027012,der form,2.7742819982224254
-5.616364035210145,0.68366524071067,0.03955419142404018,0.1649153508443051,0.03780581653847452,Realitätsverweigerung,2.7645894400646416
-5.616364035210145,0.68366524071067,0.03955419142404018,0.1649153508443051,0.03780581653847452,form realität+s+verweigerung,2.7645894400646416
-5.638378847030317,0.6973719760218773,0.06168303896682221,0.1800463345001443,0.041286672735926386,Bräsigkeit,2.740434648768067
-5.638378847030317,0.6973719760218773,0.06168303896682221,0.1800463345001443,0.041286672735926386,realität+s+verweigerung bräsigkeit,2.740434648768067
-5.649228565029694,0.7040468313690207,0.07265656766627952,0.1875627022161367,0.04301453050911659,Ignoranz,2.728570429483839
-5.649228565029694,0.7040468313690207,0.07265656766627952,0.1875627022161367,0.04301453050911659,bräsigkeit ignoranz,2.728570429483839
-5.660238893723253,0.7107644395748338,0.08383823086033733,0.19523050838898282,0.044776319854235594,ignoranz deutschland,2.716558489003445
-5.667314462979621,0.7150509157646356,0.0910482113066656,0.20017948823286158,0.04591294248215967,regiert,2.7088543780130028
-5.667314462979621,0.7150509157646356,0.0910482113066656,0.20017948823286158,0.04591294248215967,deutschland regier+t,2.7088543780130028
-5.673361353575226,0.718694970528164,0.09722504860053119,0.20442227112952793,0.046887073861159326,+780,2.7022798544858038
-5.673361353575226,0.718694970528164,0.09722504860053119,0.20442227112952793,0.046887073861159326,regier+t +780,2.7022798544858038
-5.675983696524228,0.7202697046200643,0.09990806538650546,0.2062660483096207,0.0473103131849328,+780 chars,2.6994314523535627
-4.918507698661709,0.18164722594531546,-0.5733229671550849,-0.23977917514088937,-0.05631772850940828,Öltransport,3.5665213611347744
-4.26049319001124,-0.3304899361143696,-1.024990756314291,-0.5186968019982166,-0.12193505681838729,öl+transport niedrigwasser,4.349373373469621
-1.6362497895560875,-1.53256642530246,0.194678567080309,-0.7299447676758143,-0.12082773184593518,lässt,7.206460361027757
-4.199533654671022,-0.3779115173405505,-1.0621305794370768,-0.5408152596684286,-0.12715123862989183,rhein lass+st,4.422255542661107
-4.26049319001124,-0.3304899361143696,-1.024990756314291,-0.5186968019982166,-0.12193505681838729,lass+st sprit+preis+e,4.349373373469621
-4.282164882782373,-0.31361515025799136,-1.0116179395233171,-0.5107006599070949,-0.12004960175279528,regional,4.323469374818298
-4.896780410277674,0.16490997791120132,-0.5899347830854269,-0.2503451829698669,-0.05879573993634593,sprit+preis+e regional,3.592162747202918
-2.647329161807372,-1.5471417968707581,-1.8273330417133355,-0.9639030491854904,-0.22684734515087035,steigen,6.275547137438681
-5.048549251578522,0.28111611633755396,-0.47108418470041424,-0.17426191775619074,-0.04097056006230934,regional steig+en,3.4135799609148276
-5.134328090100121,0.34586424164905116,-0.4008842969560166,-0.1287983565562065,-0.03034124782997559,steig+en wegen,3.3132867663735697
-5.210624154778851,0.402680833695068,-0.33650070221543327,-0.08676660960130816,-0.020530754618037897,wegen niedrig+en,3.2245687778069847
-5.2673046448816425,0.44431040773867236,-0.28743926369661255,-0.054525597707834994,-0.013017055486744922,Pegels,3.1590078492547424
-5.2673046448816425,0.44431040773867236,-0.28743926369661255,-0.054525597707834994,-0.013017055486744922,niedrig+en pegel+s,3.1590078492547424
-4.733310734550603,0.038252459488090196,-0.7108539913888071,-0.32657250448323416,-0.07669464617762281,pegel+s rhein,3.7857161438910993
-4.0906769246402535,-0.4624006866086958,-1.126766186645002,-0.5789921981024511,-0.13615658928221533,Benzin,4.5524509876157175
-5.357804140996199,0.5095243556587257,-0.20684947971613774,-0.0011729184772467094,-0.0006071591897499479,rhein benz+in,3.0550501758350155
-0.41341151138378596,-3.0962856277159276,-2.5718052191818037,-1.299965026914855,-0.30482040647993297,Diesel,8.912685379387819
-4.6414172400178,-0.033322062123041674,-0.7758436294408758,-0.36703439385001385,-0.08620919460271696,benz+in diesel,3.8949170488594826
-5.359651811126071,0.510837505235664,-0.20517457669370917,-5.89531861422965e-05,-0.0003483824395671409,diesel mehr,3.0529379857833416
-5.328238492009484,0.48840713487047327,-0.23348828211271713,-0.018862181545820533,-0.0047182784699342645,mehr ge+wohn+t,3.0889067246821207
-5.294987295689886,0.4644346220696025,-0.2630861805487362,-0.038454387026421344,-0.009275657145121532,ge+wohn+t transportier+t,3.1271087436638747
-4.399441248663529,-0.17728996932527297,-0.749939941048486,-0.43680475232402083,-0.1014128037532956,führt,4.1656784250467265
-5.117470692191695,0.33320599739165924,-0.414859752873874,-0.1378798566746054,-0.03246305902055986,der führ+t,3.3329537797829736
-4.878727561195211,0.15098242062147404,-0.6036381568147321,-0.25904437020592513,-0.06083650985806653,teils,3.6134845573026477
-5.042414270135362,0.27645548863193903,-0.4760189284391275,-0.1774433037681981,-0.04171501531916662,führ+t teils,3.4207726767564863
-4.852269358907703,0.13053882424096108,-0.6235613114534548,-0.2716646201765026,-0.06379803794241631,höheren,3.6447599211888235
-4.852269358907703,0.13053882424096108,-0.6235613114534548,-0.2716646201765026,-0.06379803794241631,teils hoch+er+en,3.6447599211888235
-3.2370521088095385,-1.11265142257579,-1.570897857637602,-0.8296007758199857,-0.19526347685114548,Spritpreisen,5.572976928247149
-4.340628467258197,-0.2680563761414949,-0.975087369093036,-0.4887721094063489,-0.11487978329186034,hoch+er+en sprit+preis+en,4.253608356466879
-4.095136217647816,-0.4589449947481947,-1.1241595640961095,-0.5774604805543067,-0.13579523943987204,Westen,4.5471166798630716
-4.940253151340906,0.1983688409980302,-0.5565652422906012,-0.22909772433336736,-0.05381344426997649,sprit+preis+en westen,3.5408817217734314
-5.224728292442489,0.4130898411584645,-0.324392003012426,-0.07882625871111193,-0.018679311527156794,teilweise,3.2082253463190296
-5.224728292442489,0.4130898411584645,-0.324392003012426,-0.07882625871111193,-0.018679311527156794,tank+en teilweise,3.2082253463190296
-5.222974387865319,0.41179717451689557,-0.3259013316577559,-0.07981661765657327,-0.018910198695865063,teilweise regional,3.2102566843312776
-5.172494994965947,0.3743888550867358,-0.36891040406143916,-0.1079644695321515,-0.025476414636301015,regional teuer+er,3.268843150364573
-4.768351846014058,0.06548996091549486,-0.6855204961006145,-0.3107030283843446,-0.07296540941639902,sagte,3.744142533600574
-5.3425451834749556,0.49864992965412847,-0.22063593501457104,-0.010334277732424624,-0.002735893931420069,preis+treib+end sag+te,3.0725101772419285
-5.380479331286962,0.5255840558600089,-0.18621140713095685,0.012567795847192698,0.002583852508705353,sag+te adac-kraftstoffmarktexpert+e,3.029159387572583
-5.501223414745059,0.6087954811271783,-0.07321022821980055,0.08835841801999128,0.0201441508318259,+2060,2.8925360469319137
-5.501223414745059,0.6087954811271783,-0.07321022821980055,0.08835841801999128,0.0201441508318259,dies +2060,2.8925360469319137
-5.509566112043944,0.6143825133928738,-0.065205973999863,0.0937622718038606,0.0213934353302309,+2060 chars,2.883182047157055
-3.8789671901363683,-0.6258516935484915,-1.2467020417569827,-0.6487353491121728,-0.15261177007927676,Kleine,4.805735837915392
-3.605364081420399,-0.8350618543218515,-1.391545950552072,-0.7309752450532199,-0.17201397777286465,Anzeichen,5.1329831423387375
-3.605364081420399,-0.8350618543218515,-1.391545950552072,-0.7309752450532199,-0.17201397777286465,klein+e anzeichen,5.1329831423387375
-1.7998576759228149,-2.151274161875939,-2.1446464352600367,-1.1178290870541439,-0.2628343999766198,anzeichen verkehr+s+wende,7.280396049272439
0.811186878713718,-3.1413260034561836,-1.0267637511685619,-1.14308534879093,-0.22275553153976407,Hohe,10.052416958376428
-3.2116115736043813,-1.1316482439950173,-1.5826935546105938,-0.8359567098378045,-0.19676059195360313,verkehr+s+wende hoch+e,5.6033381778691895
1.2653712058156596,-4.185545001368258,-2.9870844989377123,-1.443750804729305,-0.3369336333479233,hoch+e sprit+preis+e,10.873238057213134
-3.6953390378146542,-0.766533772348136,-1.3450915608410563,-0.7048433139969068,-0.16584969020174475,pushen,5.025392784724334
-3.6953390378146542,-0.766533772348136,-1.3450915608410563,-0.7048433139969068,-0.16584969020174475,sprit+preis+e push+en,5.025392784724334
-3.73410962308545,-0.7369212396284612,-1.3247272239394738,-0.6933143293010052,-0.16312979575732667,E-Mobilität,4.979022529457715
-3.73410962308545,-0.7369212396284612,-1.3247272239394738,-0.6933143293010052,-0.16312979575732667,push+en e+-+mobilität,4.979022529457715
-2.4667804407392575,-1.6777728630190887,-1.8994687332383249,-1.0001469585564,-0.23534672029822118,Autoversicherer,6.490105038709022
-4.091532081788026,-0.46173802750606185,-1.1262665825889269,-0.5786986698252562,-0.13608734235010675,e+-+mobilität auto+versicherer,4.5514280246990415
-1.2216806521767403,-1.878342510008527,-0.4503419431554492,-0.8991437815530475,-0.16884735551411773,bestätigt,7.709143366286272
-2.966888816315553,-1.3132125343435361,-1.6926242450565372,-0.8943816156108814,-0.21051264648185702,auto+versicherer bestätig+t,5.895162248473367
-3.160559555464788,-1.1697000634374368,-1.6061490739481172,-0.8485459813404683,-0.19972538831615258,Trend,5.664251351367932
-3.160559555464788,-1.1697000634374368,-1.6061490739481172,-0.8485459813404683,-0.19972538831615258,bestätig+t trend,5.664251351367932
-2.5492060050281538,-1.6182710623035068,-1.866872241573416,-0.983856465577768,-0.23152811520522082,Umstieg,6.392185682408381
-3.309182129569276,-1.0586656774673413,-1.5370573937517509,-0.8112750501015783,-0.19094594886961264,trend umstieg,5.4868721781424465
-3.4056242160181958,-0.9861948795683184,-1.4908653586529768,-0.7860449104391085,-0.18499962587027932,aufs,5.371693650078072
-3.4056242160181958,-0.9861948795683184,-1.4908653586529768,-0.7860449104391085,-0.18499962587027932,umstieg auf,5.371693650078072
-3.4579644187586593,-0.9467265050420837,-1.4653273153383513,-0.7719907906216896,-0.18168637955697384,auf elektroauto,5.309161888473693
-3.6617843227518225,-0.7921221377171652,-1.3625459469242798,-0.714689380812548,-0.16817241629523638,Vielfahrenden,5.0655205749504075
-3.6617843227518225,-0.7921221377171652,-1.3625459469242798,-0.714689380812548,-0.16817241629523638,elektroauto vielfahrende+n,5.0655205749504075
-3.748758548694613,-0.7257196873296339,-1.316977102563235,-0.6889150665503458,-0.16209189142177455,Gebrauchtwagen,4.961500945825222
-3.748758548694613,-0.7257196873296339,-1.316977102563235,-0.6889150665503458,-0.16209189142177455,auch gebrauchtwagen,4.961500945825222
-1.8531843417921054,-1.5303566753518645,-0.4339477358159398,-0.8283083990045891,-0.15727087709735657,geht,6.9992363111715195
-3.7405250144999416,-0.7320164639661018,-1.321336905976981,-0.6913906432653316,-0.16267594895026904,gebrauchtwagen geh+t,4.971349156524924
-3.691464589794899,-0.7694902945828925,-1.3471149697896063,-0.7059864084913299,-0.16611935769119343,öfter,5.030026410957864
-3.691464589794899,-0.7694902945828925,-1.3471149697896063,-0.7059864084913299,-0.16611935769119343,geh+t öfter,5.030026410957864
-3.1761224508052255,-1.158110022301126,-1.5990289430898588,-0.8447313719055781,-0.19882712142789227,Verbrenner,5.645684250931656
-3.1761224508052255,-1.158110022301126,-1.5990289430898588,-0.8447313719055781,-0.19882712142789227,öfter verb+renner,5.645684250931656
1.4477673751213942,-3.029609643613973,-0.9438451190035768,0.6661174593907013,-1.4268046110571972,...,10.710977105612956
1.150691313542561,-2.860266005882489,-0.8700165041001836,0.6935059297879105,-1.4210705631472262,mehr ...,10.374228916037557
-4.1709108659721075,-0.40015252946391344,-1.079331791493523,-0.5510146691796824,-0.12955688870777943,Woran,4.456484071855633
-4.1709108659721075,-0.40015252946391344,-1.079331791493523,-0.5510146691796824,-0.12955688870777943,verkehr+s+wende woran,4.456484071855633
-2.9937224127198654,-1.293407614551393,-1.6808718298979228,-0.8882065156254247,-0.20906007529393378,Fahrradparkhäuser,5.863185373134121
-4.369831807144563,-0.24528241049915867,-0.9565860909717658,-0.47761885159081047,-0.11225083516175262,woran fahr+rad+park+haus+er,4.218724416363717
-4.6964870688863645,0.009592809786044265,-0.7371445925125898,-0.34298418532466407,-0.08055278255012996,scheitern,3.8294464213604074
-4.6964870688863645,0.009592809786044265,-0.7371445925125898,-0.34298418532466407,-0.08055278255012996,fahr+rad+park+haus+er scheiter+n,3.8294464213604074
-4.283702939583836,-0.312417241742319,-1.0106654323229707,-0.5101304751944142,-0.11991516063372595,Viele,4.321631089301437
-4.80221055261843,0.09176960706563064,-0.6607433876983906,-0.2951300542847777,-0.06930728635249814,scheiter+n viel+e,3.704011922419564
-4.369831807144563,-0.24528241049915867,-0.9565860909717658,-0.47761885159081047,-0.11225083516175262,viel+e fahr+rad+park+haus+er,4.218724416363717
-4.982446490772076,0.2307205769763503,-0.5236667443303723,-0.2080623629764093,-0.04888410439255263,Bahnhöfen,3.491203001139731
-4.982446490772076,0.2307205769763503,-0.5236667443303723,-0.2080623629764093,-0.04888410439255263,fahr+rad+park+haus+er bahn+hof+en,3.491203001139731
-5.047719914883602,0.280486297359825,-0.4717519319293543,-0.17469252067763225,-0.04107131779207157,bahn+hof+en kaum,3.4145521400837633
-5.066138577465687,0.2944578732951335,-0.4568731430148414,-0.16508948959309222,-0.03882464586132574,ausgelastet,3.392971874458984
-5.066138577465687,0.2944578732951335,-0.4568731430148414,-0.16508948959309222,-0.03882464586132574,kaum aus+ge+last+et,3.392971874458984
-1.226490976662805,-1.7286171780582489,0.662545046716078,-0.6698941976422107,-0.09610021651518921,Eine,7.665875677464133
-5.122327319907026,0.33685641227408425,-0.41084254708181733,-0.1352709534998032,-0.03185343715639864,Betreiberfirma,3.3272854377765126
-5.122327319907026,0.33685641227408425,-0.41084254708181733,-0.1352709534998032,-0.03185343715639864,ein betreiber+firma,3.3272854377765126
-5.177318201496014,0.3779794401878398,-0.36483669213987446,-0.10530443452435478,-0.024855569627129107,Insolvenz,3.263235462695477
-5.177318201496014,0.3779794401878398,-0.36483669213987446,-0.10530443452435478,-0.024855569627129107,betreiber+firma insolvenz,3.263235462695477
-5.196960796439573,0.3925674692583949,-0.34816881873262606,-0.09440748821277756,-0.022312948865064505,angemeldet,3.2404191830225266
-5.196960796439573,0.3925674692583949,-0.34816881873262606,-0.09440748821277756,-0.022312948865064505,insolvenz an+ge+meld+et,3.2404191830225266
-5.227353755741063,0.41502393131226567,-0.32213075410991276,-0.07734219725400526,-0.018333343222499784,müsste,3.205185140112489
-5.227353755741063,0.41502393131226567,-0.32213075410991276,-0.07734219725400526,-0.018333343222499784,dabei müss+te,3.205185140112489
-5.243298141963447,0.4267451030791327,-0.30834921055650466,-0.06828896698192005,-0.016223304373543163,müss+te nachfrage,3.1867365056579464
-5.225032693783588,0.41331414088743257,-0.3241299460320902,-0.07865429015444281,-0.018639220651550326,groß,3.207872824777185
-5.225032693783588,0.41331414088743257,-0.3241299460320902,-0.07865429015444281,-0.018639220651550326,nachfrage groß,3.207872824777185
-3.7066413793791053,-0.7579063056944992,-1.339176934398051,-0.7014994107353463,-0.16506081999259606,läuft,5.011875511028131
-5.194595534771401,0.3908138644952279,-0.3501825039462684,-0.0957251016526226,-0.022620331970815047,was lauf+t,3.243164778335899
-5.181232829324502,0.380891210583967,-0.36152486274215945,-0.10314095334863163,-0.02435066792246357,falsch,3.258685618419656
-5.181232829324502,0.380891210583967,-0.36152486274215945,-0.10314095334863163,-0.02435066792246357,lauf+t falsch,3.258685618419656
-4.598939758394844,-0.06645613457007249,-0.8052003608370376,-0.3851924912702215,-0.09048173234658934,Schließen,3.9454696079708005
-4.571906476163434,-0.08755299310743236,-0.8236650866893181,-0.3965750664090066,-0.0931607970959174,Artikelzusammenfassung,3.9776633349152113
-4.571906476163434,-0.08755299310743236,-0.8236650866893181,-0.3965750664090066,-0.0931607970959174,schließ+en artikel+zusammenfassung,3.9776633349152113
-0.4875745485524581,-2.139394729940239,0.24458363185656476,-0.8298918566984393,-0.13397886095304853,Ein,8.489586432401612
-5.056629065691876,0.287248605341049,-0.46456782068651725,-0.17005794009208763,-0.03998694194810597,artikel+zusammenfassung ein,3.4041108805322398
-5.041442346222306,0.2757168057556041,-0.4767996709404222,-0.1779464659093049,-0.04183276453633063,nagelneuer,3.421912395074257
-5.041442346222306,0.2757168057556041,-0.4767996709404222,-0.1779464659093049,-0.04183276453633063,ein nagelneu+er,3.421912395074257
-4.994977706842168,0.24030287349474388,-0.5137972703662098,-0.20173492112382074,-0.04740200862067409,Fahrradparkturm,3.4764676786058457
-4.994977706842168,0.24030287349474388,-0.5137972703662098,-0.20173492112382074,-0.04740200862067409,nagelneu+er fahr+rad+park+turm,3.4764676786058457
-4.892658790893886,0.16173181083478805,-0.5930712652602177,-0.252337637779348,-0.059263110625469344,Frankenthal,3.5970293815151946
-4.892658790893886,0.16173181083478805,-0.5930712652602177,-0.252337637779348,-0.059263110625469344,fahr+rad+park+turm frankenthal,3.5970293815151946
-4.806046600294425,0.09474428042306426,-0.657917482992969,-0.2933506586385018,-0.06888939622297917,frankenthal werd+e,3.6994679333110896
-4.723284013489277,0.03045212498790817,-0.7180460356537449,-0.331067900506132,-0.07775129829071399,Rekordzeit,3.797619379536559
-4.723284013489277,0.03045212498790817,-0.7180460356537449,-0.331067900506132,-0.07775129829071399,werd+e rekord+zeit,3.797619379536559
-4.526407035610084,-0.1230712226422388,-0.854367976569117,-0.4154355005571674,-0.0976011439507608,Symbol,4.031882060894117
-4.526407035610084,-0.1230712226422388,-0.854367976569117,-0.4154355005571674,-0.0976011439507608,rekord+zeit symbol,4.031882060894117
-4.227879440176229,-0.3558694589547011,-1.0449472893952418,-0.5305981519006971,-0.12474161546162253,ziemlich,4.388362810779149
-4.227879440176229,-0.3558694589547011,-1.0449472893952418,-0.5305981519006971,-0.12474161546162253,symbol ziemlich,4.388362810779149
-3.823836496346421,-0.6682012862074829,-1.2767659077135212,-0.6659876207968108,-0.15668242676081795,ziemlich deutsch+en,4.871691342180598
-2.3040670592920005,-1.7945800975132942,-1.9622367849323163,-1.03110200606489,-0.24259486176695266,Verkehrswende-Panne,6.683244117822179
-2.3040670592920005,-1.7945800975132942,-1.9622367849323163,-1.03110200606489,-0.24259486176695266,deutsch+en verkehr+s+wende+-+panne,6.683244117822179
-4.192496010656918,-0.38338161179585084,-1.0663738183742772,-0.5433339193335245,-0.12774527606417993,Erst,4.4306710988639
-4.279704716462397,-0.3155311608615987,-1.0131405543114713,-0.5116119421405989,-0.1202644702860642,eröffnete,4.3264098056063975
-4.279704716462397,-0.3155311608615987,-1.0131405543114713,-0.5116119421405989,-0.1202644702860642,erst eröffn+ete,4.3264098056063975
-4.196971569785482,-0.3799030455182799,-1.0636764019631202,-0.5417330137117382,-0.12736769372820977,Stadt,4.425319230722872
-4.196971569785482,-0.3799030455182799,-1.0636764019631202,-0.5417330137117382,-0.12736769372820977,eröffn+ete stadt,4.425319230722872
-4.468966605182388,-0.16791657986040098,-0.8924737036636098,-0.43872697216825957,-0.10308670598616176,stadt neben,4.100383738842582
-4.661183493217139,-0.01791225471991087,-0.7620374538969458,-0.35846904952347874,-0.08419435673262335,Hauptb…,3.871408301205736
-4.661183493217139,-0.01791225471991087,-0.7620374538969458,-0.35846904952347874,-0.08419435673262335,neben hauptb…,3.871408301205736
-2.6936735342142697,-0.9456447898389921,0.43165764584154565,-0.5369451560972734,-0.08162902978826532,+1389,6.023609322598417
-4.766676594822189,0.0641886602765267,-0.6867387452777808,-0.3114674018823902,-0.07314499947944458,hauptb… +1389,3.7461291567955644
-2.786475055405341,-0.8951455881340129,0.44739950735494016,-0.5186129523950489,-0.07802650994089308,+1389 char+s,5.920349984867989
-4.583599217504079,-0.07842719705531587,-0.8156991194735432,-0.3916681076495449,-0.09200579671341394,niedrigwasser auch,3.963736605599397
-2.798588258738744,-1.445123101816054,-2.0398456251381574,1.6071609113678105,-1.8675868011828833,Hamburg,6.286304180461732
-5.181054292040443,0.3807584591763251,-0.36167601534719906,-0.10323971338457291,-0.024373715053352604,auch hamburg,3.2588930973088397
-4.463700084193752,-0.17202806066250043,-0.895931676308876,-0.44083416071273973,-0.10358308967970392,Schleswig-Holstein,4.1066671246190465
-5.237774905740675,0.42268963829612693,-0.3131327750384316,-0.07143296719456615,-0.016955984639663496,hamburg schleswig-holstein,3.1931243887279117
-5.115135239255906,0.3314495789898635,-0.41678892205825746,-0.13913227676161868,-0.03275573309441425,heben,3.335680212422616
-5.115135239255906,0.3314495789898635,-0.41678892205825746,-0.13913227676161868,-0.03275573309441425,schleswig-holstein heb+en,3.335680212422616
-4.865460780522124,0.14073598593308678,-0.6136518090034716,-0.2653915475389051,-0.06232583673835532,LKW-Fahrverbot,3.6291629820122426
-4.865460780522124,0.14073598593308678,-0.6136518090034716,-0.2653915475389051,-0.06232583673835532,heb+en lkw+-+fahr+verbot,3.6291629820122426
-5.054418852649119,0.28557171767222456,-0.46635231104990227,-0.17120952093711908,-0.04025636655258773,lkw+-+fahr+verbot angesichts,3.406700693445046
-3.915019421263101,-0.5981074361766492,-1.2267891704222058,-0.6372568219995687,-0.14990339417283466,vielen,4.76260283318259
-5.186514740762889,0.3848164902246589,-0.3570484502049319,-0.10021536391073357,-0.02366797967232906,niedrigwasser+s viel+en,3.2525487579136203
-4.8051650577130065,0.09406073730507991,-0.6585672301661888,-0.293759845587235,-0.06898549183785589,viel+en fluss+en,3.700512115371519
-5.3284468087398515,0.48855659629374326,-0.233301651597866,-0.01873843479013665,-0.00468950674203944,fluss+en setz+en,3.0886677999846595
-5.370509912111046,0.5185382898308077,-0.19530751436220653,0.0065077735492160005,0.0011767972031584417,setz+en immer,3.0405342932294124
-5.421229125601544,0.5541239429417575,-0.14866378460503937,0.03764741639708358,0.00840243919811938,mehr bund+es+land+er,2.9828060962216507
-5.477604287810655,0.5928550736410247,-0.0957319648437567,0.0731784682279269,0.016632760652663073,bund+es+land+er sonntag+s+fahr+verbot,2.9190825166343912
-5.539683366503776,0.6343536147683164,-0.03609564831108018,0.11345448370748401,0.02594268357970371,nun zieh+en,2.8495168012117578
-5.5594884373552365,0.6473094116547058,-0.016768424015486713,0.12656260479855458,0.028967984659329912,zieh+en schleswig-holstein,2.8274699005035546
-5.330607893880151,0.4901065652522092,-0.23136465272220266,-0.0174539400157272,-0.004390865331955374,schleswig-holstein hamburg,3.0861894944753567
-5.609968590328554,0.6796436186530712,0.03316002316650065,0.16054977394450992,0.03680089679319072,zahlreichen,2.771626498877577
-5.609968590328554,0.6796436186530712,0.03316002316650065,0.16054977394450992,0.03680089679319072,nach zahlreich+en,2.771626498877577
-5.628292177056867,0.6911185477551454,0.05152132270364426,0.17309372141907997,0.03968765737799014,zahlreich+en bund+es+land+ern,2.751488444126772
-5.639461499408871,0.6980404589100886,0.06277603953768125,0.18079460305311612,0.0414587222853091,bund+es+land+ern setz+en,2.7392495538451236
-5.648150243051687,0.7033858684852461,0.07156394078914553,0.18681391563184624,0.04284243812092446,setz+en schleswig-holstein,2.7297483678486336
-5.6698144147203715,0.7165596335460758,0.09360020164323031,0.20193208355859227,0.04631536730843018,hamburg sonn+-,2.7061352167175152
-5.675187703460288,0.7197920642445559,0.09909337894772083,0.20570613888908384,0.04718179147505373,Feiertagsverbot,2.700295886729715
-5.675187703460288,0.7197920642445559,0.09909337894772083,0.20570613888908384,0.04718179147505373,sonn+- feiertags+verbot,2.700295886729715
-5.6850620430844785,0.7256949098838794,0.1092166474610019,0.2126669268450534,0.048779224779739824,feiertags+verbot last+wagen,2.689583546104531
-5.706086074894811,0.7380976474585343,0.13089413764296381,0.2275970782352844,0.05220297677087658,solle,2.666856712723507
-5.706086074894811,0.7380976474585343,0.13089413764296381,0.2275970782352844,0.05220297677087658,schleswig-holstein soll+e,2.666856712723507
-5.226041934663296,0.41405769749467325,-0.32326087882621757,-0.07808394850984551,-0.018506259504025346,Regelung,3.2067041055751373
-5.710344445723299,0.7405816665676539,0.13530531870186482,0.23063934725542679,0.052900188220176295,soll+e regelung,2.662267253121839
-5.7160127039862285,0.7438730709776522,0.1411876648838848,0.23469840117063945,0.05383018919582201,31.…,2.656165651187732
-5.7160127039862285,0.7438730709776522,0.1411876648838848,0.23469840117063945,0.05383018919582201,regelung 31.…,2.656165651187732
-5.717919438360348,0.7449763659382576,0.14316915779919953,0.236066267072654,0.05414353146856875,31.… +2008,2.654115050077426
-5.719780412325877,0.7460512789658302,0.14510442690566341,0.23740249445688177,0.05444959689986627,+2008 char+s,2.652114592496089
-4.37454082042687,-0.24160924081818225,-0.9535866651000329,-0.47580771067162436,-0.11182396407592564,Hessen,4.213100285621366
-4.99435711208729,0.23982861853875503,-0.5142871209185043,-0.2020491534040329,-0.047475604946068325,auch hessen,3.4771972159434688
-5.08179152664186,0.30630421238834593,-0.44414761338083,-0.1568624404866767,-0.03690050217429974,hessen locker+t,3.374650236242235
-5.536599041940054,0.6323230339550925,-0.039092366570747425,0.11142446554327878,0.025473954066774954,lkw+-+fahr+verbot hier,2.8529568958086102
-5.482952912422276,0.5964803973181834,-0.09064982203748492,0.0766006753609651,0.017424636474945368,sie auch,2.913062822105352
-5.638208088987814,0.6972664929387555,0.06151068938593423,0.17992835173872412,0.041259544169029674,nach bund+es+land+ern,2.7406215885463894
-5.671413367849004,0.7175230020570769,0.09523368370279084,0.20305413225289537,0.04657298331094718,bund+es+land+ern hesse+n,2.7043968495286954
-5.684989112077671,0.7256514910916292,0.10914174203324693,0.21261539474177582,0.048767401445072286,hesse+n lockerung,2.689662578137751
-5.6985648387519925,0.7336869358539866,0.12311983333520872,0.22223874160693735,0.05097462080755376,Lkw-Fahrverbots,2.6749741902048263
-5.6985648387519925,0.7336869358539866,0.12311983333520872,0.22223874160693735,0.05097462080755376,lockerung lkw+-+fahr+verbot+s,2.6749741902048263
-5.7140430893073795,0.7427313274755496,0.1391422755445795,0.23328672044256615,0.05350677835206914,lkw+-+fahr+verbot+s sonn+-,2.658284886398466
-5.72822426676151,0.750904679666107,0.15390189165919266,0.2434801708434159,0.055841333574750976,verfügt,2.6430494927597747
-5.72822426676151,0.750904679666107,0.15390189165919266,0.2434801708434159,0.055841333574750976,feier+tag+en verfüg+t,2.6430494927597747
-5.738012052993054,0.7564809462238036,0.16413340334673554,0.25055550232610124,0.05746076240612304,Hessische,2.6325657633133948
-5.738012052993054,0.7564809462238036,0.16413340334673554,0.25055550232610124,0.05746076240612304,verfüg+t hessisch+e,2.6325657633133948
-5.5046406132650105,0.6110867490043894,-0.06993476934332754,0.09056919237802097,0.020655292723645732,Verkehrsministerium,2.8887031566533072
-5.743201672638957,0.759415581213577,0.16957301658251073,0.25432016657067547,0.05832209613187715,hessisch+e verkehr+s+ministerium,2.627017837456658
-5.752540749754058,0.7646576083709984,0.1793876497850011,0.2611180526343805,0.059876815985135765,mitteilt,2.6170529234243904
-5.752540749754058,0.7646576083709984,0.1793876497850011,0.2611180526343805,0.059876815985135765,verkehr+s+ministerium mit+teil+t,2.6170529234243904
-5.756764366327783,0.767011614473835,0.18383716693982638,0.26420217666967827,0.06058191949064563,Wirtschafts-,2.6125543721802265
-5.763368925551436,0.7706714554679706,0.19080847618790348,0.2690370894277543,0.061686971687768447,wirtschaft+s+- verkehr+s+minister,2.6055301371887754
-5.769347988756248,0.7739621438292443,0.19713374834658592,0.27342694865321715,0.06268996041868323,Kaweh,2.599182039454294
-5.769347988756248,0.7739621438292443,0.19713374834658592,0.27342694865321715,0.06268996041868323,verkehr+s+minister kaweh,2.599182039454294
-5.772292847151467,0.7755749399028955,0.20025407662167227,0.2755935678101322,0.06318486534453706,+518,2.596059264420068
-5.772292847151467,0.7755749399028955,0.20025407662167227,0.2755935678101322,0.06318486534453706,kaweh +518,2.596059264420068
-5.773868912829192,0.7764359211739604,0.20192539412362168,0.2767543432467776,0.06344997972126086,+518 chars,2.594389028153804
-4.659093009510106,-0.01954169419213514,-0.7635020188666998,-0.35937844295925736,-0.08440825713781228,rhein niedrigwasser,3.8738941137902834
-5.45734871924601,0.579046004804022,-0.11488339050227758,0.060299221740124254,0.013651257760244104,Benzinpreise,2.941921511722083
-5.45734871924601,0.579046004804022,-0.11488339050227758,0.060299221740124254,0.013651257760244104,lass+st benz+in+preis+e,2.941921511722083
-5.528244305098925,0.626805585282497,-0.04719198731802765,0.10594092289195012,0.024207530553649007,benz+in+preis+e steig+en,2.8622841338455607
-5.558915115244904,0.6469364178644441,-0.017329976689497636,0.12618136766156057,0.028880030012368815,steig+en der,2.828107066730933
-5.632932586057092,0.6940011344911503,0.05619146548976025,0.17628809803778633,0.04042241403864026,rhein aktuell,2.7464002675989714
-5.646439248182848,0.7023359974656833,0.06983115398294013,0.1856265973725557,0.042569541348975656,historisch,2.7316179778899192
-5.646439248182848,0.7023359974656833,0.06983115398294013,0.1856265973725557,0.042569541348975656,aktuell historisch,2.7316179778899192
-5.662456877255204,0.7121107144254992,0.08609630150355413,0.19678006321271435,0.045132243535999,historisch niedrig,2.7141421915701267
-2.8512956089721033,-1.3982391471012776,-1.7424471058490583,-0.920366921411743,-0.21662240305886632,treibt,6.032849135030247
-5.678456234344544,0.7217513641997282,0.10244020500153708,0.20800661468014092,0.04770981196926384,der treib+t,2.6967473089975367
-5.690086625825142,0.7286797590337888,0.1143821256660199,0.21622154855431708,0.049594683306138296,Spritpreis,2.6841418306919804
-5.690086625825142,0.7286797590337888,0.1143821256660199,0.21622154855431708,0.049594683306138296,treib+t sprit+preis,2.6841418306919804
-5.714780761763002,0.7431591855369628,0.13990815508470986,0.23381527789986734,0.05362787268643014,westdeutschen,2.6574910572245085
-5.714780761763002,0.7431591855369628,0.13990815508470986,0.23381527789986734,0.05362787268643014,vor westdeutsch+en,2.6574910572245085
-5.724434215751992,0.7487310699456553,0.149949775734991,0.24074919111366666,0.05521603677284008,westdeutsch+en bund+es+land+ern,2.6471160226224426
-5.733569461865552,0.7539565950576639,0.15948490890497735,0.24734003222001544,0.056724895508831794,bund+es+land+ern benz+in,2.6373209905840684
-3.492151734155259,-0.8233193645111458,-1.1282454344743482,-0.7339073363334438,-0.1832013660970222,derzeit,5.235592096642518
-5.729446040579626,0.7516036746328814,0.15517707045215984,0.24436157923896717,0.05604311855978465,benz+in derzeit,2.6417394198854374
-5.719758433369414,0.74603859475318,0.14508156281896206,0.23738670614039903,0.05444598072503658,derzeit teuer+er,2.652138213441566
-5.446843822802465,0.5718361274535826,-0.12475672449419925,0.05366991201658888,0.012115784163820323,artikel+zusammenfassung der,2.9537917727471763
-5.659734043501373,0.7104576762583299,0.08332451726449058,0.19487803391550262,0.044695353397153595,Flaschenhals,2.7171086418589248
-5.659734043501373,0.7104576762583299,0.08332451726449058,0.19487803391550262,0.044695353397153595,rhein flasche+n+hals,2.7171086418589248
-5.632932586057092,0.6940011344911503,0.05619146548976025,0.17628809803778633,0.04042241403864026,Energie-Logistik,2.7464002675989714
-5.632932586057092,0.6940011344911503,0.05619146548976025,0.17628809803778633,0.04042241403864026,flasche+n+hals energie+-+logistik,2.7464002675989714
-5.548231092615245,0.6399630173103805,-0.027772150326296333,0.11909634242977785,0.027245090022540983,fallenden,2.8399923947714383
-5.548231092615245,0.6399630173103805,-0.027772150326296333,0.11909634242977785,0.027245090022540983,mit fall+end+en,2.8399923947714383
-4.92449414438532,0.21331511024122407,-0.3754841943675029,-0.21312069661114819,-0.056710741203928744,Pegelständen,3.5538206788993167
-5.504850962164284,0.6112276637350433,-0.06973300433582164,0.09070539935346866,0.02068678235447889,fall+end+en pegel+stand+en,2.8884672853686135
-5.418245436811011,0.5520489854581827,-0.15143317023301647,0.035794085101232276,0.007972713380044835,schlägt,2.9861921029166947
-5.418245436811011,0.5520489854581827,-0.15143317023301647,0.035794085101232276,0.007972713380044835,pegel+stand+en schlag+t,2.9861921029166947
-5.261729827956528,0.44024049479536487,-0.29231222207530183,-0.057736029843258874,-0.013764769615077638,schlag+t historisch+e,3.1654417220027455
-4.659093009510106,-0.01954169419213514,-0.7635020188666998,-0.35937844295925736,-0.08440825713781228,historisch+e niedrigwasser,3.8738941137902834
-5.355480432144715,0.5078717638891739,-0.2089542088793571,-0.002572462967819822,-0.000932296530750179,direkt,3.057707174867378
-5.355480432144715,0.5078717638891739,-0.2089542088793571,-0.002572462967819822,-0.000932296530750179,niedrigwasser direkt,3.057707174867378
-5.482952912422276,0.5964803973181834,-0.09064982203748492,0.0766006753609651,0.017424636474945368,direkt wirtschaft,2.913062822105352
-5.536599041940054,0.6323230339550925,-0.039092366570747425,0.11142446554327878,0.025473954066774954,durc…,2.8529568958086102
-5.536599041940054,0.6323230339550925,-0.039092366570747425,0.11142446554327878,0.025473954066774954,wirtschaft durc…,2.8529568958086102
-5.562287807185626,0.6491288448472328,-0.014024751252538006,0.12842560672771852,0.029397766092970692,+1096,2.8243597133612397
-5.562287807185626,0.6491288448472328,-0.014024751252538006,0.12842560672771852,0.029397766092970692,durc… +1096,2.8243597133612397
-5.5808119613475276,0.661092315577076,0.0042049931203392635,0.1408177103383052,0.0322553053906464,+1096 chars,2.8038176732776483
-2.299987405099454,-1.653969792727338,-1.5074289216514252,-0.9949236070505181,-0.24913334133318416,deutsche,6.639252648110192
-5.340442670873079,0.4980663450392988,-0.053864759120497124,0.011200899314672108,-0.0038502463161042555,brems+t deutsch+e,3.0798829012081828
-5.140323720446482,0.3657203416387942,-0.22607868017214908,-0.1037490688421617,-0.030436031625356852,Erholung,3.305020230101499
-5.390635346536811,0.5290868206497299,-0.006996369842691488,0.042011388639688896,0.003179505401189983,deutsch+e erholung,3.0245695543333952
-4.8863011001383985,0.186542002209376,-0.42702692669138587,-0.23508570183407002,-0.06100651828469834,Über,3.5970216127028354
-5.440666253783274,0.5588204446049236,0.04120196293917439,0.07354775750850023,0.010333702613446585,erholung über,2.970034973491757
-5.455486705493902,0.5673509219886244,0.055833901821024184,0.08306090696638796,0.012480781831459078,über deutschland+s,2.954019417552326
-5.486587611211936,0.5847379288294559,0.0872244994185692,0.10330637543370508,0.017026599078802704,Binnenwasserstraßen,2.9206664052388236
-5.486587611211936,0.5847379288294559,0.0872244994185692,0.10330637543370508,0.017026599078802704,deutschland+s binnenwasserstraß+en,2.9206664052388236
-5.544537871433761,0.6143786498753405,0.14968694207422092,0.14229678659042877,0.025628709694244425,binnenwasserstraß+en rund,2.8598803325875974
-4.239626189280875,-0.29170408671009707,-0.8593301467945464,-0.5092259749602492,-0.12548184758977154,Prozent,4.35588342820488
-5.551259935647903,0.6174349511397115,0.15752124880574986,0.1469679364953964,0.02663531773478052,rund prozent,2.853016769838126
-4.9819627466929965,0.14630822333578664,-0.10605684437074284,-0.14192166034331366,-0.049950485811899245,Güter,3.5418116534412944
-5.561263255807608,0.6217277942240662,0.1695902120461641,0.15400639081152612,0.02813496968612407,prozent gut+er,2.8429277189206044
-5.565643538493667,0.6234853428263023,0.17507344165894304,0.15712842499990975,0.028791873031678947,gut+er transportier+t,2.8385695713087347
-5.327219250499931,0.48352511085374883,-0.040291851834208095,0.007182445957664874,-0.005794319086425151,niedrig+en pegel+stand+en,3.098053661368057
-5.590083477740835,0.6305433565769492,0.21017524334948615,0.17537295916176476,0.03243882082215373,pegel+stand+en rhein+s,2.815590803253347
-5.592281799896438,0.6306806265295051,0.21414700123066166,0.1771555440046788,0.032761372595797214,rhein+s zeig+t,2.813765504285807
-5.596743841130289,0.6301654747379657,0.22349534334197926,0.1809912128795611,0.03340548978535891,zeig+t dürre,2.8104451454274755
-5.598527231969824,0.6293488766475182,0.22821500611779955,0.18268963369403246,0.03365452346510235,dürre wirtschaft,2.8094136296435086
-4.723074322563805,0.06828035510770336,-0.5065662984982673,-0.30635660031484246,-0.07911987552348844,trifft,3.788023661465613
-5.600397749980564,0.6272452529906354,0.23515753855822458,0.18480550030381915,0.03389831027102276,wirtschaft treff+t,2.808934724182959
-3.860725585253305,-0.34605559469203184,0.7545760319235055,-0.24664968257395414,-0.028401633958667086,meisten,4.7481617027377325
-5.60107637772585,0.6238797415736614,0.24180661710504303,0.1862671736694883,0.03395048275793659,treff+t meist+en,2.8100183579931897
-5.600920711317212,0.6218603884144722,0.2447006389659351,0.18667510641720664,0.033899740374871576,schmerzt,2.811118174902734
-5.600920711317212,0.6218603884144722,0.2447006389659351,0.18667510641720664,0.033899740374871576,meist+en schmerz+t,2.811118174902734
-5.287976343204246,0.36488250568903813,0.08589729078273786,0.013529055230370068,-0.011665703983398154,rhein groß,3.1875684775493793
-4.541345555182056,-0.08755230074682352,-0.4862456035297775,-0.3624323417455477,-0.09787979641264966,Fluss,4.015109303170179
-5.285018658966161,0.3586755177784353,0.08809852307321275,0.01283426507019203,-0.012067504809840701,groß fluss,3.1928962895912685
-5.600280419238903,0.6189067623406348,0.24812012808826525,0.1869270083488751,0.033765575548649465,fluss der,2.8130561385654107
-5.566942210006136,0.563076896584612,0.26792997822851305,0.17382482556637835,0.028239504989773775,fluss deutschland+s,2.866561802016093
-5.53543706426702,0.5196404873845781,0.26861985687668105,0.15895071771489944,0.023287121576972505,wichtige,2.9125482812635624
-5.53543706426702,0.5196404873845781,0.26861985687668105,0.15895071771489944,0.023287121576972505,deutschland+s wichtig+e,2.9125482812635624
-5.518362689945635,0.4965967203609858,0.2672396308743843,0.15079221856988528,0.02066242692435298,Lebensader,2.937211867625817
-5.518362689945635,0.4965967203609858,0.2672396308743843,0.15079221856988528,0.02066242692435298,wichtig+e leben+s+ader,2.937211867625817
-5.475200705221134,0.43876803967352473,0.2607228057600476,0.13024034300903975,0.014189584488593518,leben+s+ader gut+er,2.999314705905362
-5.340100817897679,0.2582055198913231,0.2261709389521582,0.06836915121091502,-0.004736357206919645,gut+er deutsch+e,3.19336909824681
-5.066180072651118,-0.10271382153255892,0.13253537650019986,-0.04289495088109524,-0.037897112898812396,deutsch+e industrie,3.5850796649506917
-5.356750334350966,0.2769065889127167,0.23318160513319494,0.07631988707828757,-0.0025055418284596065,unverzichtbar,3.1710619724846105
-5.356750334350966,0.2769065889127167,0.23318160513319494,0.07631988707828757,-0.0025055418284596065,industrie un+verzicht+bar,3.1710619724846105
-4.297211832642706,-0.25342637262634193,-0.6502271258660683,-0.46258604962742167,-0.12091943127787178,Doch,4.295518884305362
-5.525288888262368,0.4927608052304038,0.27939917122955976,0.15650062892746636,0.021630936479807586,doch derzeit,2.9332909776150506
-5.557250334684409,0.531493128308927,0.28646731489387084,0.1727744444709569,0.026542866246992494,wahrscheinlich,2.889183029857239
-5.557250334684409,0.531493128308927,0.28646731489387084,0.1727744444709569,0.026542866246992494,derzeit wahrscheinlich,2.889183029857239
-4.937487699458275,0.09198465078101559,0.20412932690794106,-0.0649982817893382,-0.03526703970938884,di…,3.6124737880172586
-5.593928816666562,0.5743363254725284,0.29400049296816344,0.19193367435643305,0.03231013861011882,wahrscheinlich di…,2.839275587891065
-5.599871929980289,0.581085828149448,0.29517901358250687,0.1950903093375056,0.0332574125609197,+6638,2.8312742994263265
-5.599871929980289,0.581085828149448,0.29517901358250687,0.1950903093375056,0.0332574125609197,di… +6638,2.8312742994263265
-5.606465537809574,0.5885043500041238,0.29647781871184553,0.1986104082258956,0.03431244042340682,+6638 chars,2.8224282399038936
-5.260961798917888,0.43967935341884035,-0.2929827387173918,-0.05817764364345407,-0.01386763036322855,Drohen,3.1663283558365203
-5.229805461991679,0.41682900234515463,-0.3200171015536799,-0.07595465274218466,-0.018009894906028598,Engpässe,3.202346742044803
-5.229805461991679,0.41682900234515463,-0.3200171015536799,-0.07595465274218466,-0.018009894906028598,droh+en engpaß+e,3.202346742044803
-4.8080837291500105,0.09632374016186218,-0.6564152248326838,-0.2924044572507872,-0.06866718926715373,verkehr+s+minister versorgung,3.697055078266808
-2.8900761815056963,-1.3697654635638852,-1.7258752009551361,-0.9117587252695619,-0.2145989309777894,trotz,5.986667708155568
-4.354750245015497,-0.2570448633762519,-0.9661621625423238,-0.4833956130125773,-0.11361243687101304,versorgung trotz,4.23673848721557
-3.5381923491196163,-0.8860422306684468,-1.425517204676508,-0.7499354324972244,-0.1764857210869282,trotz niedrigwasser,5.213283199658311
-4.725845148775962,0.03244482840393448,-0.7162113532485944,-0.32992154586809225,-0.07748183458702956,gesichert,3.7945786262727172
-4.725845148775962,0.03244482840393448,-0.7162113532485944,-0.32992154586809225,-0.07748183458702956,niedrigwasser ge+sicher+t,3.7945786262727172
-5.418245436811011,0.5520489854581827,-0.15143317023301647,0.035794085101232276,0.007972713380044835,ge+sicher+t hier,2.9861921029166947
-5.608749724308064,0.6788751804893787,0.031943155694522954,0.15971929826866488,0.036609696704638664,thema droh+en,2.77296864421142
-5.494306838041023,0.6041460992232046,-0.07982672043725342,0.08389498728371564,0.019111989546857097,sie verkehr+s+minister,2.900300134018081
-4.517744612372006,-0.08529662213612177,-0.6346823979189183,-0.36986499834994163,-0.08992482518052733,sieht,4.029152817186767
-5.450238950061034,0.5741698461917373,-0.12157010396525228,0.055808744172934854,0.0126112378000416,cdu seh+t,2.9499534937149052
-5.399661276564908,0.5390717220268793,-0.16861064237411102,0.024311151579544277,0.005309288611723792,seh+t trotz,3.007310855692524
-5.261729827956528,0.44024049479536487,-0.29231222207530183,-0.057736029843258874,-0.013764769615077638,trotz an+halt+end+en,3.1654417220027455
-4.659093009510106,-0.01954169419213514,-0.7635020188666998,-0.35937844295925736,-0.08440825713781228,Niedrigwasserlage,3.8738941137902834
-4.659093009510106,-0.01954169419213514,-0.7635020188666998,-0.35937844295925736,-0.08440825713781228,an+halt+end+en niedrigwasser+lage,3.8738941137902834
-5.399661276564908,0.5390717220268793,-0.16861064237411102,0.024311151579544277,0.005309288611723792,niedrigwasser+lage wichtig+en,3.007310855692524
-5.476938395520829,0.592403102981887,-0.09636394588504191,0.07275303712576253,0.01653430829476936,wichtig+en wasser+straße+n,2.9198322847429057
-5.544465909690511,0.6374954217194975,-0.03144192642578074,0.11660826633406624,0.026670778445797114,wasser+straße+n derzeit,2.844186105196812
-5.589115630745029,0.6664111077032575,0.0124185895716847,0.14640892339568207,0.03354389502827958,Versorgungsengpässe,2.794631828605506
-5.589115630745029,0.6664111077032575,0.0124185895716847,0.14640892339568207,0.03354389502827958,derzeit versorgung+s+engpaß+e,2.794631828605506
-5.666400393628013,0.7144985181440049,0.0901157077895154,0.19953920190325058,0.04576591035780135,stand versorgung,2.7098489733823268
-5.679578734452111,0.7224230157499469,0.10359053047917169,0.2087974879512493,0.04789131942523302,gewährleistet,2.6955292379651428
-5.679578734452111,0.7224230157499469,0.10359053047917169,0.2087974879512493,0.04789131942523302,versorgung gewährleist+et,2.6955292379651428
-5.696752580108932,0.732619746422156,0.12124981092164111,0.22095049788208487,0.050679233006017246,+1276,2.676932283978165
-5.696752580108932,0.732619746422156,0.12124981092164111,0.22095049788208487,0.050679233006017246,gewährleist+et +1276,2.676932283978165
-5.702075678813145,0.7357495057996732,0.12674612836314153,0.2247375800557242,0.05154751661594888,+1276 chars,2.67118321834184
-5.313945464478613,0.4781303768057623,-0.24625754650091472,-0.027322769747203268,-0.006685803113920544,Baubranche,3.105312139215007
-5.313945464478613,0.4781303768057623,-0.24625754650091472,-0.027322769747203268,-0.006685803113920544,niedrigwasser bau+branche,3.105312139215007
-0.9661902553237445,-1.796512638410162,-0.7469280915801612,1.1958338195588307,-1.5897300353771748,warnt,8.056620546804055
-5.435010588070519,0.5636764486971488,-0.13583055693574905,0.04624302980696937,0.01039493282260838,bau+branche warn+t,2.967183319905522
-5.136793343098226,0.34771244750146546,-0.3988330205432957,-0.1274641291776492,-0.030029579586457536,Engpässen,3.3104124990884487
-5.328782619495545,0.48879751154647866,-0.23300076780251058,-0.01853892608001001,-0.004643120341724968,warn+t engpaß+en,3.088282659539437
-4.659093009510106,-0.01954169419213514,-0.7635020188666998,-0.35937844295925736,-0.08440825713781228,engpaß+en niedrigwasser,3.8738941137902834
-5.29794004034585,0.4665724692500628,-0.26047320373733385,-0.036727374190715756,-0.008873767943932659,niedrigwasser der,3.1237112267744354
-5.210111898849936,0.4023021908676643,-0.33693925521346535,-0.08705398408951259,-0.02059777296577872,Transport,3.225162717164332
-5.355480432144715,0.5078717638891739,-0.2089542088793571,-0.002572462967819822,-0.000932296530750179,der transport,3.057707174867378
-5.476938395520829,0.592403102981887,-0.09636394588504191,0.07275303712576253,0.01653430829476936,Produkten,2.9198322847429057
-5.476938395520829,0.592403102981887,-0.09636394588504191,0.07275303712576253,0.01653430829476936,transport produkt+en,2.9198322847429057
-5.558915115244904,0.6469364178644441,-0.017329976689497636,0.12618136766156057,0.028880030012368815,Bauwirtschaft,2.828107066730933
-5.558915115244904,0.6469364178644441,-0.017329976689497636,0.12618136766156057,0.028880030012368815,produkt+en bau+wirtschaft,2.828107066730933
-5.599350473718381,0.6729283385518696,0.02257817731739859,0.15333154189406506,0.03513871194603256,könne,2.783329173746018
-5.599350473718381,0.6729283385518696,0.02257817731739859,0.15333154189406506,0.03513871194603256,bau+wirtschaft könn+e,2.783329173746018
-5.625458289601209,0.6893534492605733,0.04867329098115034,0.17114643654245343,0.039239677122513375,einfach,2.75459814039265
-5.625458289601209,0.6893534492605733,0.04867329098115034,0.17114643654245343,0.039239677122513375,könn+e einfach,2.75459814039265
-5.652571012917175,0.7060921548733605,0.0760461613320348,0.18988616418096993,0.04354847389743967,einfach straße,2.724920918772043
-5.662456877255204,0.7121107144254992,0.08609630150355413,0.19678006321271435,0.045132243535999,umgelegt,2.7141421915701267
-5.662456877255204,0.7121107144254992,0.08609630150355413,0.19678006321271435,0.045132243535999,straße um+ge+leg+t,2.7141421915701267
-5.435010588070519,0.5636764486971488,-0.13583055693574905,0.04624302980696937,0.01039493282260838,um+ge+leg+t warn+t,2.967183319905522
-5.693007306120467,0.730408872290697,0.11738911547542936,0.2182916859898456,0.05006949760361325,Branchenverband,2.680981592621766
-5.693007306120467,0.730408872290697,0.11738911547542936,0.2182916859898456,0.05006949760361325,warn+t branche+n+verband,2.680981592621766
-3.1745697339249075,-0.7004367306731534,0.7416487083319968,-0.3817426764426485,-0.04602169489709969,rechnet,5.501948464837255
-5.217627426510736,0.4078532861959707,-0.3304964223003589,-0.08283066061716393,-0.019612936449340465,baldigen,3.2164512475519556
-5.719066564662592,0.7456391778182996,0.14436192509838353,0.23688979446026392,0.05433216541318307,rechn+et baldig+en,2.6528818355528894
-5.725079316442555,0.7491015983924931,0.1506220765458366,0.2412136837352219,0.05532239759185843,baldig+en engpaß+en,2.64642358931423
-5.7369268880333735,0.7558653676893043,0.16299725341162108,0.24976945891143154,0.057280890529571624,Bauindustrie,2.6337267931279187
-5.7369268880333735,0.7558653676893043,0.16299725341162108,0.24976945891143154,0.057280890529571624,auch bau+industrie,2.6337267931279187
-5.74941601731901,0.7629093298056489,0.17610013012221268,0.25884025973012936,0.059355956272526,bau+industrie teils,2.620384319374863
-5.451692347504826,0.5751678482243585,-0.12020468429091138,0.05672542931318025,0.012823567627218688,extrem,2.9483109350699657
-5.7521031831407425,0.7644131345432892,0.178927065268673,0.2607988852851131,0.05980383767390306,teils extrem,2.617519263359572
-5.755107263833126,0.7660892902350913,0.18209063064652692,0.2629914196037202,0.06030513094140509,extrem niedrig+en,2.614318737039006
-5.759173611880365,0.7683496764725637,0.18637828959854152,0.26596415633825476,0.060984677693838515,niedrig+en pegel,2.6099905809414965
-5.761875104983202,0.7698459468993066,0.18923026318658778,0.26794222478019636,0.06143676756820561,pegel deutsch+er,2.6071177798331
-5.7655453409274156,0.7718717811944371,0.1931093534493226,0.2706336115283271,0.06205178069877566,deutsch+er fluss+e,2.603218185825738
-5.767992136805324,0.7732178187055851,0.19569820619428183,0.2724304045487219,0.062462300241005034,fluss+e betreff+en,2.6006206618895646
-5.773243445312501,0.7760944195447161,0.20126201364161356,0.276293583603909,0.06334474765449334,Wasserstraße,2.595051779864641
-5.773243445312501,0.7760944195447161,0.20126201364161356,0.276293583603909,0.06334474765449334,der wasser+straße,2.595051779864641
-5.780622806986573,0.7801081622953032,0.20909805445048094,0.2817382149611568,0.0645880041184987,wasser+straße transport,2.5872399284995207
-5.783330595871802,0.7815725012809773,0.2119785522150942,0.28374074182699194,0.06504514337604787,transport groß+er,2.5843775186128015
-5.785407539048193,0.7826925793632331,0.2141898338130457,0.285278430384051,0.06539612167742236,Mengen,2.582183472023141
-5.785407539048193,0.7826925793632331,0.2141898338130457,0.285278430384051,0.06539612167742236,groß+er menge+n,2.582183472023141
-5.787163835600965,0.7836376205541076,0.21606099273569399,0.2865798759390572,0.06569314533475949,schwerer,2.5803291678283404
-5.787163835600965,0.7836376205541076,0.21606099273569399,0.2865798759390572,0.06569314533475949,menge+n schwer+er,2.5803291678283404
-5.789343133292251,0.7848075675733761,0.21838442622362006,0.2881962395134203,0.0660620004774543,schwer+er gut+er,2.578029557942609
-5.791667013352804,0.7860518169603197,0.22086396667595468,0.28992162851332937,0.06645568508174089,besonderer,2.5755789767208785
-5.791667013352804,0.7860518169603197,0.22086396667595468,0.28992162851332937,0.06645568508174089,gut+er besonder+er,2.5755789767208785
-5.794112849937573,0.7873576492737839,0.2234758185937455,0.29173956118499544,0.06687042929425636,Bedeutung,2.573001573343088
-5.794112849937573,0.7873576492737839,0.2234758185937455,0.29173956118499544,0.06687042929425636,besonder+er bedeutung,2.573001573343088
-5.796658786627146,0.7887128570944657,0.2261969447800846,0.29363407029185573,0.06730258216333239,bedeutung sag+te,2.5703206372778973
-5.799284087958169,0.7901059419071375,0.22900543704557155,0.29558996003230187,0.06774867039351236,+2214,2.5675582234824303
-5.799284087958169,0.7901059419071375,0.22900543704557155,0.29558996003230187,0.06774867039351236,sag+te +2214,2.5675582234824303
-5.800452238554199,0.7907243746244141,0.2302559286745222,0.2964610084221392,0.06794731252105803,+2214 chars,2.5663297501435203
-4.656705810618623,-0.021402501886816028,-0.7651731759363373,-0.3604158904795515,-0.08465228253021811,Thüringen,3.8767328931807885
-5.313945464478613,0.4781303768057623,-0.24625754650091472,-0.027322769747203268,-0.006685803113920544,niedrigwasser thüringen,3.105312139215007
-5.059568697447954,0.2894781479099655,-0.4621921231975563,-0.1685244488911326,-0.03962818234606548,thüringen setz+t,3.4006668790396026
-5.121233031838072,0.33603415496133215,-0.4117483414706429,-0.13585931483059685,-0.03199091417140043,setz+t sonntag+s+fahr+verbot,3.3285624618093403
-5.251811900874117,0.4329861360687626,-0.3009557050962103,-0.0634261772965119,-0.01509027202122952,komplett,3.176895943457951
-5.251811900874117,0.4329861360687626,-0.3009557050962103,-0.0634261772965119,-0.01509027202122952,sonntag+s+fahr+verbot komplett,3.176895943457951
-5.536599041940054,0.6323230339550925,-0.039092366570747425,0.11142446554327878,0.025473954066774954,komplett hier,2.8529568958086102
-5.482952912422276,0.5964803973181834,-0.09064982203748492,0.0766006753609651,0.017424636474945368,sie thüringen,2.913062822105352
-5.654046338888193,0.7069932765972538,0.0775436465882786,0.19091290631979696,0.043784398370774094,hebt,2.72331088656442
-5.654046338888193,0.7069932765972538,0.0775436465882786,0.19091290631979696,0.043784398370774094,thüringen heb+t,2.72331088656442
-5.6448456177880955,0.7013569228824041,0.06821822602340351,0.184521600652516,0.04231554649258103,heb+t sonntag+s+fahr+verbot,2.7333599505794233
-2.01666619258389,-1.196903197886066,0.436772494755164,1.1706527128226438,-1.2400306237034133,ganz,6.864875291769175
-5.519348305726781,0.6209037235543922,-0.05578779223967989,0.1001266537386235,0.022864285467294312,vor+übergeh+end ganz,2.8722295760058993
-5.435010588070519,0.5636764486971488,-0.13583055693574905,0.04624302980696937,0.01039493282260838,der regelung,2.967183319905522
-5.2806014273489295,0.4539947361510146,-0.27577419947284965,-0.04683308835916933,-0.011225892669355503,regelung reaktion,3.143675395253755
-4.659093009510106,-0.01954169419213514,-0.7635020188666998,-0.35937844295925736,-0.08440825713781228,reaktion niedrigwasser,3.8738941137902834
-5.342589030167968,0.4986812524289823,-0.22059643610057564,-0.010308050122224688,-0.0027297983402491816,niedrigwasser viel+en,3.0724599641435453
-5.476938395520829,0.592403102981887,-0.09636394588504191,0.07275303712576253,0.01653430829476936,gelte,2.9198322847429057
-5.476938395520829,0.592403102981887,-0.09636394588504191,0.07275303712576253,0.01653430829476936,fluss+en gelt+e,2.9198322847429057
-5.509849025709253,0.614571570636196,-0.06493408602243575,0.09394591122478435,0.02143588309105167,zunächst,2.882865050911692
-5.509849025709253,0.614571570636196,-0.06493408602243575,0.09394591122478435,0.02143588309105167,gelt+e zunächst,2.882865050911692
-5.03614169937862,0.2716866289842972,-0.48105268441023685,-0.18068654556535144,-0.04247402970574728,31.,3.42812922503377
-5.562287807185626,0.6491288448472328,-0.014024751252538006,0.12842560672771852,0.029397766092970692,zunächst 31.,2.8243597133612397
-4.786416910522712,0.07951643660072194,-0.6723377328603657,-0.3024237419303207,-0.0710204069746503,August,3.7227260153310677
-5.05238317688059,0.28402682363708487,-0.46799457926551113,-0.17226910081142613,-0.04050427619675896,31. august,3.4090862802416972
-5.596874845058019,0.6713558859882056,0.020117127474889654,0.15165393119480697,0.034752290923953585,august sag+te,2.7860610887693267
-5.621514901884728,0.686891403698868,0.04471528405655359,0.16844119497369403,0.0386172331023988,Sprecherin,2.7589282721948356
-5.621514901884728,0.686891403698868,0.04471528405655359,0.16844119497369403,0.0386172331023988,sag+te sprecher+in,2.7589282721948356
-5.648007965387791,0.7032986183050745,0.07141980865217804,0.18671514702724745,0.042819737662199,Verk…,2.72990380935815
-5.648007965387791,0.7032986183050745,0.07141980865217804,0.18671514702724745,0.042819737662199,sprecher+in verk…,2.72990380935815
-5.658343110758642,0.709611872160264,0.08190966556829081,0.1939073589729281,0.04447237108947784,+1561,2.718624701630581
-5.658343110758642,0.709611872160264,0.08190966556829081,0.1939073589729281,0.04447237108947784,verk… +1561,2.718624701630581
-5.666400393628013,0.7144985181440049,0.0901157077895154,0.19953920190325058,0.04576591035780135,+1561 chars,2.7098489733823268
-4.705264078893772,0.016426918210288965,-0.7309086318639925,-0.33909675120079547,-0.07963877337683836,Bernreiter,3.8190195141845904
-5.313945464478613,0.4781303768057623,-0.24625754650091472,-0.027322769747203268,-0.006685803113920544,niedrigwasser bernreiter,3.105312139215007
-5.107715934825073,0.3258654772343996,-0.42290626567449074,-0.14310175717700951,-0.03368343932884475,bernreiter donau,3.3443443283397403
-5.115620315903915,0.33181444294243256,-0.4163883710737911,-0.1388722620913619,-0.032694969956131456,donau rasch,3.335113894587752
-5.091109163644079,0.31334346715669104,-0.4365369835574866,-0.15193612368890452,-0.03574860855508313,rasch aus+bau+en,3.3637522089308605
-5.536599041940054,0.6323230339550925,-0.039092366570747425,0.11142446554327878,0.025473954066774954,aus+bau+en hier,2.8529568958086102
-5.482952912422276,0.5964803973181834,-0.09064982203748492,0.0766006753609651,0.017424636474945368,sie bernreiter,2.913062822105352
-3.74783687589706,-0.3789827117819744,0.6162020263770656,-0.29735912310166407,-0.034286694982931396,Europas,4.856636891390463
-5.355480432144715,0.5078717638891739,-0.2089542088793571,-0.002572462967819822,-0.000932296530750179,niedrigwasser+s europa+s,3.057707174867378
-5.435010588070519,0.5636764486971488,-0.13583055693574905,0.04624302980696937,0.01039493282260838,europa+s fluss+en,2.967183319905522
-5.509849025709253,0.614571570636196,-0.06493408602243575,0.09394591122478435,0.02143588309105167,erheblichen,2.882865050911692
-5.509849025709253,0.614571570636196,-0.06493408602243575,0.09394591122478435,0.02143588309105167,fluss+en erheblich+en,2.882865050911692
0.4974633730402864,-2.7214250730212206,1.3214702937581275,-0.6335302243182455,-0.06884548815476796,Auswirkungen,9.646364800552185
-5.558915115244904,0.6469364178644441,-0.017329976689497636,0.12618136766156057,0.028880030012368815,erheblich+en auswirkung+en,2.828107066730933
-5.615317108785008,0.6830081089285402,0.03850641466440333,0.16419978686321524,0.03764111869559196,Gütertransport,2.7657407929283444
-5.615317108785008,0.6830081089285402,0.03850641466440333,0.16419978686321524,0.03764111869559196,auswirkung+en gut+er+transport,2.7657407929283444
-5.656931855475639,0.7087527701794272,0.08047489299112179,0.19292316349260952,0.04424626816919909,Bayerns,2.72016337896617
-5.656931855475639,0.7087527701794272,0.08047489299112179,0.19292316349260952,0.04424626816919909,gut+er+transport bayern+s,2.72016337896617
-5.667679092133758,0.7152711582843716,0.09142028257891252,0.2004349814779961,0.04597161089979861,bayern+s verkehr+s+minister,2.708457682428833
-5.687063929999297,0.7268856645637056,0.11127351974269761,0.21408213403377374,0.049103908379221586,verkehr+s+minister christian,2.687414709326892
-5.696752580108932,0.732619746422156,0.12124981092164111,0.22095049788208487,0.050679233006017246,christian bernreiter,2.676932283978165
-5.7140430893073795,0.7427313274755496,0.1391422755445795,0.23328672044256615,0.05350677835206914,raschen,2.658284886398466
-5.7140430893073795,0.7427313274755496,0.1391422755445795,0.23328672044256615,0.05350677835206914,bernreiter rasch+en,2.658284886398466
-5.719758433369414,0.74603859475318,0.14508156281896206,0.23738670614039903,0.05444598072503658,rasch+en ausbau,2.652138213441566
-5.726982094566276,0.7501931645352662,0.1526060032003938,0.24258456682358154,0.05563628568549171,ausbau donau,2.644381852577322
-5.730647972773104,0.7522905067602896,0.15643209262599364,0.24522916869179068,0.056241727467554056,ausgespr…,2.6404510179292195
-5.730647972773104,0.7522905067602896,0.15643209262599364,0.24522916869179068,0.056241727467554056,donau ausgespr…,2.6404510179292195
-5.7369268880333735,0.7558653676893043,0.16299725341162108,0.24976945891143154,0.057280890529571624,+2505,2.6337267931279187
-5.7369268880333735,0.7558653676893043,0.16299725341162108,0.24976945891143154,0.057280890529571624,ausgespr… +2505,2.6337267931279187
-5.740133965632322,0.757682705621435,0.16635629995748183,0.2520936761707816,0.057812716207908274,+2505 char+s,2.63029644539848
-4.685349336054578,0.0009180960680932326,-0.7450306228868182,-0.3478955091862246,-0.08170764264188514,Spaziergänger,3.8426810121170827
-5.313945464478613,0.4781303768057623,-0.24625754650091472,-0.027322769747203268,-0.006685803113920544,niedrigwasser spaziergänger,3.105312139215007
-4.151853074983988,-0.4149514885775645,-1.090702393989274,-0.5577411677731179,-0.13114351257937817,findet,4.479276550295274
-5.10227042953867,0.3217628608521701,-0.4273852967724495,-0.14600631012137347,-0.03436234878212935,spaziergänger find+et,3.3507061048618936
-5.163156007875521,0.3674272966768255,-0.3767769387084381,-0.11309752335054635,-0.026674642138556387,qualmende,3.279706772860527
-5.163156007875521,0.3674272966768255,-0.3767769387084381,-0.11309752335054635,-0.026674642138556387,find+et qualmend+e,3.279706772860527
-4.9350389703562225,0.1943621174343888,-0.5605955794255566,-0.23166875030477052,-0.054416150913096636,Phosphorgranate,3.5470274848537624
-5.229805461991679,0.41682900234515463,-0.3200171015536799,-0.07595465274218466,-0.018009894906028598,qualmend+e phosphor+granate,3.202346742044803
-5.034984396927199,0.270806360531995,-0.4819801380105516,-0.18128388461054787,-0.04261383396311268,Rheinufer,3.4294867993925062
-5.290788982956488,0.4613920163587577,-0.2667962776079238,-0.040905648119437144,-0.009846138771130233,phosphor+granate rheinufer,3.1319411262964083
-5.536599041940054,0.6323230339550925,-0.039092366570747425,0.11142446554327878,0.025473954066774954,rheinufer hier,2.8529568958086102
-5.482952912422276,0.5964803973181834,-0.09064982203748492,0.0766006753609651,0.017424636474945368,sie spaziergänger,2.913062822105352
-5.656931855475639,0.7087527701794272,0.08047489299112179,0.19292316349260952,0.04424626816919909,Mitten,2.72016337896617
-5.675002671898767,0.719680990115942,0.09890403653803119,0.20557601636228817,0.047151922429280776,mitten nacht,2.700496849892363
-5.672625437040817,0.7182524392709619,0.09647257463249527,0.20390526125540254,0.04676838470156207,nacht spaziergänger,2.7030795116442023
-5.649552418582658,0.7042452333509055,0.07298480362881282,0.18778766185049178,0.04306623095460553,spaziergänger rheinufer,2.7282167106573803
-5.623504664899269,0.6881345615340406,0.04671168741488639,0.16980556778877998,0.038931172605756945,rauchende,2.7567429368894953
-5.623504664899269,0.6881345615340406,0.04671168741488639,0.16980556778877998,0.038931172605756945,rheinufer rauch+end+e,2.7567429368894953
-5.601773996297336,0.6744652285892774,0.024989669498563266,0.15497579339566858,0.03551740969152185,rauch+end+e phosphor+granate,2.7806560048743294
-5.523867617328751,0.6239054051773911,-0.051424660139038264,0.1030772411495261,0.0235460031271819,Zweiten,2.867175349563107
-5.523867617328751,0.6239054051773911,-0.051424660139038264,0.1030772411495261,0.0235460031271819,phosphor+granate zweit+en,2.867175349563107
-5.482952912422276,0.5964803973181834,-0.09064982203748492,0.0766006753609651,0.017424636474945368,Weltkrieg,2.913062822105352
-5.482952912422276,0.5964803973181834,-0.09064982203748492,0.0766006753609651,0.017424636474945368,zweit+en welt+krieg,2.913062822105352
-5.239879495620345,0.42423555408351654,-0.31131122809800116,-0.07023595870681998,-0.01667702116509101,entdeckt,3.1906899730703095
-5.409201156998703,0.5457447324772287,-0.1598083129189962,0.03019269180398465,0.006673686540081228,welt+krieg entdeck+t,2.9964637517634785
-4.659093009510106,-0.01954169419213514,-0.7635020188666998,-0.35937844295925736,-0.08440825713781228,aktuell+e niedrigwasser,3.8738941137902834
-5.342589030167968,0.4986812524289823,-0.22059643610057564,-0.010308050122224688,-0.0027297983402491816,niedrigwasser fluss,3.0724599641435453
-5.482952912422276,0.5964803973181834,-0.09064982203748492,0.0766006753609651,0.017424636474945368,Kampfmittel,2.913062822105352
-5.482952912422276,0.5964803973181834,-0.09064982203748492,0.0766006753609651,0.017424636474945368,fluss kampf+mittel,2.913062822105352
-5.551891165437169,0.6423567180571599,-0.024199740154741148,0.12151934004027792,0.027804298435019317,südhessischen,2.835918328932521
-5.551891165437169,0.6423567180571599,-0.024199740154741148,0.12151934004027792,0.027804298435019317,kampf+mittel südhessisch+en,2.835918328932521
-5.5943451923195795,0.6697465039167276,0.017604761200125864,0.1499417892856998,0.034357874307133315,Tr…,2.7888539426277332
-5.5943451923195795,0.6697465039167276,0.017604761200125864,0.1499417892856998,0.034357874307133315,südhessisch+en tr…,2.7888539426277332
-5.606471928347974,0.6774374470705431,0.02967060024593289,0.1581686320374482,0.03625266060788056,+674,2.7754776735282563
-5.606471928347974,0.6774374470705431,0.02967060024593289,0.1581686320374482,0.03625266060788056,tr… +674,2.7754776735282563
-5.617422343895622,0.6843290355622271,0.04061378131421932,0.16563906261522066,0.0379723820916862,+674 chars,2.763425811520408
-4.947300726452987,0.20378146173653633,-0.5511055462093121,-0.225612797137127,-0.052996575008476154,Ausnahmeregelung,3.5325772342654456
-5.09706392652352,0.3178371316019768,-0.43165915770053886,-0.1487763598216176,-0.03500988764518628,ausnahme+regelung wegen,3.3567907142054554
-4.294952844613531,-0.30365417408186746,-1.0036845436682096,-0.5059490124087277,-0.11892925841975414,Sachsen,4.308185799082916
-4.7553336985932315,0.0553753351266848,-0.694968502840158,-0.31662778683829673,-0.07435752457309108,niedrigwasser sachsen,3.7595828237949815
-4.930664480272355,0.19099923949033926,-0.5639709569355917,-0.2338209574208645,-0.05492071355537384,sachsen locker+t,3.5521846039057343
-5.043732905623736,0.27745753571668685,-0.4749592214186522,-0.1767602816072791,-0.041555178834051104,locker+t sonntag+s+fahr+verbot,3.4192264879392775
-5.558915115244904,0.6469364178644441,-0.017329976689497636,0.12618136766156057,0.028880030012368815,sonntag+s+fahr+verbot hier,2.828107066730933
-5.418245436811011,0.5520489854581827,-0.15143317023301647,0.035794085101232276,0.007972713380044835,thema ausnahme+regelung,2.9861921029166947
-5.09706392652352,0.3178371316019768,-0.43165915770053886,-0.1487763598216176,-0.03500988764518628,sie wegen,3.3567907142054554
-5.261729827956528,0.44024049479536487,-0.29231222207530183,-0.057736029843258874,-0.013764769615077638,andauernden,3.1654417220027455
-5.261729827956528,0.44024049479536487,-0.29231222207530183,-0.057736029843258874,-0.013764769615077638,wegen an+dauer+nd+en,3.1654417220027455
-4.659093009510106,-0.01954169419213514,-0.7635020188666998,-0.35937844295925736,-0.08440825713781228,an+dauer+nd+en niedrigwasser+s,3.8738941137902834
-5.313945464478613,0.4781303768057623,-0.24625754650091472,-0.027322769747203268,-0.006685803113920544,niedrigwasser+s zieh+t,3.105312139215007
-5.389578008895988,0.5319932280925777,-0.17787904675217062,0.01812435774468807,0.003873638059613424,zieh+t sachsen,3.01878958882879
-5.482952912422276,0.5964803973181834,-0.09064982203748492,0.0766006753609651,0.017424636474945368,Lockerungen,2.913062822105352
-5.482952912422276,0.5964803973181834,-0.09064982203748492,0.0766006753609651,0.017424636474945368,sachsen lockerung+en,2.913062822105352
-5.54059041630072,0.6349501228397347,-0.035213686736734376,0.11405206032387943,0.026080652885056912,lockerung+en bei,2.848505461413127
-5.558915115244904,0.6469364178644441,-0.017329976689497636,0.12618136766156057,0.028880030012368815,bei sonntag+s+fahr+verbot,2.828107066730933
-5.66110514176129,0.7112905162587813,0.08471991274632355,0.19583550111330883,0.044915287521388195,lkw transport+e,2.7156146491389865
-5.679578734452111,0.7224230157499469,0.10359053047917169,0.2087974879512493,0.04789131942523302,Binnenschiff,2.6955292379651428
-5.679578734452111,0.7224230157499469,0.10359053047917169,0.2087974879512493,0.04789131942523302,per binnenschiff,2.6955292379651428
-5.693007306120467,0.730408872290697,0.11738911547542936,0.2182916859898456,0.05006949760361325,ersetzen,2.680981592621766
-5.693007306120467,0.730408872290697,0.11738911547542936,0.2182916859898456,0.05006949760361325,binnenschiff ersetz+en,2.680981592621766
-5.702075678813145,0.7357495057996732,0.12674612836314153,0.2247375800557242,0.05154751661594888,ersetz+en dürf+en,2.67118321834184
-5.711021677604126,0.7409758235286725,0.13600748759893144,0.23112374191218021,0.05301118555291738,einschließlich,2.661537802434116
-5.711021677604126,0.7409758235286725,0.13600748759893144,0.23112374191218021,0.05301118555291738,dürf+en einschließlich,2.661537802434116
-5.721797484254362,0.74721422271508,0.14720351021884798,0.23885213158303453,0.05478160625409993,einschließlich 31.,2.6499473789917314
-5.7288376681628534,0.7512557195004119,0.1545420347035637,0.2439226256163648,0.055942628426155674,2026…,2.6423917095236247
-5.7288376681628534,0.7512557195004119,0.1545420347035637,0.2439226256163648,0.055942628426155674,august 2026…,2.6423917095236247
-5.732994434634434,0.7536290424429404,0.15888377724175975,0.2469243283473348,0.056629748385028975,+1531,2.637936879570386
-5.732994434634434,0.7536290424429404,0.15888377724175975,0.2469243283473348,0.056629748385028975,2026… +1531,2.637936879570386
-5.736378071783174,0.7555537882930339,0.16242282165415375,0.24937207435130448,0.05718995234540923,+1531 chars,2.6343141011236715
-4.583746973289383,-0.032703523241900845,-0.5068793206448375,-0.3392255724716914,-0.07814885680861368,niedrigwasser zukunft,3.9469537491739617
-5.318757192542426,0.4849514941478543,-0.050185678090594155,0.011077319551302367,0.0028418047355221604,zukunft was,3.1004493857049558
-4.893667931915845,0.18530241185682983,-0.28119035671262005,-0.19594290996896468,-0.04487822259475972,was tu+n,3.5893228443177985
-5.0020656223807665,0.25853881695136005,-0.19644770884913357,-0.14101782220726417,-0.0321780469227452,tu+n rhein,3.4660001669238794
-5.057213398098196,0.29495297923112784,-0.15209175658757174,-0.11203038999981321,-0.025489235032388674,Rinne,3.403723309065365
-5.057213398098196,0.29495297923112784,-0.15209175658757174,-0.11203038999981321,-0.025489235032388674,rhein rinne,3.403723309065365
-5.421891644067612,0.5498558511430975,0.04367945119728324,0.07415391083765466,0.017350994171786913,sie was,2.986222961608043
-5.544181149915735,0.6215492352477223,0.15961042030131883,0.15298861189198537,0.03540210050659991,verhindern,2.8534294447656032
-5.544181149915735,0.6215492352477223,0.15961042030131883,0.15298861189198537,0.03540210050659991,könn verhinder+n,2.8534294447656032
-5.570553329502257,0.6361173297381879,0.18527858128779617,0.17058154465943953,0.03941684093000293,verhinder+n rhein,2.825231802682747
-5.580870094989008,0.6417203181671756,0.19538453305974005,0.1775218741686918,0.04099920499313835,rhein groß+er,2.8142476584211993
-5.577899284466838,0.6401125496943458,0.1924707045840532,0.17551998802019597,0.04054286795382013,trockenheit immer,2.8174078964914133
-4.361434132604639,-0.20594831703001226,-0.7744314666732828,-0.4517171848499639,-0.10490952496512666,weniger,4.210620430821422
-5.571640381704099,0.6367102963132798,0.18634170848735648,0.17131128957086073,0.03958325795498395,immer wenig+er,2.8240731706964306
4.156845663326235,-4.573606549422474,1.3743201023286695,-0.749565951440139,-0.06783079424339716,Wasser,13.718079835242875
-5.56255772487795,0.6317373387666254,0.17747134632574968,0.16522518071254333,0.038195056703736366,wenig+er wasser,2.833762915691796
-5.5538095072548295,0.6269081263013063,0.16895422929050768,0.15938705972159567,0.03686283571318087,wasser führ+t,2.84311503918176
-5.544181149915735,0.6215492352477223,0.15961042030131883,0.15298861189198537,0.03540210050659991,Reicht,2.8534294447656032
-4.763319938287774,0.0948041624124305,-0.49941113033426787,-0.28116922419406853,-0.06499291436478773,Fahrrinne,3.737649796682006
-5.519780631648359,0.6077688589769321,0.13607266821906072,0.13689983860612004,0.031726140750984885,reich+t fahr+rinne,2.8796663333984047
-5.490521263267425,0.5908829834285456,0.10811539100850869,0.11784490929474628,0.027367086440705637,fahr+rinne schiff+e,2.9113055643839596
-5.460841877887983,0.5733748077053531,0.0800540521029689,0.09877889235897874,0.02299979977610113,vertiefen,2.9435871393705564
-5.460841877887983,0.5733748077053531,0.0800540521029689,0.09877889235897874,0.02299979977610113,schiff+e vertief+en,2.9435871393705564
-4.319835526934392,-0.23733665751533906,-0.8009029768356937,-0.4677725774001499,-0.10867535398478859,Fachleute,4.2598448959296675
-5.373289911498664,0.5197157944886732,-0.0009940318463702025,0.04404925429594014,0.010433122236311945,fach+leute seh+en,3.0398237875752603
-5.162175716134355,0.380528069754857,-0.18609231861591008,-0.07904123486980247,-0.017978337411004283,seh+en lösung,3.2769414610531884
-4.5337483193038945,-0.07626034118674263,-0.6609620012838102,-0.38216653991372296,-0.0886104688352927,lösung niedrigwasser,4.007160179589717
-5.179747992571686,0.39254019919501704,-0.17122555984921486,-0.0692536487359614,-0.01571233756436345,niedrigwasser und…,3.2569772925738687
-5.261829792994504,0.44771169290135293,-0.1005007753188289,-0.02245413177405825,-0.004893174396657388,+5393,3.164230208913185
-5.261829792994504,0.44771169290135293,-0.1005007753188289,-0.02245413177405825,-0.004893174396657388,und… +5393,3.164230208913185
-5.318757192542426,0.4849514941478543,-0.050185678090594155,0.011077319551302367,0.0028418047355221604,+5393 chars,3.1004493857049558
-5.355480432144715,0.5078717638891739,-0.2089542088793571,-0.002572462967819822,-0.000932296530750179,dürre lockerung,3.057707174867378
-5.006143192890347,0.24883003157392336,-0.5049648442027809,-0.19606576888907631,-0.046074368063619586,Lkw-Fahrverboten,3.463346008971839
-5.006143192890347,0.24883003157392336,-0.5049648442027809,-0.19606576888907631,-0.046074368063619586,lockerung lkw+-+fahr+verbot+en,3.463346008971839
-4.4951728151803305,-0.14745686786126688,-0.8751779301242147,-0.4281713093551647,-0.10060039390949811,Österreich,4.069124133805307
-5.328782619495545,0.48879751154647866,-0.23300076780251058,-0.01853892608001001,-0.004643120341724968,lkw+-+fahr+verbot+en österreich,3.088282659539437
-5.442801692912675,0.569053339408631,-0.12854515583552983,0.051128116202292406,0.011526911776878881,österreich derzeit,2.9583638144697644
-5.519348305726781,0.6209037235543922,-0.05578779223967989,0.1001266537386235,0.022864285467294312,derzeit thema,2.8722295760058993
-5.544465909690511,0.6374954217194975,-0.03144192642578074,0.11660826633406624,0.026670778445797114,thema der,2.844186105196812
-5.558915115244904,0.6469364178644441,-0.017329976689497636,0.12618136766156057,0.028880030012368815,Umverteilung,2.828107066730933
-5.558915115244904,0.6469364178644441,-0.017329976689497636,0.12618136766156057,0.028880030012368815,der umverteilung,2.828107066730933
-5.377244855082376,0.5233007642396021,-0.1891663968314494,0.010598447397225541,0.002126642770456419,Gütern,3.032848414463453
-5.606471928347974,0.6774374470705431,0.02967060024593289,0.1581686320374482,0.03625266060788056,umverteilung gut+ern,2.7754776735282563
-5.636479244924572,0.6961977818781124,0.059766354652508416,0.1787343786095581,0.04098499421095032,gut+ern donau,2.742514637095547
-5.019001148655121,0.2586366152213231,-0.4947482330310391,-0.18950044278516767,-0.04453716917226372,Schienen,3.4482445948841542
-5.652571012917175,0.7060921548733605,0.0760461613320348,0.18988616418096993,0.04354847389743967,donau schiene+n,2.724920918772043
-4.665965477678248,-0.01418519870164725,-0.7586833088901892,-0.3563856633225967,-0.08370433477783863,Straßen,3.8657224357573
-5.6701851981554245,0.7167831416446466,0.09397890550533397,0.2021922005243334,0.04637509041809003,schiene+n straße+n,2.705732049302486
-5.679578734452111,0.7224230157499469,0.10359053047917169,0.2087974879512493,0.04789131942523302,funktioniere,2.6955292379651428
-5.679578734452111,0.7224230157499469,0.10359053047917169,0.2087974879512493,0.04789131942523302,straße+n funktionier+e,2.6955292379651428
-5.328782619495545,0.48879751154647866,-0.23300076780251058,-0.01853892608001001,-0.004643120341724968,funktionier+e österreich,3.088282659539437
-5.709466919895429,0.7400705719363734,0.13439573971971647,0.23001192210930688,0.05275641034283639,gut,2.6632126200429194
-5.709466919895429,0.7400705719363734,0.13439573971971647,0.23001192210930688,0.05275641034283639,österreich gut,2.6632126200429194
-5.4510804910301545,0.5747477808343822,-0.12077959717705097,0.05633944045253386,0.01273416312047633,heißt,2.949002385389964
-5.711787866132976,0.7414214585653942,0.13680209870419002,0.2316719507696191,0.053136801128791614,gut heiß+t,2.6607126807919714
-5.697663588770583,0.7331564275954601,0.12218970098799325,0.2215979495061775,0.05082769369941657,heiß+t verkehr+s+ministerium,2.6759478603755724
-5.095111662488702,0.31636432444049145,-0.43325955340644695,-0.14981327040142522,-0.03525229741185905,Presse,3.359072750556533
-5.095111662488702,0.31636432444049145,-0.43325955340644695,-0.14981327040142522,-0.03525229741185905,der presse,3.359072750556533
-5.121421280386652,0.3361756168559433,-0.4115925458568819,-0.1357581218712745,-0.03196726911918872,Google,3.3283427709220805
-5.121421280386652,0.3361756168559433,-0.4115925458568819,-0.1357581218712745,-0.03196726911918872,presse googel+e,3.3283427709220805
-5.13725715006897,0.3480600787163941,-0.3984468839996711,-0.1272129350868831,-0.0299709038062424,bevorzugte,3.3098717951727856
-5.13725715006897,0.3480600787163941,-0.3984468839996711,-0.1272129350868831,-0.0299709038062424,googel+e bevorzugt+e,3.3098717951727856
-5.144417078941073,0.353423080218062,-0.39247735651959614,-0.12332810343621001,-0.029063528482538917,Nachrichtenquelle,3.3015269726112715
-5.144417078941073,0.353423080218062,-0.39247735651959614,-0.12332810343621001,-0.029063528482538917,bevorzugt+e nachricht+en+quelle,3.3015269726112715
-5.137633722671616,0.3483423062047224,-0.39813332339153584,-0.12700894547639824,-0.02992325481680222,hinzufügen,3.3094328012817122
-5.137633722671616,0.3483423062047224,-0.39813332339153584,-0.12700894547639824,-0.02992325481680222,nachricht+en+quelle hin+zu+füg+en,3.3094328012817122
-5.523867617328751,0.6239054051773911,-0.051424660139038264,0.1030772411495261,0.0235460031271819,Während,2.867175349563107
-5.435010588070519,0.5636764486971488,-0.13583055693574905,0.04624302980696937,0.01039493282260838,während deutsch+e,2.967183319905522
-5.342589030167968,0.4986812524289823,-0.22059643610057564,-0.010308050122224688,-0.0027297983402491816,deutsch+e bund+es+land+er,3.0724599641435453
-5.006143192890347,0.24883003157392336,-0.5049648442027809,-0.19606576888907631,-0.046074368063619586,bund+es+land+er lkw+-+fahr+verbot+e,3.463346008971839
-5.313945464478613,0.4781303768057623,-0.24625754650091472,-0.027322769747203268,-0.006685803113920544,erster,3.105312139215007
-5.313945464478613,0.4781303768057623,-0.24625754650091472,-0.027322769747203268,-0.006685803113920544,lkw+-+fahr+verbot+e erst+er,3.105312139215007
-5.399661276564908,0.5390717220268793,-0.16861064237411102,0.024311151579544277,0.005309288611723792,Linie,3.007310855692524
-5.399661276564908,0.5390717220268793,-0.16861064237411102,0.024311151579544277,0.005309288611723792,erst+er linie,3.007310855692524
-5.450238950061034,0.5741698461917373,-0.12157010396525228,0.055808744172934854,0.0126112378000416,linie wegen,2.9499534937149052
-5.488737569919927,0.6003911091581562,-0.08514153977924271,0.08031195927940438,0.018283233071463886,dürrebedingt,2.9065577217758265
-5.488737569919927,0.6003911091581562,-0.08514153977924271,0.08031195927940438,0.018283233071463886,wegen dürre+beding+t,2.9065577217758265
-5.548231092615245,0.6399630173103805,-0.027772150326296333,0.11909634242977785,0.027245090022540983,mangelnder,2.8399923947714383
-5.548231092615245,0.6399630173103805,-0.027772150326296333,0.11909634242977785,0.027245090022540983,dürre+beding+t mangel+nd+er,2.8399923947714383
-5.5836442956998695,0.6629096352794983,0.00700368558071799,0.14272230893564108,0.032694302156964686,Transportkapazitäten,2.800682855677853
-5.5836442956998695,0.6629096352794983,0.00700368558071799,0.14272230893564108,0.032694302156964686,mangel+nd+er transport+kapazität+en,2.800682855677853
-5.6448456177880955,0.7013569228824041,0.06821822602340351,0.184521600652516,0.04231554649258103,Wa…,2.7333599505794233
-5.6448456177880955,0.7013569228824041,0.06821822602340351,0.184521600652516,0.04231554649258103,transport+kapazität+en wa…,2.7333599505794233
-5.652571012917175,0.7060921548733605,0.0760461613320348,0.18988616418096993,0.04354847389743967,wa… +2421,2.724920918772043
2.684300173341578,-5.071364185314755,-3.279280328346287,-1.5212305016250975,-0.3532736177791423,Fahrverbote,12.519797088715302
-3.5381923491196163,-0.8860422306684468,-1.425517204676508,-0.7499354324972244,-0.1764857210869282,neu+e fahr+verbot+e,5.213283199658311
-2.325501399816586,-1.77924195698235,-1.9540846881500524,-1.0271128876243119,-0.24166142931535253,fahr+verbot+e million+en,6.657813932047217
-2.781469452163843,-1.4493756598326408,-1.7719305747173195,-0.9355948152069196,-0.22020057982957414,million+en diesel,6.115971474709706
-2.146605351849738,-1.9068110080011147,-2.021085827049106,-1.0596172655910783,-0.24926143822708452,geben,6.8699475071440235
-2.146605351849738,-1.9068110080011147,-2.021085827049106,-1.0596172655910783,-0.24926143822708452,diesel geb+en,6.8699475071440235
-0.55658957065347,-3.000841450198838,-2.531847371764622,-1.2842907100702075,-0.30124762018361095,Diesel-Fahrverbote,8.744726331514515
-1.1818139291493743,-2.578522896511758,-2.346889519372929,-1.2079528048054509,-0.2837227704544343,geb+en diesel+-+fahr+verbot+e,8.009704514893933
-2.325501399816586,-1.77924195698235,-1.9540846881500524,-1.0271128876243119,-0.24166142931535253,diesel+-+fahr+verbot+e million+en,6.657813932047217
-2.6362608343071,-1.5551814226086509,-1.8318339844315696,-0.9661850182889563,-0.22738284862576064,million+en euro,6.28870784990747
-2.937124661201654,-1.335150785687516,-1.705576865917496,-0.9011672984752862,-0.21210856267846268,euro euro,5.930625051208971
-3.492277687075455,-0.9207995221942444,-1.4484005470990398,-0.7626348802182774,-0.1794804104595092,6-Autos,5.2681589671088025
-3.492277687075455,-0.9207995221942444,-1.4484005470990398,-0.7626348802182774,-0.1794804104595092,euro 6-auto+s,5.2681589671088025
-3.456382791337121,-0.9479205815447211,-1.4661039816728512,-0.7724192995724929,-0.1817874089718136,drohen,5.311051712680693
-3.6609472837993575,-0.7927599695427134,-1.3629793602515814,-0.7149334513766286,-0.168229991697043,6-auto+s droh+en,5.0665215289897585
-3.841907827682607,-0.6543298513935016,-1.2669621027710805,-0.6603719921379854,-0.15535743547586175,2030,4.850072263837857
-3.841907827682607,-0.6543298513935016,-1.2669621027710805,-0.6603719921379854,-0.15535743547586175,droh+en 2030,4.850072263837857
5.320963876366134,-5.218787121408084,-0.11484357904847986,-1.0933329891787813,-0.16405192752990885,Warum,15.003891589444772
-0.8384553506174255,-2.0150810430572283,-0.14408996355911532,-0.8776734712399719,-0.15482750004426496,erklärt,8.115185877015193
-4.006153474768987,-0.5278056182304671,-1.1755316159138567,-0.6075240523424783,-0.14288803568552952,warum erklär+t,4.653568439288804
-4.088872127752668,-0.46379916010398725,-1.1278201782971466,-0.5796113606543286,-0.13630265769204886,Abgas-Experte,4.554609943033947
-4.088872127752668,-0.46379916010398725,-1.1278201782971466,-0.5796113606543286,-0.13630265769204886,erklär+t abgas+-+experte,4.554609943033947
-4.209888572359365,-0.3698612192898856,-1.0558706635519155,-0.5370964097339134,-0.12627415327922484,Professor,4.409873727628733
-4.209888572359365,-0.3698612192898856,-1.0558706635519155,-0.5370964097339134,-0.12627415327922484,abgas+-+experte professor,4.409873727628733
-4.1642606859945905,-0.4053174980417822,-1.0833069754688343,-0.5533676873885279,-0.13011190204351836,Thomas,4.464437273356746
-4.282334092607,-0.3134833638063772,-1.0115131714653167,-0.5106379483936745,-0.12003481526642772,professor thomas,4.323267134288602
-4.327636370404415,-0.27818481976918585,-0.9832634789289347,-0.49369087086462726,-0.11603930491215068,Koch,4.269130501990465
-4.327636370404415,-0.27818481976918585,-0.9832634789289347,-0.49369087086462726,-0.11603930491215068,thomas koch,4.269130501990465
-4.380455974614882,-0.23699492455092885,-0.9498125940984317,-0.47352764059631697,-0.11128658461183409,Feinstaub,4.206035980949243
-4.4574077867577495,-0.17694022130577802,-0.9000553866798269,-0.4433456224429125,-0.1041747280698685,Stickoxide,4.114174898536293
-4.4574077867577495,-0.17694022130577802,-0.9000553866798269,-0.4433456224429125,-0.1041747280698685,feinstaub stickoxid+e,4.114174898536293
-4.527474183695619,-0.12223808503580091,-0.8536531798057811,-0.414997356629546,-0.0974979738682836,Luft,4.030609955610069
-4.527474183695619,-0.12223808503580091,-0.8536531798057811,-0.414997356629546,-0.0974979738682836,stickoxid+e luft,4.030609955610069
-4.5587697596151955,-0.09780687888484896,-0.8325776217444668,-0.4020584984463143,-0.09445161403050076,luft deutschland,3.993313312711366
-4.618549932002919,-0.051156686280321884,-0.7917000962127149,-0.3768514263853694,-0.08851891306921242,deutschland seit,3.922126182559715
-4.634622775441635,-0.03862043748720567,-0.7805678868705382,-0.3699615450978565,-0.08689783592510543,seit jahr+en,3.9030002478370647
-4.656113876994376,-0.021863925678724305,-0.7655873473070821,-0.3606729692354146,-0.08471275268805514,kontinuierlich,3.877436824445787
-4.656113876994376,-0.021863925678724305,-0.7655873473070821,-0.3606729692354146,-0.08471275268805514,jahr+en kontinuierlich,3.877436824445787
-4.698618466121063,0.011252556831024219,-0.7356320014945363,-0.34204155575598894,-0.08033114509858064,kontinuierlich weniger,3.8269141591211406
-4.7295818560582195,0.03535187798802686,-0.71353160611553,-0.32824666207472586,-0.07708814721342604,Schadstoffen,3.790142519966691
-4.7295818560582195,0.03535187798802686,-0.71353160611553,-0.32824666207472586,-0.07708814721342604,weniger schadstoff+en,3.790142519966691
-3.9678517103548314,-0.5573807910436566,-1.1972374978198135,-0.6201473822110077,-0.145866428836752,belastet,4.69939306145819
-4.760506885274557,0.05939536444998206,-0.6912192001998946,-0.3142775302823067,-0.07380527039480822,schadstoff+en belast+et,3.7534464320713714
-4.7974071121867645,0.08804395672417265,-0.6642765268634815,-0.29735384216823413,-0.0698295690539471,Straßenverkehr,3.7097026112592517
-4.840146137682289,0.12115994321100576,-0.6326271189360176,-0.2773965342870376,-0.06514346157631029,sogenannten,3.659100330000838
-4.840146137682289,0.12115994321100576,-0.6326271189360176,-0.2773965342870376,-0.06514346157631029,straße+n+verkehr sogenannt+en,3.659100330000838
-4.861426847844358,0.1376186204082952,-0.616687118073924,-0.2673138637448419,-0.0627769495537702,Immissionen,3.6339317305035594
-4.861426847844358,0.1376186204082952,-0.616687118073924,-0.2673138637448419,-0.0627769495537702,sogenannt+en immission+en,3.6339317305035594
-4.881456650797688,0.15308903868320045,-0.6015723176535456,-0.2577339129567196,-0.060529052638942135,beiträgt,3.6102603407661875
-4.881456650797688,0.15308903868320045,-0.6015723176535456,-0.2577339129567196,-0.060529052638942135,immission+en beitrag+t,3.6102603407661875
-4.910899386098112,0.17578953773351036,-0.5791548962671127,-0.2434911461305429,-0.05718819614839257,Beitra…,3.575497709903391
-4.910899386098112,0.17578953773351036,-0.5791548962671127,-0.2434911461305429,-0.05718819614839257,beitrag+t beitra…,3.575497709903391
-5.6283233451478125,0.6911379411454786,0.05155266327852209,0.17311515314982873,0.039692587516422476,+1676,2.7514542525048773
-5.6283233451478125,0.6911379411454786,0.05155266327852209,0.17311515314982873,0.039692587516422476,beitra… +1676,2.7514542525048773
-5.631113034296254,0.692871988855813,0.05435928191835232,0.17503469836579233,0.04013413055100161,+1676 char+s,2.748394819990013
-4.659093009510106,-0.01954169419213514,-0.7635020188666998,-0.35937844295925736,-0.08440825713781228,was niedrigwasser,3.8738941137902834
-3.4832877528755377,-0.8440658226454185,-1.7143760943355344,1.3878182367009602,-1.599511834579805,helfen,5.401275245732885
-5.261729827956528,0.44024049479536487,-0.29231222207530183,-0.057736029843258874,-0.013764769615077638,niedrigwasser helf+en,3.1654417220027455
-4.8080837291500105,0.09632374016186218,-0.6564152248326838,-0.2924044572507872,-0.06866718926715373,niedrigwasser deutschland,3.697055078266808
-5.019218723515671,0.2588024324338847,-0.49457493378701267,-0.18938900710755885,-0.044511080666529854,deutschland belast+et,3.4479891442125434
-5.149627810042695,0.35732190491419447,-0.38812275237515437,-0.12049249319738234,-0.028401304868969093,belast+et wirtschaft,3.2954565274227288
-4.029239150136874,-0.5099603078832184,-1.162331990495521,-0.5998245134633546,-0.14107143012248657,Auf,4.625949201515707
-5.271371355516472,0.44727575387184104,-0.2838779408088996,-0.05217817414367437,-0.012470404457702033,Suche,3.1543165412597975
-5.271371355516472,0.44727575387184104,-0.2838779408088996,-0.05217817414367437,-0.012470404457702033,auf suche,3.1543165412597975
-5.3177584869221874,0.4808761442985914,-0.24285792265762782,-0.02507145416142209,-0.006162179705557838,suche lösung+en,3.10093322857474
-5.389578008895988,0.5319932280925777,-0.17787904675217062,0.01812435774468807,0.003873638059613424,lösung+en ausbau,3.01878958882879
-5.416028439829603,0.55050565963113,-0.15348885962618852,0.03441873864994649,0.007653789660057045,ausbau fluss+e,2.988708873346376
-4.4827862834247405,-0.1571274373084499,-0.8833714066283952,-0.4331751566896619,-0.1017789619924199,diskutiert,4.083897804830945
-5.430973271800665,0.5608834516099015,-0.13959718236699678,0.043718916056548984,0.009809927351301526,fluss+e diskutier+t,2.9717571396715465
-5.450238950061034,0.5741698461917373,-0.12157010396525228,0.055808744172934854,0.0126112378000416,der zieh+t,2.9499534937149052
-5.438952134555194,0.5663987839315805,-0.13214759463867157,0.04871208392373494,0.010967102019297195,zieh+t kritik,2.962720354844614
-4.707780196527145,0.01838573156511214,-0.7291174610695645,-0.3379795418711114,-0.07937611141356744,Welche,3.8160308350939736
-5.654046338888193,0.7069932765972538,0.0775436465882786,0.19091290631979696,0.043784398370774094,Argumente,2.72331088656442
-5.654046338888193,0.7069932765972538,0.0775436465882786,0.19091290631979696,0.043784398370774094,welche argument+e,2.72331088656442
-5.631113034296254,0.692871988855813,0.05435928191835232,0.17503469836579233,0.04013413055100161,mögliche,2.748394819990013
-5.631113034296254,0.692871988855813,0.05435928191835232,0.17503469836579233,0.04013413055100161,argument+e möglich+e,2.748394819990013
-5.613170848805595,0.6816594748732647,0.03635970815902906,0.16273397098721382,0.037303715685404734,Alternativen,2.768101875195991
-5.613170848805595,0.6816594748732647,0.03635970815902906,0.16273397098721382,0.037303715685404734,möglich+e alternative+n,2.768101875195991
-0.7631977642201946,-1.9857584402712627,0.31723234167826775,-0.7913686938820413,-0.12593383530499158,gibt,8.17990115170599
-5.5808119613475276,0.661092315577076,0.0042049931203392635,0.1408177103383052,0.0322553053906464,alternative+n geb+t,2.8038176732776483
-4.925585117423839,0.18709292148243328,-0.5678834653796009,-0.23631449859712264,-0.05550533991597027,Überblick,3.558173912639639
-4.925585117423839,0.18709292148243328,-0.5678834653796009,-0.23631449859712264,-0.05550533991597027,ein überblick,3.558173912639639
-5.435010588070519,0.5636764486971488,-0.13583055693574905,0.04624302980696937,0.01039493282260838,13.08.2026,2.967183319905522
-5.435010588070519,0.5636764486971488,-0.13583055693574905,0.04624302980696937,0.01039493282260838,stand 13.08.2026,2.967183319905522
-5.313945464478613,0.4781303768057623,-0.24625754650091472,-0.027322769747203268,-0.006685803113920544,17:29,3.105312139215007
-5.313945464478613,0.4781303768057623,-0.24625754650091472,-0.027322769747203268,-0.006685803113920544,13.08.2026 17:29,3.105312139215007
-5.193153727619325,0.3897444982884888,-0.3514091062729615,-0.09652755190184437,-0.02280754193780464,17:29 uhr,3.2448386757902
-5.721123802672127,0.7468260586126949,0.1465022659411952,0.23836781387179629,0.054670687115671066,Argum…,2.650671085545076
-5.721123802672127,0.7468260586126949,0.1465022659411952,0.23836781387179629,0.054670687115671066,welche argum…,2.650671085545076
-5.726353179046086,0.7498325962324321,0.15195011412881626,0.24213131975174995,0.05553251009655878,+7399,2.6450565893534557
-5.726353179046086,0.7498325962324321,0.15195011412881626,0.24213131975174995,0.05553251009655878,argum… +7399,2.6450565893534557
-5.730049452920379,0.7519485892743227,0.15580706736786254,0.2447970783439638,0.05614281472447692,+7399 char+s,2.641092547608012
-5.361931664983773,0.5124567181041431,-0.20310624919547202,0.0013169626522822053,-2.8773358592484866e-05,rhein der,3.0503323421253534
-5.391970435157027,0.5336750481459838,-0.17568323605422478,0.019589520659468618,0.004213670838940073,Aufheben,3.016064798299201
-5.391970435157027,0.5336750481459838,-0.17568323605422478,0.019589520659468618,0.004213670838940073,der aufheben,3.016064798299201
-5.461663801026612,0.5819981715560489,-0.11081609198711559,0.06303222305056122,0.014284113118151628,aufheben sonntag+s+fahr+verbot+s,2.937050582690127
-5.564273284549326,0.6504174848458562,-0.012076996064382506,0.1297484963523648,0.02970291819294664,null,2.8221547106305898
-5.564273284549326,0.6504174848458562,-0.012076996064382506,0.1297484963523648,0.02970291819294664,last+wagen null,2.8221547106305898
-5.572731257926858,0.6558899942402128,-0.003763137606051292,0.13539823610541368,0.031005874188862845,Effekt,2.812770250051065
-5.572731257926858,0.6558899942402128,-0.003763137606051292,0.13539823610541368,0.031005874188862845,null effekt,2.812770250051065
-5.278873590338549,0.45273817857392085,-0.27729338489323574,-0.04783549244063173,-0.011459262656623628,effekt rhein,3.1456666826111412
-5.583474994130199,0.6628010958600548,0.00683631005809613,0.14260838874765325,0.032668045787858854,stocken,2.800870192309633
-5.583474994130199,0.6628010958600548,0.00683631005809613,0.14260838874765325,0.032668045787858854,rhein stock+en,2.800870192309633
-5.564273284549326,0.6504174848458562,-0.012076996064382506,0.1297484963523648,0.02970291819294664,Logistikketten,2.8221547106305898
-5.564273284549326,0.6504174848458562,-0.012076996064382506,0.1297484963523648,0.02970291819294664,stock+en logistik+kette+n,2.8221547106305898
-5.5314018636732865,0.6288937406451944,-0.04413390253360709,0.10801072583085203,0.024685598846218584,logistik+kette+n mehr,2.8587575290517586
-5.53609979884062,0.6319940332689362,-0.039577095681889954,0.11109616441758013,0.02539814436990613,mehr last+wagen,2.8535138911269544
-5.488367669925522,0.6001413572818195,-0.08549413529982933,0.0800743268621324,0.0182282626928678,last+wagen helf+en,2.9069735233698104
-5.428320427302868,0.5590457595062628,-0.14206895649339094,0.0420630811051278,0.009426117860811031,helf+en sag+t,2.9747638317277287
-5.115952175412838,0.3320640441962661,-0.4161142965349064,-0.1386943414866548,-0.03265339182059146,Rudolf,3.3347264651869915
-5.398667299471346,0.5383750953424236,-0.1695259024707056,0.023699920524937856,0.005167471958669886,sag+t rudolf,3.0084417686884857
-5.070041681722696,0.29741418997343505,-0.45370698485103333,-0.16304375428491955,-0.03834613582153072,Juchelka,3.3884017371140787
-5.070041681722696,0.29741418997343505,-0.45370698485103333,-0.16304375428491955,-0.03834613582153072,rudolf juchelka,3.3884017371140787
-5.1785984956084725,0.3789319871825354,-0.36375408934751696,-0.10459730730456862,-0.02469053920226942,Interview,3.2617472713424367
-5.1785984956084725,0.3789319871825354,-0.36375408934751696,-0.10459730730456862,-0.02469053920226942,juchelka interview,3.2617472713424367
-4.6010698311026115,-0.0647940969065981,-0.8037382824851396,-0.38428992039535187,-0.09026932367897493,Niedrigwasserschiffe,3.942933601277691
-5.325219864606216,0.48624031439368176,-0.2361909773431223,-0.020653932839622136,-0.005134888239617136,wären,3.0923694621310807
-5.325219864606216,0.48624031439368176,-0.2361909773431223,-0.020653932839622136,-0.005134888239617136,niedrigwasser+schiff+e sei,3.0923694621310807
-5.4112426260039115,0.5471696215628228,-0.1579204448170642,0.03145486991112778,0.006966432716667484,Option,2.994144217773952
-5.4112426260039115,0.5471696215628228,-0.1579204448170642,0.03145486991112778,0.006966432716667484,sei option,2.994144217773952
-5.452926989310655,0.5760151529679027,-0.11904417495564926,0.05750465345053979,0.013004049449218694,option bring+en,2.946915860944448
-5.501435977751893,0.6089381194447243,-0.07300660782447288,0.08849582910155807,0.02017592281033488,bring+en neu+e,2.892297567578217
-5.516013250880235,0.6186841013691158,-0.05900273057312076,0.09795342041683391,0.022362097346589407,Herausforderungen,2.875961713642198
-5.516013250880235,0.6186841013691158,-0.05900273057312076,0.09795342041683391,0.022362097346589407,neu+e herausforderung+en,2.875961713642198
-5.212677111939734,0.4041979004434353,-0.334742259676968,-0.08561419245446578,-0.020262008513661875,Universität,3.222188706061431
-5.2486347673422795,0.43065859699453446,-0.3037176161090549,-0.0652431998720977,-0.015513611204792735,Duisburg-Essen,3.1805673505768928
-5.2486347673422795,0.43065859699453446,-0.3037176161090549,-0.0652431998720977,-0.015513611204792735,universität duisburg+-+essen,3.1805673505768928
-5.603066423753828,0.675283826189695,0.026276588305336246,0.15585343705454913,0.035719529272971354,UDE,2.779230950905406
-5.603066423753828,0.675283826189695,0.026276588305336246,0.15585343705454913,0.035719529272971354,duisburg+-+essen ude,2.779230950905406
-5.609855024595,0.6795720474494025,0.03304661991123126,0.16047237511663448,0.03678307771530899,Ausschnitt,2.771751537504385
-5.609855024595,0.6795720474494025,0.03304661991123126,0.16047237511663448,0.03678307771530899,ude ausschnitt,2.771751537504385
-5.624806111986867,0.6889467353993564,0.04801828900806922,0.17069867434333286,0.039136659804738363,ausschnitt rudolf,2.7553140431101584
-5.639771125442886,0.6982315391460041,0.06308870680970051,0.18100867092791528,0.041507941414682684,juchelka der,2.7389106794211364
-5.642744129038666,0.7000640470111512,0.06609276363350931,0.18306575778614276,0.04198087796222659,Wirtschaftsgeograph,2.735657947508598
-5.642744129038666,0.7000640470111512,0.06609276363350931,0.18306575778614276,0.04198087796222659,der wirtschaft+s+geograph,2.735657947508598
-5.656074929388703,0.708230655458747,0.0796040561599416,0.19232587684021252,0.04410904406189105,forscht,2.7210979056846583
-5.656074929388703,0.708230655458747,0.0796040561599416,0.19232587684021252,0.04410904406189105,wirtschaft+s+geograph forsch+t,2.7210979056846583
-5.562493387499853,0.6492623430528917,-0.01382314539730048,0.12856252206447089,0.029429349599892282,forsch+t universität,2.82413136726863
-5.679229474000784,0.7222141019005626,0.10323256097380362,0.2085513661447067,0.04783483488092034,Konzepten,2.695908201631319
-5.679229474000784,0.7222141019005626,0.10323256097380362,0.2085513661447067,0.04783483488092034,duisburg+-+essen konzept+en,2.695908201631319
-5.685055789409677,0.725691186922371,0.10921022440466237,0.21266250800931852,0.048778210940089065,konzept+en verkehr,2.6895903228771574
-5.689655803068016,0.7284243322943922,0.11393884599078313,0.2159164309823467,0.049524694706149106,verkehr logistik,2.684608171816848
-5.699836259071186,0.7344346209646608,0.12443252372366283,0.22314319300780672,0.05118199119893989,mange…,2.673600957620568
-5.699836259071186,0.7344346209646608,0.12443252372366283,0.22314319300780672,0.05118199119893989,gut+ern mange…,2.673600957620568
-5.7022795402123005,0.7358690735045701,0.12695683767356752,0.22488280632619662,0.05158080883444972,+6048,2.670963187956301
-5.7022795402123005,0.7358690735045701,0.12695683767356752,0.22488280632619662,0.05158080883444972,mange… +6048,2.670963187956301
-5.704046444918747,0.7369044747157136,0.12878375600435787,0.2261420984051733,0.051869479584969444,+6048 chars,2.6690565922884124
-5.124208550457738,0.3382696444616118,-0.4092844867855522,-0.13425876230979375,-0.031616934870451266,Busfahrer,3.3250902754194196
-4.817456229104475,0.10358840913184131,-0.6494895523738541,-0.288039881617153,-0.06764227944513002,bus+fahrer der,3.685955961425382
-5.1352583998369425,0.346561787160383,-0.4001104341305989,-0.12829504523549465,-0.030223675170044803,ersetzt,3.312202050643767
-5.1352583998369425,0.346561787160383,-0.4001104341305989,-0.12829504523549465,-0.030223675170044803,deutsch+land+ticket ersetz+t,3.312202050643767
-5.115032339227979,0.33137217625884263,-0.4168738820995148,-0.13918742633581838,-0.03276862114057816,Busverbindung,3.335800348564279
-5.115032339227979,0.33137217625884263,-0.4168738820995148,-0.13918742633581838,-0.03276862114057816,ersetz+t bus+verbindung,3.335800348564279
-4.817456229104475,0.10358840913184131,-0.6494895523738541,-0.288039881617153,-0.06764227944513002,bus+verbindung der,3.685955961425382
-4.962041518482312,0.21509130471355986,-0.5396403124051654,-0.2182867314564514,-0.05127963041245695,deutsch+land+ticket mach+t,3.515215927689479
-4.771918715940646,0.06826032004784821,-0.6829242609695816,-0.30907364184685837,-0.07258259542534716,mach+t nahverkehr,3.7399130269091585
-5.120724437563567,0.3356519435206118,-0.4121692016776979,-0.13613266415000608,-0.032054786251128786,günstiger,3.329156018028456
-5.120724437563567,0.3356519435206118,-0.4121692016776979,-0.13613266415000608,-0.032054786251128786,nahverkehr günstig+er,3.329156018028456
-5.238713255451261,0.42337899066409435,-0.31232080430455633,-0.07089942105492475,-0.016831639652183858,löst,3.192038929012403
-5.238713255451261,0.42337899066409435,-0.31232080430455633,-0.07089942105492475,-0.016831639652183858,günstig+er lös+t,3.192038929012403
-5.3039651005608555,0.47092937320008343,-0.25513219066437554,-0.033195710899806774,-0.008052021521765276,weder,3.1167816619411255
-5.3039651005608555,0.47092937320008343,-0.25513219066437554,-0.033195710899806774,-0.008052021521765276,lös+t weder,3.1167816619411255
-5.350933721783683,0.5046346232919683,-0.21306697707553143,-0.0053063092241180665,-0.0015674778984113846,Kostendruck,3.0629080026586037
-5.350933721783683,0.5046346232919683,-0.21306697707553143,-0.0053063092241180665,-0.0015674778984113846,weder kosten+druck,3.0629080026586037
-5.419027941127132,0.55259339763247,-0.15070717886148124,0.03627987937296984,0.008085356890787057,Personalmangel,2.9853039613396435
-5.419027941127132,0.55259339763247,-0.15070717886148124,0.03627987937296984,0.008085356890787057,kosten+druck personal+mangel,2.9853039613396435
-5.4902919581429686,0.6014401340875686,-0.08365931767708032,0.08131100459014995,0.018514329513358088,vielerorts,2.9048106973754813
-5.4902919581429686,0.6014401340875686,-0.08365931767708032,0.08131100459014995,0.018514329513358088,gleichzeitig vielerorts,2.9048106973754813
-5.5059895926230435,0.6119901876322271,-0.06864055495891092,0.09144293845199342,0.020857289472883414,Verbindungen,2.8871906339153255
-5.5059895926230435,0.6119901876322271,-0.06864055495891092,0.09144293845199342,0.020857289472883414,vielerorts verbindung+en,2.8871906339153255
-5.522207393686582,0.6228035228841575,-0.053028391031102545,0.10199255068357815,0.023295404597781413,gekürzt,2.8690316549929085
-5.522207393686582,0.6228035228841575,-0.053028391031102545,0.10199255068357815,0.023295404597781413,verbindung+en ge+kürz+t,2.8690316549929085
-5.537426077831111,0.6328678530259806,-0.03828916974707104,0.11196849839404477,0.025599576274033545,ein fahrt,2.8520342901663365
-5.546203907478713,0.6386351032810531,-0.029748626546707124,0.11775618789761405,0.02693575859392862,Abend,2.8422499682300493
-5.546203907478713,0.6386351032810531,-0.029748626546707124,0.11775618789761405,0.02693575859392862,fahrt abend,2.8422499682300493
-5.551680136733159,0.6422188394312567,-0.024405850642245236,0.12137951993944873,0.027772031265942063,abend fall+t,2.8361531580106667
-5.563441470063017,0.6498777932088198,-0.012893186866475767,0.12919411701053385,0.02957504198645726,Sonntag,2.823078401494443
-4.835771891303569,0.11777421499895291,-0.6358885581669814,-0.27945694395469634,-0.06562714305690345,fährt,3.6642760565146686
-5.569600041384039,0.6538672499916671,-0.006844133550924794,0.13330394279022867,0.03052293543089417,sonntag fahr+t,2.816242814523261
-5.576798270279323,0.6585115362592662,0.0002441470261255879,0.13812319379898108,0.03163415048695421,Bus,2.808262787724056
-5.576798270279323,0.6585115362592662,0.0002441470261255879,0.13812319379898108,0.03163415048695421,fahr+t bus,2.808262787724056
-5.579535610014033,0.6602723215833446,0.0029447891069896287,0.1399602859258388,0.03205765826807781,seltener,2.8052308650640754
-5.579535610014033,0.6602723215833446,0.0029447891069896287,0.1399602859258388,0.03205765826807781,bus selten+er,2.8052308650640754
-5.270571176672888,0.44669252278927574,-0.2845791187651997,-0.052640426659771644,-0.012578045979919378,Minuten,3.1552394792894547
-5.593911219669282,0.6694701431033607,0.017173996765286144,0.14964827504931444,0.03429025484434993,aus minute+n,2.7893332023399156
-5.5984328873081655,0.6723458085899066,0.02166572465570485,0.15270950434849512,0.03499543647443011,Takt,2.784341602466589
-5.5984328873081655,0.6723458085899066,0.02166572465570485,0.15270950434849512,0.03499543647443011,minute+n takt,2.784341602466589
-5.593911219669282,0.6694701431033607,0.017173996765286144,0.14964827504931444,0.03429025484434993,takt minute+n,2.7893332023399156
-5.614069690372151,0.6822245162129219,0.03725852460460103,0.1633476612777917,0.03744497936990614,Fahrplan,2.76711294605682
-5.614069690372151,0.6822245162129219,0.03725852460460103,0.1633476612777917,0.03744497936990614,was fahr+plan,2.76711294605682
-5.622837912797577,0.687718183587761,0.046042543134716715,0.16934823240065022,0.03882594368796048,kleinen,2.757475126562323
-5.622837912797577,0.687718183587761,0.046042543134716715,0.16934823240065022,0.03882594368796048,fahr+plan klein+en,2.757475126562323
-5.626102905308647,0.6897552629392221,0.04932085666016896,0.17158914552757154,0.039341528927111,Änderung,2.753890630895091
-5.626102905308647,0.6897552629392221,0.04932085666016896,0.17158914552757154,0.039341528927111,klein+en änderung,2.753890630895091
-5.629626964617234,0.6919486917180051,0.052863826721278595,0.1740118336092329,0.03989885307919368,änderung aus+seh+t,2.75002436615687
-5.636595630524439,0.6962697699057414,0.05988374748963692,0.17881472554346112,0.04100347037709402,Pendler,2.742387176029095
-5.636595630524439,0.6962697699057414,0.05988374748963692,0.17881472554346112,0.04100347037709402,aus+seh+t pendler,2.742387176029095
-5.639355559084601,0.6979750696824651,0.06266906698798778,0.1807213658286193,0.041441883204795735,pendler darüber,2.739365506680335
-5.642020925043835,0.6996186489114951,0.06536169701766968,0.18256508601033428,0.041865776383135725,entscheid…,2.736449011621359
-5.642020925043835,0.6996186489114951,0.06536169701766968,0.18256508601033428,0.041865776383135725,darüber entscheid…,2.736449011621359
-5.64585320549236,0.7019760883451367,0.06923790272266891,0.18522014669501163,0.042476116622792645,+6905,2.7322585040929286
-5.64585320549236,0.7019760883451367,0.06923790272266891,0.18522014669501163,0.042476116622792645,entscheid… +6905,2.7322585040929286
-5.647699175459115,0.7031092240069845,0.07110702033864501,0.18650080949074144,0.04277047493839324,+6905 char+s,2.7302411853240427
-5.697663588770583,0.7331564275954601,0.12218970098799325,0.2215979495061775,0.05082769369941657,warum fahr+rinne,2.6759478603755724
-5.094792135853636,0.31612322966516926,-0.4335213778508298,-0.14998288979292032,-0.03529195204700375,fahr+rinne rhein,3.3594462773983214
-5.678456234344544,0.7217513641997282,0.10244020500153708,0.20800661468014092,0.04770981196926384,rhein bisher,2.6967473089975367
-5.662456877255204,0.7121107144254992,0.08609630150355413,0.19678006321271435,0.045132243535999,ausgebaut,2.7141421915701267
-5.662456877255204,0.7121107144254992,0.08609630150355413,0.19678006321271435,0.045132243535999,bisher aus+ge+bau+t,2.7141421915701267
-5.648007965387791,0.7032986183050745,0.07141980865217804,0.18671514702724745,0.042819737662199,aus+ge+bau+t werd+e,2.72990380935815
-5.638208088987814,0.6972664929387555,0.06151068938593423,0.17992835173872412,0.041259544169029674,werd+e über,2.7406215885463894
-5.321500911598351,0.4835681299689061,-0.23951636738767765,-0.022857752379769447,-0.0056473583489773105,über ausbau,3.0966370523590068
-5.3682740871803425,0.5169548715234742,-0.19734266527827984,0.005152749959120462,0.0008621213780644205,ausbau fahr+rinne,3.0430871231809054
-5.12466644371551,0.33861356113895047,-0.408905085726883,-0.13401225660240082,-0.03155933925953347,rhein seit,3.3245560123518887
-5.076947812311221,0.30264119160683767,-0.4480934406522544,-0.15941477114493074,-0.03749738073577144,Jahrzehnten,3.380317938303275
-5.076947812311221,0.30264119160683767,-0.4480934406522544,-0.15941477114493074,-0.03749738073577144,seit jahrzehnt+en,3.380317938303275
-4.9131151962385875,0.17749587246902232,-0.577458096445882,-0.24241143245824048,-0.056934990267804256,jahrzehnt+en diskutier+t,3.5728831890757777
-4.9781362159351525,0.22742174925525638,-0.5270509468574092,-0.21023022818167647,-0.0493919602119353,Forderungen,3.4962734773400315
-4.9781362159351525,0.22742174925525638,-0.5270509468574092,-0.21023022818167647,-0.0493919602119353,niedrigwasser+s forderung+en,3.4962734773400315
-5.1157817489902815,0.33193586313328316,-0.4162550517814403,-0.13878571611106255,-0.03267474505472161,danach,3.334925428475508
-5.1157817489902815,0.33193586313328316,-0.4162550517814403,-0.13878571611106255,-0.03267474505472161,forderung+en danach,3.334925428475508
-5.21834929583569,0.40838600033453765,-0.3298766091630744,-0.08242420219337848,-0.019518163628707175,lauter,3.215614788236034
-5.21834929583569,0.40838600033453765,-0.3298766091630744,-0.08242420219337848,-0.019518163628707175,danach lauter,3.215614788236034
-5.306098374536846,0.4724702662286284,-0.25323813471872236,-0.0319427826002468,-0.007760522546068432,warum bislang,3.1143291221991016
-5.641580895854297,0.6993475317912954,0.06491698098295612,0.18226054048749674,0.04179576126613384,passiert,2.7369303884057814
-5.641580895854297,0.6993475317912954,0.06491698098295612,0.18226054048749674,0.04179576126613384,bislang passier+t,2.7369303884057814
-5.666400393628013,0.7144985181440049,0.0901157077895154,0.19953920190325058,0.04576591035780135,Colic,2.7098489733823268
-5.666400393628013,0.7144985181440049,0.0901157077895154,0.19953920190325058,0.04576591035780135,von colic,2.7098489733823268
-5.678456234344544,0.7217513641997282,0.10244020500153708,0.20800661468014092,0.04770981196926384,Peters,2.6967473089975367
-5.678456234344544,0.7217513641997282,0.10244020500153708,0.20800661468014092,0.04770981196926384,colic peters,2.6967473089975367
-5.690086625825142,0.7286797590337888,0.1143821256660199,0.21622154855431708,0.049594683306138296,Schmidberger,2.6841418306919804
-5.690086625825142,0.7286797590337888,0.1143821256660199,0.21622154855431708,0.049594683306138296,peters schmidberger,2.6841418306919804
-5.6701851981554245,0.7167831416446466,0.09397890550533397,0.2021922005243334,0.04637509041809003,14.08.2026,2.705732049302486
-5.6701851981554245,0.7167831416446466,0.09397890550533397,0.2021922005243334,0.04637509041809003,stand 14.08.2026,2.705732049302486
-5.65549977251654,0.7078800244769052,0.07901971901981729,0.19192512408999918,0.04401696974830231,16:01,2.7217252438363033
-5.65549977251654,0.7078800244769052,0.07901971901981729,0.19192512408999918,0.04401696974830231,14.08.2026 16:01,2.7217252438363033
-5.646439248182848,0.7023359974656833,0.06983115398294013,0.1856265973725557,0.042569541348975656,16:01 uhr,2.7316179778899192
-5.638208088987814,0.6972664929387555,0.06151068938593423,0.17992835173872412,0.041259544169029674,uhr über,2.7406215885463894
-5.641580895854297,0.6993475317912954,0.06491698098295612,0.18226054048749674,0.04179576126613384,pa…,2.7369303884057814
-5.641580895854297,0.6993475317912954,0.06491698098295612,0.18226054048749674,0.04179576126613384,bislang pa…,2.7369303884057814
-5.649552418582658,0.7042452333509055,0.07298480362881282,0.18778766185049178,0.04306623095460553,+7719,2.7282167106573803
-5.649552418582658,0.7042452333509055,0.07298480362881282,0.18778766185049178,0.04306623095460553,pa… +7719,2.7282167106573803
-5.658343110758642,0.709611872160264,0.08190966556829081,0.1939073589729281,0.04447237108947784,+7719 char+s,2.718624701630581
-1.6282378389303709,-1.5834919460400143,1.1326102853691777,-0.5047555583400727,-0.0555676088133753,Den,7.259597183567518
-2.9481751244427006,-0.8339465063246774,0.8380816399858045,-0.3973988122092651,-0.04615643025753373,der klima+schutz,5.7614197258926145
-3.110939547578769,-0.8068469815855659,1.0974061933807053,-0.2993251289571602,-0.0223542302734817,klima+schutz politik,5.6135246694027545
-3.0260459366850014,-0.8641068288861411,1.139710479161197,-0.3024284478481207,-0.021822460531684018,verschlafen,5.714179268404287
-3.0260459366850014,-0.8641068288861411,1.139710479161197,-0.3024284478481207,-0.021822460531684018,politik verschlaf+en,5.714179268404287
-2.6593584842189024,-1.048906931713157,1.1240872532221868,-0.3676877944222008,-0.033398150559741005,Bitte,6.116715125811045
-2.813541890372255,-0.9942617080356544,1.2004800631668018,-0.32095988284694854,-0.023454308016348485,verschlaf+en bitte,5.9593507695526045
-2.678046447479403,-1.0734749453904486,1.2273980753868186,-0.3348803721595004,-0.025120337806979948,verpennt,6.113827944101593
-2.678046447479403,-1.0734749453904486,1.2273980753868186,-0.3348803721595004,-0.025120337806979948,bitte ver+penn+t,6.113827944101593
-0.45144469180110125,-2.264188679574892,1.3867100723408372,-0.5457477491460837,-0.053172303709746946,Schutz,8.605815623315225
-0.45144469180110125,-2.264188679574892,1.3867100723408372,-0.5457477491460837,-0.053172303709746946,ver+penn+t schutz,8.605815623315225
3.7022712504723483,-4.400263638155922,1.5475429444816862,-0.6893196996858815,-0.05589011588655239,Klimawandel-Folgen,13.241572677312993
3.7022712504723483,-4.400263638155922,1.5475429444816862,-0.6893196996858815,-0.05589011588655239,schutz klima+wandel+-+folge+n,13.241572677312993
-1.3722818388311975,-1.7777900341078445,1.3317812685086658,-0.4749177464862806,-0.044781591169137006,klima+wandel+-+folge+n der,7.576275811519774
-1.6775468000916547,-1.6148914832975905,1.3107158313647105,-0.4468192261079156,-0.04108972668293416,Umweltminister,7.234699810549708
-1.6775468000916547,-1.6148914832975905,1.3107158313647105,-0.4468192261079156,-0.04108972668293416,der umwelt+minister,7.234699810549708
-2.9481751244427006,-0.8339465063246774,0.8380816399858045,-0.3973988122092651,-0.04615643025753373,umwelt+minister klima+schutz,5.7614197258926145
-2.925527596935032,-0.9072681057688938,1.111400481702828,-0.3278104367762103,-0.02692440716946881,klima+schutz gemeinschaft+s+aufgabe,5.820537837196204
-3.365486266542028,-0.6772830184998595,1.1056818467747433,-0.24933733506758773,-0.013397737738221421,Grundgesetz,5.333985621507805
-3.365486266542028,-0.6772830184998595,1.1056818467747433,-0.24933733506758773,-0.013397737738221421,gemeinschaft+s+aufgabe grund+gesetz,5.333985621507805
-3.5147471647669954,-0.5965968231172147,1.0958031792421514,-0.22233570821090232,-0.008861335008398488,verankern,5.167793921366775
-3.5147471647669954,-0.5965968231172147,1.0958031792421514,-0.22233570821090232,-0.008861335008398488,grund+gesetz veranker+n,5.167793921366775
-3.6660085094054287,-0.513699054969369,1.0826179318847753,-0.19435502051071948,-0.0041898118091377445,eröffnet,4.998942025718963
-3.6660085094054287,-0.513699054969369,1.0826179318847753,-0.19435502051071948,-0.0041898118091377445,der eröffn+et,4.998942025718963
-3.743088751358366,-0.47104715406417696,1.074762589027276,-0.17979481776675701,-0.0017662965769975614,Möglichkeiten,4.912749027473768
-3.743088751358366,-0.47104715406417696,1.074762589027276,-0.17979481776675701,-0.0017662965769975614,eröffn+et möglichkeit+en,4.912749027473768
-3.5964225308705338,-0.49942662177538155,0.8897618690827649,-0.2611996598939737,-0.02082559782189733,längst,5.04851586312912
-3.881318225198374,-0.39389984137470657,1.058840639044267,-0.1530832150114104,0.0026720651158333303,möglichkeit+en längst,4.757948316980611
-3.9255877492058486,-0.36901791292125763,1.0532517917563975,-0.14434951553798778,0.004121858428394229,überfällig,4.708312826252689
-3.9255877492058486,-0.36901791292125763,1.0532517917563975,-0.14434951553798778,0.004121858428394229,längst überfällig,4.708312826252689
-4.042036433597071,-0.3031699493830664,1.0374213401836772,-0.12092088913679644,0.0080092258447675,ganzen,4.577619935901351
-4.042036433597071,-0.3031699493830664,1.0374213401836772,-0.12092088913679644,0.0080092258447675,der ganz+en,4.577619935901351
-4.076316457876875,-0.28367675469395914,1.0324477937474703,-0.11389134049162528,0.009175299186300792,ganz+en sommer,4.53911201422275
-4.130748410558343,-0.2526228114687674,1.0242542645918873,-0.10259863904974537,0.011048423124155674,scheint,4.477935120057866
-4.130748410558343,-0.2526228114687674,1.0242542645918873,-0.10259863904974537,0.011048423124155674,sommer schein+t,4.477935120057866
-4.1960298530298346,-0.21521500398950133,1.0139418928367963,-0.08883532786258022,0.013331266605124917,ginge,4.404513929164359
-4.1960298530298346,-0.21521500398950133,1.0139418928367963,-0.08883532786258022,0.013331266605124917,schein+t geh+e,4.404513929164359
-4.233222618587893,-0.19382251679016216,1.007825887242606,-0.08088279265802195,0.014650314813401275,geh+e hitze,4.362659465261479
-4.3069318442881634,-0.15125400206496864,0.9951772060706691,-0.06487424545953441,0.01730564519788745,bloß,4.279660255406639
-4.3069318442881634,-0.15125400206496864,0.9951772060706691,-0.06487424545953441,0.01730564519788745,hitze bloß,4.279660255406639
-4.351784380363663,-0.12523801471842555,0.9871291486096017,-0.05496599854118128,0.01894917389676233,bloß politik,4.229121589419336
-4.400803148046315,-0.09670725836492555,0.9780212230675396,-0.04398774947385675,0.020770216616375695,schwitzen,4.173860083189166
-4.400803148046315,-0.09670725836492555,0.9780212230675396,-0.04398774947385675,0.020770216616375695,mensch+en schwitz+en,4.173860083189166
-4.428512663285505,-0.08053365304326143,0.9727252087645781,-0.037711022821744544,0.021811382593727432,Tiere,4.142608564266637
-4.428512663285505,-0.08053365304326143,0.9727252087645781,-0.037711022821744544,0.021811382593727432,schwitz+en tier+e,4.142608564266637
-4.442980594734264,-0.07207579435014044,0.9699169561669764,-0.03441303492622222,0.022358439418289397,hungern,4.126287505577641
-4.442980594734264,-0.07207579435014044,0.9699169561669764,-0.03441303492622222,0.022358439418289397,tier+e hunger+n,4.126287505577641
-4.46388858660101,-0.05983711847628892,0.9658058427228975,-0.029621579261192466,0.023153217276187313,Felder,4.10269697711386
-4.46388858660101,-0.05983711847628892,0.9658058427228975,-0.029621579261192466,0.023153217276187313,hunger+n feld+er,4.10269697711386
-4.479530830905278,-0.050668391773811106,0.9626888646074353,-0.026016997480894366,0.02375111344865939,vertrocknen,4.085044301663647
-4.479530830905278,-0.050668391773811106,0.9626888646074353,-0.026016997480894366,0.02375111344865939,feld+er ver+trockn+en,4.085044301663647
-4.515453355755823,-0.02957199761982099,0.95539498199987,-0.017673742135327297,0.02513497032965918,RKI,4.044493481416831
-4.515453355755823,-0.02957199761982099,0.95539498199987,-0.017673742135327297,0.02513497032965918,der rki,4.044493481416831
-3.6106622738139027,-0.44611415891286255,0.3788330953611474,-0.3824979298466142,-0.055962208738276564,zählt,4.99992634524257
-4.523510471515403,-0.024832510760515403,0.9537327302748964,-0.015789780726207292,0.025447442235282516,rki zähl+t,4.0353961138247305
-4.535332686482086,-0.01787310185228952,0.9512760519980635,-0.013016966636808125,0.025907328551431755,Tote,4.02204610154389
-4.535332686482086,-0.01787310185228952,0.9512760519980635,-0.013016966636808125,0.025907328551431755,zähl+t tot+e,4.02204610154389
-4.552500336660017,-0.007756043487294306,0.9476708849995741,-0.008972342055278859,0.02657812802764277,überall,4.0026568210068785
-4.552500336660017,-0.007756043487294306,0.9476708849995741,-0.008972342055278859,0.02657812802764277,tot+e überall,4.0026568210068785
-4.572617148009205,0.004115522189336973,0.9433889506084491,-0.004205403390672102,0.027368681576453793,überall europa,3.9799321599613884
-4.584953466551706,0.011404429160627672,0.94073210221878,-0.001267331112881409,0.027855908690448697,brennt,3.9659941778769636
-4.584953466551706,0.011404429160627672,0.94073210221878,-0.001267331112881409,0.027855908690448697,europa brenn+t,3.9659941778769636
-4.603654999590038,0.022467101734335415,0.9366588706539283,0.003208410564018993,0.028598088481121706,+5215,3.944861027852429
-4.603654999590038,0.022467101734335415,0.9366588706539283,0.003208410564018993,0.028598088481121706,brenn+t +5215,3.944861027852429
-4.613521853280343,0.028309995870597238,0.9344875271141214,0.0055804153016676405,0.028991397963508206,+5215 char+s,3.9337095454249713
-4.725845148775962,0.03244482840393448,-0.7162113532485944,-0.32992154586809225,-0.07748183458702956,Kriegsfolgen,3.7945786262727172
-4.725845148775962,0.03244482840393448,-0.7162113532485944,-0.32992154586809225,-0.07748183458702956,niedrigwasser krieg+s+folge+n,3.7945786262727172
-4.659093009510106,-0.01954169419213514,-0.7635020188666998,-0.35937844295925736,-0.08440825713781228,krieg+s+folge+n niedrigwasser,3.8738941137902834
-4.529614221811088,-0.12056733517498186,-0.8522189776760483,-0.4141181071686292,-0.0972909387210214,Mann,4.0280589634626285
-4.7553336985932315,0.0553753351266848,-0.694968502840158,-0.31662778683829673,-0.07435752457309108,niedrigwasser mann,3.7595828237949815
-4.874911292936414,0.14803592353168105,-0.6065235493151547,-0.2608741243893294,-0.06126582297997111,mann find+et,3.617993752992899
-4.774928565844068,0.07059771139060267,-0.6807309287664584,-0.30769667568199366,-0.0722590982025528,Mörsergranate,3.7363443646600323
-4.992465242725255,0.23838266918476014,-0.5157797264590279,-0.2030065211993175,-0.047699834693291074,find+et mörser+granate,3.4794213325968086
-4.937188419775628,0.1960140359522322,-0.5589350777429383,-0.23060964444980855,-0.054167866762398376,Zorge,3.5444938393196925
-5.193153727619325,0.3897444982884888,-0.3514091062729615,-0.09652755190184437,-0.02280754193780464,mörser+granate zorg+e,3.2448386757902
-5.536599041940054,0.6323230339550925,-0.039092366570747425,0.11142446554327878,0.025473954066774954,zorg+e hier,2.8529568958086102
-5.589115630745029,0.6664111077032575,0.0124185895716847,0.14640892339568207,0.03354389502827958,geringe,2.794631828605506
-5.589115630745029,0.6664111077032575,0.0124185895716847,0.14640892339568207,0.03354389502827958,der gering+e,2.794631828605506
-5.608749724308064,0.6788751804893787,0.031943155694522954,0.15971929826866488,0.036609696704638664,gering+e wasser+stand,2.77296864421142
-5.6448456177880955,0.7013569228824041,0.06821822602340351,0.184521600652516,0.04231554649258103,wasser+stand zorg+e,2.7333599505794233
-5.663789706058354,0.7129185820051751,0.087454118484406,0.19771201313569542,0.04534628925766131,Nordhausen,2.7126907550611103
-5.663789706058354,0.7129185820051751,0.087454118484406,0.19771201313569542,0.04534628925766131,zorg+e nordhausen,2.7126907550611103
-5.682864285460958,0.7243853186683336,0.10696027867278723,0.21111480642245084,0.048423093773884276,nordhausen mörser+granate,2.6919657368833136
-4.768876117638177,0.06589718517553367,-0.6851390962157377,-0.31046369876463054,-0.07290917946768025,Vorschein,3.743520837625696
-5.700338756620345,0.7347298926819357,0.12495150160920093,0.2235008057979141,0.05126398018797111,mörser+granate vorschein,2.673058335411365
-5.7086781046347905,0.7396107944264234,0.13357836122826264,0.2294481470461741,0.052627212830142475,vorschein ge+bring+t,2.6640625898122683
-5.719066564662592,0.7456391778182996,0.14436192509838353,0.23688979446026392,0.05433216541318307,30-Jähriger,2.6528818355528894
-5.719066564662592,0.7456391778182996,0.14436192509838353,0.23688979446026392,0.05433216541318307,ein 30-jährig+er,2.6528818355528894
-5.732414834149401,0.7532986969705082,0.15827799154184002,0.24650543214835174,0.05653386771853659,Sprengkörper,2.638557758230062
-5.732414834149401,0.7532986969705082,0.15827799154184002,0.24650543214835174,0.05653386771853659,30-jährig+er spreng+körper,2.638557758230062
-5.741171511077777,0.7582693928198825,0.16744384396954703,0.25284635061303873,0.05798492343921906,Donnerstagabend,2.6291872774449745
-5.741171511077777,0.7582693928198825,0.16744384396954703,0.25284635061303873,0.05798492343921906,spreng+körper donnerstag+abend,2.6291872774449745
-5.75032372442213,0.7634177762230501,0.17705474502233182,0.2595015953046891,0.05950719190644092,donnerstag+abend fluss+bett,2.619416293789627
-5.754686370603039,0.7658547681458372,0.18164718703131957,0.2626840443998115,0.060234858634675384,fluss+bett entdeck+t,2.614766999019311
-5.258184230678792,0.43764911114363936,-0.2954060011293854,-0.05977336331913252,-0.01423932224648683,teilte,3.169535368645064
-5.758778240982425,0.7681303289157497,0.18596112658066907,0.2656748695862241,0.06091855532057815,entdeck+t teil+te,2.6104111994481167
-5.2640829224051835,0.441959064505554,-0.2902566528436944,-0.05638198537739014,-0.013449397853401865,Polizei,3.162725628279569
-5.762998760039757,0.770467020728665,0.1904173199457775,0.268765713323025,0.061624957314376186,teil+te polizei,2.6059234914251426
-5.765900836870565,0.7720675718463934,0.19348534874144596,0.27089454133113544,0.06211139964733749,am…,2.6028406822011356
-5.765900836870565,0.7720675718463934,0.19348534874144596,0.27089454133113544,0.06211139964733749,polizei am…,2.6028406822011356
-5.767648455125249,0.7730289700456296,0.19533443469082196,0.27217790007875975,0.06240461298786838,+345,2.6009854096735534
-5.767648455125249,0.7730289700456296,0.19533443469082196,0.27217790007875975,0.06240461298786838,am… +345,2.6009854096735534
-5.769347988756248,0.7739621438292443,0.19713374834658592,0.27342694865321715,0.06268996041868323,+345 chars,2.599182039454294
-1.5814455354441002,-1.610089750575273,-0.11989902008859246,-0.7996369679496973,-0.14222003258541416,Transportprobleme,7.281342103685322
-3.5381923491196163,-0.8860422306684468,-1.425517204676508,-0.7499354324972244,-0.1764857210869282,transport+problem+e niedrigwasser,5.213283199658311
-4.228533165968875,-0.35536093040749606,-1.0445492362409468,-0.5303611372720933,-0.1246857200015326,Ökonomin,4.387581216833177
-4.228533165968875,-0.35536093040749606,-1.0445492362409468,-0.5303611372720933,-0.1246857200015326,niedrigwasser ökonom+in,4.387581216833177
2.9292501573982186,-3.884236295967036,0.5918072166471201,-0.9247610311253178,-0.12666063191030405,Grimm,12.300500502167482
-4.50435717633278,-0.14028626033891234,-0.869081052784629,-0.4244439829663588,-0.09972255117727424,ökonom+in grimm,4.0581714113713145
-4.6254128363862455,-0.045803450587171834,-0.7869542205655652,-0.3739154503168713,-0.08782809761327662,grimm sag+t,3.9139588850747464
-0.6106880082843569,-2.0694248192634075,0.28801381758295463,-0.8106603049923802,-0.1297188147374207,steigende,8.350908515967044
-4.704836620242052,0.016094124105985985,-0.731212775405912,-0.3392864279570044,-0.07968336807904086,sag+t steig+end+e,3.819527274031236
-0.8084250273047688,-1.9704337475697478,0.2341366745312522,-0.804887776523789,-0.1308331417734005,steig+end+e preis+e,8.13114335157425
-4.634324068246562,-0.03885338686493611,-0.7807753299584086,-0.3700900326768221,-0.08692806486193308,voraus,3.9033556382999186
-4.892437200766112,0.1615609159095861,-0.5932397590613223,-0.2524446510400928,-0.0592882135272559,preis+e voraus,3.597291048094597
-5.586411352534004,0.6646819678659461,0.009740793407181293,0.1445855428217197,0.03312371489867959,voraus hier,2.7976218621286675
-5.367555033766283,0.5164453833134306,-0.19799680638658476,0.004717281443463783,0.0007609884889153984,thema transport+problem+e,3.0439082659329424
2.7228786308436383,-3.786337840340051,1.0159868365522995,-0.8185839188622259,-0.09732584477696588,Wirtschaftsweise,12.084409995640325
-0.4088015222100987,-2.1868284241354154,1.015185873024616,-0.6560733340582675,-0.08182507024522422,der wirtschaft+s+weise,8.599517378657882
0.6161713638291904,-2.702664085950112,0.9276439192037665,-0.7506090458517958,-0.09709647810906985,Veronika,9.732621909828435
0.6161713638291904,-2.702664085950112,0.9276439192037665,-0.7506090458517958,-0.09709647810906985,wirtschaft+s+weise veronika,9.732621909828435
0.0696846870308736,-2.414336572232886,0.8516883540260871,-0.7343063137093597,-0.09831211028679088,veronika grimm,9.119192225601973
-1.7452266455456096,-1.4563574050986108,0.6944451818073147,-0.605134928189352,-0.08500463649932294,grimm steig+end+e,7.089205767103256
-1.8075605599912077,-1.4197846765568882,0.5230547060959253,-0.6380010321139619,-0.09564058202236363,vorhergesagt,7.013883149488385
-1.8075605599912077,-1.4197846765568882,0.5230547060959253,-0.6380010321139619,-0.09564058202236363,preis+e vorhergesagt,7.013883149488385
-1.4184818072538912,-1.6458346031142925,0.22688145255815773,-0.7470688483396528,-0.12243581891295488,vorhergesagt folge,7.44919775958484
3.2411305506398875,-4.122046528521945,0.0188430523705947,-1.047645106215442,-0.16324259527598134,folge niedrigwasser+s,12.66924990010095
-2.7684724821459445,-0.904775730477358,0.45708657482906323,-0.5192952074514001,-0.07786321266635865,dadurch,5.9406203809531295
-2.7684724821459445,-0.904775730477358,0.45708657482906323,-0.5192952074514001,-0.07786321266635865,fluss+en dadurch,5.9406203809531295
-2.89250961314123,-0.8375393762212084,0.4801176594101454,-0.49371787736829853,-0.07278969318488131,verursachten,5.80282467875654
-2.89250961314123,-0.8375393762212084,0.4801176594101454,-0.49371787736829853,-0.07278969318488131,dadurch verursach+t+en,5.80282467875654
-3.0585699006791334,-0.7478225647067811,0.5073946394031316,-0.45896182795320833,-0.06597296902127747,verursach+t+en transport+problem+e,5.6185110082946395
-3.291177794079755,-0.6224391837252847,0.5380751740431423,-0.40932762016138435,-0.056396261365769126,ineffizienter,5.360526705795209
-3.291177794079755,-0.6224391837252847,0.5380751740431423,-0.40932762016138435,-0.056396261365769126,bei ineffizient+er,5.360526705795209
-3.6533423074273133,-0.43736538546963244,0.6901814940689184,-0.2997989013703613,-0.03281157044073185,Rationierun…,4.966554937860795
-3.6533423074273133,-0.43736538546963244,0.6901814940689184,-0.2997989013703613,-0.03281157044073185,ineffizient+er rationierun…,4.966554937860795
-5.684989112077671,0.7256514910916292,0.10914174203324693,0.21261539474177582,0.048767401445072286,+2044,2.689662578137751
-5.684989112077671,0.7256514910916292,0.10914174203324693,0.21261539474177582,0.048767401445072286,rationierun… +2044,2.689662578137751
-5.6910712319448304,0.7292631576536,0.11539546578451004,0.2169191020103196,0.0497546842759377,+2044 char+s,2.6830762257903373
-5.586411352534004,0.6646819678659461,0.009740793407181293,0.1445855428217197,0.03312371489867959,voraus der,2.7976218621286675
-5.54059041630072,0.6349501228397347,-0.035213686736734376,0.11405206032387943,0.026080652885056912,der preis+e,2.848505461413127
-5.613170848805595,0.6816594748732647,0.03635970815902906,0.16273397098721382,0.037303715685404734,preis+e könn+ten,2.768101875195991
-5.636479244924572,0.6961977818781124,0.059766354652508416,0.1787343786095581,0.04098499421095032,diversen,2.742514637095547
-5.636479244924572,0.6961977818781124,0.059766354652508416,0.1787343786095581,0.04098499421095032,könn+ten divers+en,2.742514637095547
-5.6510732333799165,0.7051762737967466,0.0745267308011707,0.1888445395942825,0.043309113384395734,Grundstoffen,2.72655597437829
-5.6510732333799165,0.7051762737967466,0.0745267308011707,0.1888445395942825,0.043309113384395734,divers+en grund+stoff+en,2.72655597437829
-5.494306838041023,0.6041460992232046,-0.07982672043725342,0.08389498728371564,0.019111989546857097,grund+stoff+en steig+en,2.900300134018081
-5.679578734452111,0.7224230157499469,0.10359053047917169,0.2087974879512493,0.04789131942523302,steig+en warn+t,2.6955292379651428
-5.690086625825142,0.7286797590337888,0.1143821256660199,0.21622154855431708,0.049594683306138296,warn+t wirtschaft+s+weise,2.6841418306919804
-2.25944991867115,-1.1956881615504336,0.8203478215161704,-0.5079862258655192,-0.06540538922886002,sie kritisier+t,6.524904301742855
-5.319706440778342,0.4822777043242117,-0.24111922686541057,-0.023919713058566605,-0.005894322652614831,Politiker,3.098696837855487
-5.720444148891536,0.7464342019431807,0.14579497964706395,0.23787935879339484,0.054558816567952015,kritisier+t politiker,2.651401330588374
-5.71254675387454,0.7418625372755927,0.1375893579477614,0.2322151320051935,0.05326125990920459,kurzsichtig,2.659895573251263
-5.71254675387454,0.7418625372755927,0.1375893579477614,0.2322151320051935,0.05326125990920459,politiker kurzsichtig,2.659895573251263
-5.702930668861978,0.7362508239601673,0.1276299441545184,0.2253467498660534,0.05168716274765213,agierten,2.6702604876099505
-5.702930668861978,0.7362508239601673,0.1276299441545184,0.2253467498660534,0.05168716274765213,kurzsichtig agier+ten,2.6702604876099505
-5.693959187738937,0.7309714634607509,0.11836982681242852,0.21896698846227503,0.050224372803204395,statt,2.6799521018337638
-5.693959187738937,0.7309714634607509,0.11836982681242852,0.21896698846227503,0.050224372803204395,agier+ten statt,2.6799521018337638
-5.6701851981554245,0.7167831416446466,0.09397890550533397,0.2021922005243334,0.04637509041809003,Lagen,2.705732049302486
-5.6701851981554245,0.7167831416446466,0.09397890550533397,0.2021922005243334,0.04637509041809003,statt lieg+en,2.705732049302486
-5.662456877255204,0.7121107144254992,0.08609630150355413,0.19678006321271435,0.045132243535999,vorzubereiten,2.7141421915701267
-5.662456877255204,0.7121107144254992,0.08609630150355413,0.19678006321271435,0.045132243535999,lieg+en vor+zu+bereit+en,2.7141421915701267
-5.667679092133758,0.7152711582843716,0.09142028257891252,0.2004349814779961,0.04597161089979861,Rationierung…,2.708457682428833
-5.667679092133758,0.7152711582843716,0.09142028257891252,0.2004349814779961,0.04597161089979861,ineffizient+er rationierung…,2.708457682428833
-5.684989112077671,0.7256514910916292,0.10914174203324693,0.21261539474177582,0.048767401445072286,+2082,2.689662578137751
-5.684989112077671,0.7256514910916292,0.10914174203324693,0.21261539474177582,0.048767401445072286,rationierung… +2082,2.689662578137751
-5.6910712319448304,0.7292631576536,0.11539546578451004,0.2169191020103196,0.0497546842759377,+2082 char+s,2.6830762257903373
-4.078066133874148,-0.22270615548373085,0.7875716291915753,-0.1778827858947392,-0.008259825196899648,politik mach+t,4.5046967094673604
-4.019148249718748,-0.25340318653674077,0.7821823298845566,-0.193642898755427,-0.011269374287410636,guten,4.569291322609314
-4.019148249718748,-0.25340318653674077,0.7821823298845566,-0.193642898755427,-0.011269374287410636,mach+t gut+en,4.569291322609314
-3.989081799902168,-0.2689665762162683,0.7787524139147459,-0.2017445016709036,-0.012830405284631252,Eindruck,4.602203724757078
-3.989081799902168,-0.2689665762162683,0.7787524139147459,-0.2017445016709036,-0.012830405284631252,gut+en eindruck,4.602203724757078
-3.9278616206575885,-0.3004520486405178,0.7702677344197022,-0.21838799497392314,-0.016068324183964228,eindruck wirtschaft+s+weise,4.669113286121006
-3.810643824925858,-0.36006136648402265,0.7480943673628635,-0.25089729228235863,-0.02251659884675518,wirtschaft+s+weise grimm,4.796857999245704
-3.759053693425674,-0.3860790838658805,0.7358020145277884,-0.2654922452122213,-0.025464412883022564,grimm warn+t,4.852953794292512
-0.922360878077499,-1.889601864155861,0.5019851463512086,-0.7365666183537074,-0.11149480646541066,steigenden,8.001406340148819
-3.6522947306346722,-0.43971034533413356,0.7056010241988993,-0.2962135628797758,-0.03176961605149628,warn+t steig+end+en,4.968884441719771
-1.3780300334931264,-1.6507378727840178,0.710268380543807,-0.6426650598756729,-0.09037191699465205,Preisen,7.499023320103297
-1.3780300334931264,-1.6507378727840178,0.710268380543807,-0.6426650598756729,-0.09037191699465205,steig+end+en preis+en,7.499023320103297
-2.7485382506176306,-0.9197456215945485,0.32824013825165765,-0.551457514024628,-0.08715058972260992,preis+en niedrigwasser,5.961516409169547
-3.9278616206575885,-0.3004520486405178,0.7702677344197022,-0.21838799497392314,-0.016068324183964228,niedrigwasser wirtschaft+s+weise,4.669113286121006
-3.3931151269978157,-0.6011498886569604,0.8578840211783171,-0.31077525338401824,-0.03045763388168944,grimm rechn+et,5.270039114646944
-3.6522947306346722,-0.43971034533413356,0.7056010241988993,-0.2962135628797758,-0.03176961605149628,rechn+et steig+end+en,4.968884441719771
-2.7481554830198247,-0.9294900250646361,0.7559426161348971,-0.45126568606634104,-0.05768669235788135,preis+en folge,5.976792178737694
-2.321308898929307,-1.1920004777509585,0.9953082547108157,-0.45365513945257036,-0.05135713432522078,fehlende,6.47336937714348
-2.321308898929307,-1.1920004777509585,0.9953082547108157,-0.45365513945257036,-0.05135713432522078,kritisier+t fehl+end+e,6.47336937714348
-2.1116080326486095,-1.313687116377729,1.0519979653466627,-0.46705253230381616,-0.05193581301298414,politische,6.712878488607003
-2.1116080326486095,-1.313687116377729,1.0519979653466627,-0.46705253230381616,-0.05193581301298414,fehl+end+e politisch+e,6.712878488607003
-1.7159860028685703,-1.5354526342623274,1.1217194115287759,-0.4975143534754267,-0.05476194580599231,Vorsorge,7.160799146724778
-1.7159860028685703,-1.5354526342623274,1.1217194115287759,-0.4975143534754267,-0.05476194580599231,politisch+e vorsorge,7.160799146724778
-0.14723774643287424,-2.3814933159384544,1.2800164117519426,-0.6024151150727315,-0.06472009816586345,vorsorge folge+n,8.923860398066617
-3.9840760487752584,-0.28391106132353805,0.8446173820413523,-0.1861157156901944,-0.008380857038854744,+3737,4.614766948786096
-3.9840760487752584,-0.28391106132353805,0.8446173820413523,-0.1861157156901944,-0.008380857038854744,rationierun… +3737,4.614766948786096
-4.010433173125694,-0.2696447766434473,0.8436513809307774,-0.18003959355100907,-0.007297645912562878,+3737 char+s,4.585539730259179
-5.022429381144739,0.26124883631796325,-0.4920160034903521,-0.1877432752506853,-0.04412580542837459,Experte,3.4442199091719194
-5.519348305726781,0.6209037235543922,-0.05578779223967989,0.1001266537386235,0.022864285467294312,Diesel-,2.8722295760058993
-5.519348305726781,0.6209037235543922,-0.05578779223967989,0.1001266537386235,0.022864285467294312,experte diesel+-,2.8722295760058993
-5.450238950061034,0.5741698461917373,-0.12157010396525228,0.055808744172934854,0.0126112378000416,Abgastechnik,2.9499534937149052
-5.450238950061034,0.5741698461917373,-0.12157010396525228,0.055808744172934854,0.0126112378000416,diesel+- abgas+technik,2.9499534937149052
-5.055246439989124,0.2861996646176357,-0.46568430304412445,-0.17077846624372575,-0.04015551543564515,abgas+technik neu+e,3.405730931404909
-5.418245436811011,0.5520489854581827,-0.15143317023301647,0.035794085101232276,0.007972713380044835,Alte,2.9861921029166947
-5.418245436811011,0.5520489854581827,-0.15143317023301647,0.035794085101232276,0.007972713380044835,rhein alt+e,2.9861921029166947
-3.9568143286122,-0.5658957943473375,-1.2034481593164643,-0.6237505184662828,-0.14671658005032992,Güterwaggons,4.7125984426265894
-4.423270316033456,-0.20358680971777332,-0.9222812896544692,-0.4568553830598644,-0.10735768138317277,alt+e gut+er+waggon+s,4.154916700453587
-5.2806014273489295,0.4539947361510146,-0.27577419947284965,-0.04683308835916933,-0.011225892669355503,gut+er+waggon+s soll+en,3.143675395253755
-5.09706392652352,0.3178371316019768,-0.43165915770053886,-0.1487763598216176,-0.03500988764518628,soll+en wegen,3.3567907142054554
-5.418245436811011,0.5520489854581827,-0.15143317023301647,0.035794085101232276,0.007972713380044835,niedrigwasser+s betrieb,2.9861921029166947
-5.328782619495545,0.48879751154647866,-0.23300076780251058,-0.01853892608001001,-0.004643120341724968,gehen,3.088282659539437
-5.328782619495545,0.48879751154647866,-0.23300076780251058,-0.01853892608001001,-0.004643120341724968,betrieb geh+en,3.088282659539437
-5.21834929583569,0.40838600033453765,-0.3298766091630744,-0.08242420219337848,-0.019518163628707175,geh+en wegen,3.215614788236034
-4.8540397124010255,0.13190783376563164,-0.6222341329155346,-0.2708249358398381,-0.06360096095473558,niedrigwasser+s fluss+en,3.6426663051226886
-5.055246439989124,0.2861996646176357,-0.46568430304412445,-0.17077846624372575,-0.04015551543564515,Schiffsfracht,3.405730931404909
-5.055246439989124,0.2861996646176357,-0.46568430304412445,-0.17077846624372575,-0.04015551543564515,fluss+en schiff+s+fracht,3.405730931404909
-5.2060872732985235,0.39932589933898366,-0.34038183215350304,-0.08930932318839685,-0.021123766408185446,schiff+s+fracht straße+n,3.2298299525500243
-5.271371355516472,0.44727575387184104,-0.2838779408088996,-0.05217817414367437,-0.012470404457702033,straße+n schiene+n,3.1543165412597975
-5.310059557802528,0.47532904090198125,-0.24971700324961318,-0.029612822057990262,-0.007218492329035278,verlagert,3.1097764923387445
-5.310059557802528,0.47532904090198125,-0.24971700324961318,-0.029612822057990262,-0.007218492329035278,schiene+n verlager+t,3.1097764923387445
4.014340577863775,-4.467979245196489,1.2311408939248538,-0.7892926985622652,-0.07982171953720814,Deutsche,13.54074759972845
1.4001502820907472,-3.16892872064289,1.298004950281797,-0.6914475627928391,-0.07377048365559499,der deutsch+e,10.643761949717018
-4.7253703372806335,0.03207541215387266,-0.7165516104576503,-0.33013416845691157,-0.07753181339594939,deutsch+e bahn,3.795142339298224
-5.394690803390189,0.5355856518613156,-0.1731839601334929,0.021257604527659624,0.004600766634496864,bahn dafür,3.012967460942213
-5.3646081493927396,0.5143560800312568,-0.20067575939202345,0.002934205189493777,0.00034686561001977256,dafür alt+e,3.047274244156462
-5.302059410012675,0.4695520935482369,-0.256822864692833,-0.03431387424257498,-0.008312181055304416,reaktivieren,3.118972996923617
-5.302059410012675,0.4695520935482369,-0.256822864692833,-0.03431387424257498,-0.008312181055304416,gut+er+waggon+s reaktivier+en,3.118972996923617
-5.133258568405428,0.3450621805414176,-0.40177362410026896,-0.12937670736905166,-0.03047635239308001,abnehmenden,3.3145338842024734
-5.133258568405428,0.3450621805414176,-0.40177362410026896,-0.12937670736905166,-0.03047635239308001,angesichts ab+nehm+end+en,3.3145338842024734
-5.006143192890347,0.24883003157392336,-0.5049648442027809,-0.19606576888907631,-0.046074368063619586,Schiffstransporte,3.463346008971839
-5.006143192890347,0.24883003157392336,-0.5049648442027809,-0.19606576888907631,-0.046074368063619586,ab+nehm+end+en schiff+s+transport+e,3.463346008971839
-4.57904633595318,-0.08198044685553652,-0.8188046014974081,-0.393581716058647,-0.09245620920202993,schiff+s+transport+e wegen,3.9691590059102517
-4.831815762636292,0.11471136919513447,-0.6388338615903933,-0.2813168811535495,-0.06606378691780126,niedrigwasser+s deutschland,3.6689577219729244
-5.12466644371551,0.33861356113895047,-0.408905085726883,-0.13401225660240082,-0.03155933925953347,deutschland deutsch+e,3.3245560123518887
-3.164748204005674,-0.70028212065781,0.6897999391582329,-0.3963586426871474,-0.04998246467134945,Bericht,5.5091761523643825
-5.256744877860779,0.43659648670036466,-0.29666073231266255,-0.06059943047249888,-0.014431748751967385,bahn bericht,3.171197576510007
-5.293737515006061,0.46352923943502233,-0.2641912543624443,-0.03918461717810423,-0.009445596848751181,bericht zufolge,3.1285470730411054
-5.325174925056012,0.48620804138948825,-0.23623118965406867,-0.02068058747328866,-0.005141086117674318,ausgemusterte,3.092421021555356
-5.325174925056012,0.48620804138948825,-0.23623118965406867,-0.02068058747328866,-0.005141086117674318,zufolge aus+ge+muster+t+e,3.092421021555356
-5.370456172593519,0.5185002452929985,-0.19535645122288245,0.006475187307527608,0.0011692299780319965,aus+ge+muster+t+e gut+er+waggon+s,3.0405956444941
-4.9631017206157235,0.21590413961549504,-0.5388133058797464,-0.21775788211902208,-0.05115570406379799,gut+er+waggon+s betrieb,3.5139676991088256
-4.596846711805782,-0.06808932541243284,-0.8066360006834395,-0.3860785596912759,-0.09069026103543323,nehmen,3.947961631373043
-4.596846711805782,-0.06808932541243284,-0.8066360006834395,-0.3860785596912759,-0.09069026103543323,betrieb nehm+en,3.947961631373043
-5.45734871924601,0.579046004804022,-0.11488339050227758,0.060299221740124254,0.013651257760244104,Dieser,2.941921511722083
-3.8134596460498216,-0.6761618582813029,-1.282373253134718,-0.6691949993987112,-0.15743919175230986,Plan,4.884105088678922
-5.469072669278398,0.5870539194603779,-0.10381680708135044,0.06773818536526449,0.015373608657406848,dieser plan,2.928694239468309
-5.476938395520829,0.592403102981887,-0.09636394588504191,0.07275303712576253,0.01653430829476936,geht…,2.9198322847429057
-5.476938395520829,0.592403102981887,-0.09636394588504191,0.07275303712576253,0.01653430829476936,plan geht…,2.9198322847429057
-5.711021677604126,0.7409758235286725,0.13600748759893144,0.23112374191218021,0.05301118555291738,+2935,2.661537802434116
-5.711021677604126,0.7409758235286725,0.13600748759893144,0.23112374191218021,0.05301118555291738,geht… +2935,2.661537802434116
-5.715511583104947,0.743582780515252,0.14066712527411845,0.23433910833850558,0.0537478795905134,+2935 chars,2.656704742264312
-5.328782619495545,0.48879751154647866,-0.23300076780251058,-0.01853892608001001,-0.004643120341724968,rhein bahn,3.088282659539437
-5.09706392652352,0.3178371316019768,-0.43165915770053886,-0.1487763598216176,-0.03500988764518628,bahn wegen,3.3567907142054554
-5.313945464478613,0.4781303768057623,-0.24625754650091472,-0.027322769747203268,-0.006685803113920544,niedrigwasser+s alt+e,3.105312139215007
-5.21834929583569,0.40838600033453765,-0.3298766091630744,-0.08242420219337848,-0.019518163628707175,nehm+en wegen,3.215614788236034
-5.711021677604126,0.7409758235286725,0.13600748759893144,0.23112374191218021,0.05301118555291738,+2911,2.661537802434116
-5.711021677604126,0.7409758235286725,0.13600748759893144,0.23112374191218021,0.05301118555291738,geht… +2911,2.661537802434116
-5.715511583104947,0.743582780515252,0.14066712527411845,0.23433910833850558,0.0537478795905134,+2911 chars,2.656704742264312
-5.5683259710814355,0.6530431200000788,-0.008096715215881609,0.13245270165661088,0.030326623841275532,Anzeige,2.8176563322746264
-5.20331328291425,0.3972730209025981,-0.3427515595627977,-0.09086128064793297,-0.021485744766253992,Mobile,3.233047738003268
-5.752540749754058,0.7646576083709984,0.1793876497850011,0.2611180526343805,0.059876815985135765,anzeige mobil+e,2.6170529234243904
-5.191885795209773,0.3888038365555311,-0.35248722851308134,-0.09723277074988626,-0.022972073097200216,Wallbox,3.2463108642217864
-5.371539237295623,0.519266860747188,-0.1943699824894142,0.007132094644455134,0.00132177562113385,mobil+e wall+box,3.0393592460014616
-5.740654648978289,0.7579772063883969,0.16690202370420282,0.25247135360914386,0.057899127631290195,App,2.6297397815859958
-5.740654648978289,0.7579772063883969,0.16690202370420282,0.25247135360914386,0.057899127631290195,wall+box ap+p,2.6297397815859958
-5.736378071783174,0.7555537882930339,0.16242282165415375,0.24937207435130448,0.05718995234540923,Zubehör,2.6343141011236715
-5.736378071783174,0.7555537882930339,0.16242282165415375,0.24937207435130448,0.05718995234540923,ap+p zubehör,2.6343141011236715
-5.729446040579626,0.7516036746328814,0.15517707045215984,0.24436157923896717,0.05604311855978465,Aktionspreis,2.6417394198854374
-5.729446040579626,0.7516036746328814,0.15517707045215984,0.24436157923896717,0.05604311855978465,zubehör aktion+s+preis,2.6417394198854374
-5.715511583104947,0.743582780515252,0.14066712527411845,0.23433910833850558,0.0537478795905134,aktion+s+preis rund,2.656704742264312
-5.711787866132976,0.7414214585653942,0.13680209870419002,0.2316719507696191,0.053136801128791614,160,2.6607126807919714
-5.711787866132976,0.7414214585653942,0.13680209870419002,0.2316719507696191,0.053136801128791614,rund 160,2.6607126807919714
-5.7086781046347905,0.7396107944264234,0.13357836122826264,0.2294481470461741,0.052627212830142475,160 euro,2.6640625898122683
-4.734624428020965,0.03927425049127975,-0.7099098308536727,-0.3259820310212139,-0.07655586255880434,Amazon,3.784156824763862
-5.701211760713637,0.7352425634269062,0.12585336562674831,0.22412230024535207,0.051406463817456435,euro amazon,2.6721157755524074
-5.694900565745593,0.731527387781914,0.11934005509305728,0.2196351401301514,0.05037760092050099,amazon der,2.6789341967344735
-5.752540749754058,0.7646576083709984,0.1793876497850011,0.2611180526343805,0.059876815985135765,der mobil+e,2.6170529234243904
-5.652571012917175,0.7060921548733605,0.0760461613320348,0.18988616418096993,0.04354847389743967,App-Steuerung,2.724920918772043
-5.652571012917175,0.7060921548733605,0.0760461613320348,0.18988616418096993,0.04354847389743967,wall+box app-steuerung,2.724920918772043
-5.629261449238527,0.6917214456622396,0.05249613114242866,0.17376036094908354,0.039841007421476435,app-steuerung lad+t,2.750425246689221
-5.562287807185626,0.6491288448472328,-0.014024751252538006,0.12842560672771852,0.029397766092970692,CEE-Stecker,2.8243597133612397
-5.562287807185626,0.6491288448472328,-0.014024751252538006,0.12842560672771852,0.029397766092970692,lad+t cee-stecker,2.8243597133612397
-5.701211760713637,0.7352425634269062,0.12585336562674831,0.22412230024535207,0.051406463817456435,cee-stecker amazon,2.6721157755524074
-5.378896799301444,0.52446722838955,-0.1876576574015689,0.011603863909061984,0.0023600688236271455,amazon aktuell,3.030964143113751
-5.261729827956528,0.44024049479536487,-0.29231222207530183,-0.057736029843258874,-0.013764769615077638,reduziert,3.1654417220027455
-5.261729827956528,0.44024049479536487,-0.29231222207530183,-0.057736029843258874,-0.013764769615077638,aktuell reduzier+t,3.1654417220027455
-4.831815762636292,0.11471136919513447,-0.6388338615903933,-0.2813168811535495,-0.06606378691780126,elektromobilität elektroauto,3.6689577219729244
-5.043732905623736,0.27745753571668685,-0.4749592214186522,-0.1767602816072791,-0.041555178834051104,elektroauto besuch+en,3.4192264879392775
-4.909332612668209,0.1745828277248762,-0.5803538594381246,-0.2442539338388273,-0.05736708398842823,Oder-Wasserstand,3.5773465498675496
-5.313945464478613,0.4781303768057623,-0.24625754650091472,-0.027322769747203268,-0.006685803113920544,niedrigwasser oder+-+wasser+stand,3.105312139215007
-5.130205447991272,0.3427717809652846,-0.4043103698339696,-0.1310260781653907,-0.030861667037931584,oder+-+wasser+stand zeig+t,3.318094478115757
-5.251811900874117,0.4329861360687626,-0.3009557050962103,-0.0634261772965119,-0.01509027202122952,unten,3.176895943457951
-5.251811900874117,0.4329861360687626,-0.3009557050962103,-0.0634261772965119,-0.01509027202122952,zeig+t unten,3.176895943457951
-5.536599041940054,0.6323230339550925,-0.039092366570747425,0.11142446554327878,0.025473954066774954,unten hier,2.8529568958086102
-5.482952912422276,0.5964803973181834,-0.09064982203748492,0.0766006753609651,0.017424636474945368,sie oder+-+wasser+stand,2.913062822105352
-5.632932586057092,0.6940011344911503,0.05619146548976025,0.17628809803778633,0.04042241403864026,der extrem,2.7464002675989714
-5.6448456177880955,0.7013569228824041,0.06821822602340351,0.184521600652516,0.04231554649258103,niedrige,2.7333599505794233
-5.6448456177880955,0.7013569228824041,0.06821822602340351,0.184521600652516,0.04231554649258103,extrem niedrig+e,2.7333599505794233
-5.658343110758642,0.709611872160264,0.08190966556829081,0.1939073589729281,0.04447237108947784,niedrig+e wasser+stand,2.718624701630581
-5.4268361810530035,0.5580167372451308,-0.14345078763758712,0.04113759134612266,0.009211582132032423,Oder,2.9764465075229904
-5.678456234344544,0.7217513641997282,0.10244020500153708,0.20800661468014092,0.04770981196926384,wasser+stand oder,2.6967473089975367
-5.6910712319448304,0.7292631576536,0.11539546578451004,0.2169191020103196,0.0497546842759377,oder frankfurt,2.6830762257903373
-5.678456234344544,0.7217513641997282,0.10244020500153708,0.20800661468014092,0.04770981196926384,frankfurt oder,2.6967473089975367
-5.715511583104947,0.743582780515252,0.14066712527411845,0.23433910833850558,0.0537478795905134,gefallen,2.656704742264312
-5.715511583104947,0.743582780515252,0.14066712527411845,0.23433910833850558,0.0537478795905134,oder ge+fall+en,2.656704742264312
-5.725079316442555,0.7491015983924931,0.1506220765458366,0.2412136837352219,0.05532239759185843,Landesamt,2.64642358931423
-5.725079316442555,0.7491015983924931,0.1506220765458366,0.2412136837352219,0.05532239759185843,der land+es+amt,2.64642358931423
-5.733569461865552,0.7539565950576639,0.15948490890497735,0.24734003222001544,0.056724895508831794,Umwelt,2.6373209905840684
-5.733569461865552,0.7539565950576639,0.15948490890497735,0.24734003222001544,0.056724895508831794,land+es+amt umwelt,2.6373209905840684
-5.737471530752677,0.756174409085798,0.16356742965436988,0.2501639228612159,0.057371157775764084,umwelt geb,2.633144033373053
-5.741684598810409,0.7585592946083972,0.16798180765986845,0.25321869919613815,0.05807011100463759,geb wasser+stand,2.628638881302853
-5.748957550038304,0.7626523400266843,0.1756180889531598,0.2585063372500064,0.05927959138499102,Nachmittag,2.6208733408497746
-5.748957550038304,0.7626523400266843,0.1756180889531598,0.2585063372500064,0.05927959138499102,wasser+stand nachmittag,2.6208733408497746
-5.756764366327783,0.767011614473835,0.18383716693982638,0.26420217666967827,0.06058191949064563,nachmittag zentimeter,2.6125543721802265
-5.764102805659023,0.7710765193253339,0.19158412477966272,0.26957525066921517,0.06180994761873286,der bislang,2.604750401146351
-5.766955304905299,0.7726478755751678,0.19460090200595162,0.2716687622565247,0.06228829189247988,niedrigste,2.6017211517526326
-5.766955304905299,0.7726478755751678,0.19460090200595162,0.2716687622565247,0.06228829189247988,bislang niedrig+st+e,2.6017211517526326
-5.770674464345929,0.7746892619293628,0.19853885788076586,0.27440250909251085,0.06291281046624166,niedrig+st+e wert,2.5977751080638747
-5.774179210440236,0.7766052528715155,0.2022545552018315,0.276982978065766,0.06350219586555937,+537,2.5940602765717964
-5.774179210440236,0.7766052528715155,0.2022545552018315,0.276982978065766,0.06350219586555937,wert +537,2.5940602765717964
-5.775706894314734,0.7774380591424372,0.2038756377154823,0.27810909252635974,0.06375936738040174,+537 char+s,2.59244215408489
-5.313945464478613,0.4781303768057623,-0.24625754650091472,-0.027322769747203268,-0.006685803113920544,niedrigwasser fach+leute,3.105312139215007
-4.354750245015497,-0.2570448633762519,-0.9661621625423238,-0.4833956130125773,-0.11361243687101304,fach+leute rhein+-+niedrigwasser,4.23673848721557
-4.725845148775962,0.03244482840393448,-0.7162113532485944,-0.32992154586809225,-0.07748183458702956,rhein+-+niedrigwasser trotz,3.7945786262727172
-4.590619856044935,-0.07294834666637473,-0.8109010696373744,-0.38870987379976674,-0.09130953978824728,Regens,3.9553760260326167
-4.874911292936414,0.14803592353168105,-0.6065235493151547,-0.2608741243893294,-0.06126582297997111,trotz regen+s,3.617993752992899
-4.814438716502453,0.10124991478160505,-0.6517218187008831,-0.28944709574191074,-0.06797271502714902,wohl,3.689528997029413
-4.992465242725255,0.23838266918476014,-0.5157797264590279,-0.2030065211993175,-0.047699834693291074,regen+s wohl,3.4794213325968086
-5.09706392652352,0.3178371316019768,-0.43165915770053886,-0.1487763598216176,-0.03500988764518628,Herbst,3.3567907142054554
-5.09706392652352,0.3178371316019768,-0.43165915770053886,-0.1487763598216176,-0.03500988764518628,wohl herbst,3.3567907142054554
-5.532485811228163,0.6296097634941669,-0.043083247073553946,0.108721997025223,0.02484986988948555,herbst hier,2.8575473126928626
-5.342589030167968,0.4986812524289823,-0.22059643610057564,-0.010308050122224688,-0.0027297983402491816,sie fach+leute,3.0724599641435453
-5.54059041630072,0.6349501228397347,-0.035213686736734376,0.11405206032387943,0.026080652885056912,Trotz,2.848505461413127
-5.574940741503022,0.6573150031629751,-0.0015868738537728466,0.13687795411286796,0.03134705637348033,vorhergesagten,2.810321073571123
-5.574940741503022,0.6573150031629751,-0.0015868738537728466,0.13687795411286796,0.03134705637348033,trotz vorhergesagt+en,2.810321073571123
-5.599350473718381,0.6729283385518696,0.02257817731739859,0.15333154189406506,0.03513871194603256,vorhergesagt+en regen+s,2.783329173746018
-5.5808119613475276,0.661092315577076,0.0042049931203392635,0.1408177103383052,0.0322553053906464,rechnen,2.8038176732776483
-5.5808119613475276,0.661092315577076,0.0042049931203392635,0.1408177103383052,0.0322553053906464,regen+s rechn+en,2.8038176732776483
-5.555450989523939,0.6446800779436646,-0.020720368744318374,0.12388011998811616,0.028349069986078737,rechn+en experte+n,2.831958301143067
-5.418245436811011,0.5520489854581827,-0.15143317023301647,0.035794085101232276,0.007972713380044835,experte+n baldig+en,2.9861921029166947
-5.313945464478613,0.4781303768057623,-0.24625754650091472,-0.027322769747203268,-0.006685803113920544,baldig+en ende,3.105312139215007
-5.09706392652352,0.3178371316019768,-0.43165915770053886,-0.1487763598216176,-0.03500988764518628,ende rhein+-+niedrigwasser+s,3.3567907142054554
-5.378896799301444,0.52446722838955,-0.1876576574015689,0.011603863909061984,0.0023600688236271455,Bundesanstalt,3.030964143113751
-5.378896799301444,0.52446722838955,-0.1876576574015689,0.011603863909061984,0.0023600688236271455,der bund+es+anstalt,3.030964143113751
-5.509849025709253,0.614571570636196,-0.06493408602243575,0.09394591122478435,0.02143588309105167,Gewässerkunde,2.882865050911692
-5.509849025709253,0.614571570636196,-0.06493408602243575,0.09394591122478435,0.02143588309105167,bund+es+anstalt gewässer+kunde,2.882865050911692
-5.574940741503022,0.6573150031629751,-0.0015868738537728466,0.13687795411286796,0.03134705637348033,Koblenz,2.810321073571123
-5.574940741503022,0.6573150031629751,-0.0015868738537728466,0.13687795411286796,0.03134705637348033,gewässer+kunde koblenz,2.810321073571123
-5.596874845058019,0.6713558859882056,0.020117127474889654,0.15165393119480697,0.034752290923953585,koblenz teil+te,2.7860610887693267
-5.619487859161412,0.685623174522074,0.0426830183708449,0.1670526071788212,0.038297693647014866,13.,2.761155444607598
-5.619487859161412,0.685623174522074,0.0426830183708449,0.1670526071788212,0.038297693647014866,teil+te 13.,2.761155444607598
-5.627376868776241,0.6905488329906462,0.05060111327696216,0.17246448292740446,0.03954290481907881,13. august,2.752492640227934
-5.654046338888193,0.7069932765972538,0.0775436465882786,0.19091290631979696,0.043784398370774094,wöchentlichen,2.72331088656442
-5.654046338888193,0.7069932765972538,0.0775436465882786,0.19091290631979696,0.043784398370774094,august wöchentlich+en,2.72331088656442
-5.672625437040817,0.7182524392709619,0.09647257463249527,0.20390526125540254,0.04676838470156207,Ber…,2.7030795116442023
-5.672625437040817,0.7182524392709619,0.09647257463249527,0.20390526125540254,0.04676838470156207,wöchentlich+en ber…,2.7030795116442023
-5.679578734452111,0.7224230157499469,0.10359053047917169,0.2087974879512493,0.04789131942523302,+1340,2.6955292379651428
-5.679578734452111,0.7224230157499469,0.10359053047917169,0.2087974879512493,0.04789131942523302,ber… +1340,2.6955292379651428
-5.6860326477340895,0.7262724944371595,0.1102137212507639,0.213352914150152,0.04893661119406108,+1340 chars,2.688531871863157
-4.152000838903499,-0.4148367760757079,-1.090614483583564,-0.5576892106936764,-0.13113125682999172,Neue,4.479099823301543
-5.313945464478613,0.4781303768057623,-0.24625754650091472,-0.027322769747203268,-0.006685803113920544,niedrigwasser neu+e,3.105312139215007
-4.9188859534323415,0.18193835288905746,-0.5730326057381866,-0.23959429068024432,-0.05627437512075839,Kiesbänke,3.566075166757875
-4.9188859534323415,0.18193835288905746,-0.5730326057381866,-0.23959429068024432,-0.05627437512075839,neu+e kiesbänk+e,3.566075166757875
-4.725845148775962,0.03244482840393448,-0.7162113532485944,-0.32992154586809225,-0.07748183458702956,kiesbänk+e alt+e,3.7945786262727172
-4.5325137492055205,-0.11830366303254869,-0.8502741587093963,-0.4129255285049495,-0.09701012967447428,Bomben,4.024602771681204
-4.5325137492055205,-0.11830366303254869,-0.8502741587093963,-0.4129255285049495,-0.09701012967447428,alt+e bombe+n,4.024602771681204
-3.5381923491196163,-0.8860422306684468,-1.425517204676508,-0.7499354324972244,-0.1764857210869282,bombe+n niedrigwasser,5.213283199658311
-4.725845148775962,0.03244482840393448,-0.7162113532485944,-0.32992154586809225,-0.07748183458702956,niedrigwasser veränder+t,3.7945786262727172
-4.947300726452987,0.20378146173653633,-0.5511055462093121,-0.225612797137127,-0.052996575008476154,veränder+t rhein,3.5325772342654456
-5.464154672869331,0.5836997696493531,-0.10846516009550819,0.06461247105802825,0.014649993531156022,rhein hier,2.9342401909982128
-5.464154672869331,0.5836997696493531,-0.10846516009550819,0.06461247105802825,0.014649993531156022,sie neu+e,2.9342401909982128
-5.476938395520829,0.592403102981887,-0.09636394588504191,0.07275303712576253,0.01653430829476936,Heinz-Dieter,2.9198322847429057
-5.54059041630072,0.6349501228397347,-0.035213686736734376,0.11405206032387943,0.026080652885056912,Kimpel,2.848505461413127
-5.54059041630072,0.6349501228397347,-0.035213686736734376,0.11405206032387943,0.026080652885056912,heinz-dieter kimpel,2.848505461413127
0.03489144129580524,-2.4340890778030277,1.1218039466237935,-0.6611003470794982,-0.0784155033737046,steht,9.104102963468428
-5.565573066902061,0.6512602693767537,-0.010801107276586383,0.13061521155010597,0.029902830954403478,kimpel steh+t,2.8207116344040215
-5.591759496524785,0.6680987512754526,0.015039229986905593,0.1481938848656344,0.033955175964147086,steh+t kaub,2.7917100445880774
-5.610982197717535,0.6802821692025471,0.034172396426998486,0.16124076951484745,0.03695997678398612,Mittelrhein,2.7705106151055863
-5.610982197717535,0.6802821692025471,0.034172396426998486,0.16124076951484745,0.03695997678398612,kaub mittelrhein,2.7705106151055863
-5.658343110758642,0.709611872160264,0.08190966556829081,0.1939073589729281,0.04447237108947784,langen,2.718624701630581
-5.658343110758642,0.709611872160264,0.08190966556829081,0.1939073589729281,0.04447237108947784,mittelrhein lang+en,2.718624701630581
-5.667679092133758,0.7152711582843716,0.09142028257891252,0.2004349814779961,0.04597161089979861,Tradition,2.708457682428833
-5.667679092133758,0.7152711582843716,0.09142028257891252,0.2004349814779961,0.04597161089979861,lang+en tradition,2.708457682428833
-5.681782479007926,0.7237398041573135,0.10585029621279962,0.21035140066678004,0.048247917973303064,Mein,2.6931387671350677
-5.681782479007926,0.7237398041573135,0.10585029621279962,0.21035140066678004,0.048247917973303064,tradition mein,2.6931387671350677
-5.687063929999297,0.7268856645637056,0.11127351974269761,0.21408213403377374,0.049103908379221586,Großvater,2.687414709326892
-5.687063929999297,0.7268856645637056,0.11127351974269761,0.21408213403377374,0.049103908379221586,mein großvater,2.687414709326892
-5.545663153799373,0.6382806258611007,-0.030275594055762148,0.11739892396161877,0.02685329160136772,Vater,2.842852309222558
-5.704614477520472,0.7372369913086465,0.12937133401076886,0.22654716574411193,0.05196232882255404,großvater vater,2.6684438223690226
-5.7140430893073795,0.7427313274755496,0.1391422755445795,0.23328672044256615,0.05350677835206914,vater schon,2.658284886398466
-5.718368449375605,0.7452358906072123,0.14363597423601687,0.23638856102182226,0.05421735616305361,schon binnenschiffer,2.6536323005579376
-5.7312416664376915,0.752629469573135,0.15705221214543136,0.24565789519155834,0.05633986713967619,selber,2.6398147575254787
-5.7312416664376915,0.752629469573135,0.15705221214543136,0.24565789519155834,0.05633986713967619,binnenschiffer selber,2.6398147575254787
-5.739080943549263,0.7570866396044404,0.16525295033361376,0.2513301491788894,0.05763801638662398,Jahre,2.6314224633282337
-5.739080943549263,0.7570866396044404,0.16525295033361376,0.2513301491788894,0.05763801638662398,selber jahr+e,2.6314224633282337
-5.658343110758642,0.709611872160264,0.08190966556829081,0.1939073589729281,0.04447237108947784,lang,2.718624701630581
-5.658343110758642,0.709611872160264,0.08190966556829081,0.1939073589729281,0.04447237108947784,jahr+e lang,2.718624701630581
-5.746617646141565,0.7613388277438433,0.17315910812121904,0.25680319529882867,0.05889007006851606,lang fähre,2.6233701073940017
-5.751662729684119,0.7641669346730151,0.17846351514436012,0.26047767817474077,0.059730391241563166,gefahren,2.6179887347955026
-5.751662729684119,0.7641669346730151,0.17846351514436012,0.26047767817474077,0.059730391241563166,fähre ge+fahr+en,2.6179887347955026
-5.758778240982425,0.7681303289157497,0.18596112658066907,0.2656748695862241,0.06091855532057815,+5093,2.6104111994481167
-5.758778240982425,0.7681303289157497,0.18596112658066907,0.2656748695862241,0.06091855532057815,ge+fahr+en +5093,2.6104111994481167
-5.7611148162381,0.769425287182202,0.188427345763778,0.2673852795484931,0.06130948377529512,+5093 chars,2.6079260675470115
-4.659093009510106,-0.01954169419213514,-0.7635020188666998,-0.35937844295925736,-0.08440825713781228,experte fahr+verbot+e,3.8738941137902834
-5.194214596053212,0.39053135824979823,-0.3505066492254544,-0.09593717051434561,-0.022669806595171912,+1677,3.24360701922685
-5.194214596053212,0.39053135824979823,-0.3505066492254544,-0.09593717051434561,-0.022669806595171912,beitra… +1677,3.24360701922685
-5.200482885197738,0.39517718406180546,-0.3451668845444713,-0.09244265994683487,-0.021854609371944195,+1677 char+s,3.2363316847316477
-4.674265278016998,-0.007717364983125474,-0.7528486321478923,-0.35275922445625396,-0.08285143276595293,HUK-E-Barometer,3.8558552778924065
-4.921058843336926,0.18361056146888788,-0.5713638458660324,-0.23853159374184107,-0.056025188972279094,Rekord,3.5635121330421793
-5.084544062339554,0.3083846727484343,-0.4419021196762011,-0.15540941553603424,-0.03656072782596964,huk+-+e+-+barometer rekord,3.371430191083839
-5.004029324270018,0.24721645540823833,-0.5066398159733664,-0.19714133721478636,-0.04632623276500976,Umstiegen,3.465829659296357
-5.004029324270018,0.24721645540823833,-0.5066398159733664,-0.19714133721478636,-0.04632623276500976,rekord umstieg+en,3.465829659296357
-4.840079918110069,0.12110869486893994,-0.6326765303033843,-0.27742775639214967,-0.06515079076686442,umstieg+en e+-+auto+s,3.659178676975745
-5.335158608895715,0.49336712429270224,-0.2272805103031317,-0.01474468026336706,-0.003761029608795846,privaten,3.08097263596254
-5.335158608895715,0.49336712429270224,-0.2272805103031317,-0.01474468026336706,-0.003761029608795846,e+-+auto+s privat+en,3.08097263596254
-5.2176625438140025,0.4078792034513241,-0.3304662737645173,-0.08281089061411745,-0.019608326693310113,Bereich,3.216410554561294
-5.2176625438140025,0.4078792034513241,-0.3304662737645173,-0.08281089061411745,-0.019608326693310113,privat+en bereich,3.216410554561294
-4.994584625280343,0.2400024864689403,-0.5141075522591217,-0.20193396483733436,-0.04744862654972437,bereich hoch+e,3.4769297612404855
-2.7314965185697915,-1.4858695945874856,-1.7927572819310285,-0.9462836480015513,-0.2227111050958337,treiben,6.175436762220556
-4.543337130615805,-0.10985403791089143,-0.8429979489468017,-0.40846072733964145,-0.09595888358637705,sprit+preis+e treib+en,4.011702864221411
-4.756703610966208,0.05643996177240984,-0.693976311880538,-0.3160059452169458,-0.07421140352684834,treib+en immer,3.7579577575283305
-5.049446426456856,0.2817973780732448,-0.4703615841489309,-0.17379590264614356,-0.040861517865566396,auto+fahrer deutschland,3.4125283101902437
-5.004029324270018,0.24721645540823833,-0.5066398159733664,-0.19714133721478636,-0.04632623276500976,deutschland umstieg,3.465829659296357
-5.191730972750294,0.38868895953493743,-0.352618838211072,-0.09731885290320055,-0.022992156828084975,Elektrofahrzeuge,3.246490637510853
-5.191730972750294,0.38868895953493743,-0.352618838211072,-0.09731885290320055,-0.022992156828084975,umstieg elektrofahrzeug+e,3.246490637510853
-2.447521409057112,-1.0984362768026292,0.8358363655405631,-0.47723779825114515,-0.05983317397575058,Laut,6.31715469751196
-5.2715403681814434,0.4473989280469972,-0.2837298113305917,-0.052080514850940895,-0.012447663501638187,laut aktuell+en,3.154121608279771
-5.293836991646003,0.4636013148182454,-0.26410331522543484,-0.03912651055697669,-0.009432074025828921,aktuell+en huk+-+e+-+barometer,3.128432582426755
-5.331624987798385,0.49083569553948236,-0.23045246242411185,-0.016848936491327016,-0.0042502100010867044,huk+-+e+-+barometer zweit+e,3.0850232985961203
-5.3307238523193945,0.49018970434332143,-0.23126067242179218,-0.01738497897332336,-0.004374832596897887,Quartal,3.086056530680167
-5.3307238523193945,0.49018970434332143,-0.23126067242179218,-0.01738497897332336,-0.004374832596897887,zweit+e quartal,3.086056530680167
-5.328562414595767,0.4886395362506528,-0.23319807407075724,-0.01866975581805813,-0.004673538616519549,quartal 2026,3.0885352104134745
-5.3240578459460055,0.48540568165095066,-0.23723053750816306,-0.02134296407329045,-0.005295107963285958,2026 inzwischen,3.093702730656418
-4.453270916977315,-0.18016963627843374,-0.9027619169394377,-0.44499314587639216,-0.10456285641238554,fast,4.1191112064265045
-5.313012384075698,0.47745800543079353,-0.247088702027058,-0.027873050344619954,-0.0068137987534107325,inzwischen fast,3.1063839558048287
-5.558838225429614,0.6468863851814493,-0.017405278704039392,0.1261302469851795,0.028868235885122925,fast ...,2.8281925236938323
-5.55310221940249,0.643147657079048,-0.023016588643320846,0.12232201922917485,0.0279895325935952,Zum,2.8345708534052414
-5.55310221940249,0.643147657079048,-0.023016588643320846,0.12232201922917485,0.0279895325935952,... zu,2.8345708534052414
-5.544935110230792,0.6378032060834686,-0.030984904026382418,0.11691807046052566,0.026742293763912475,Beitrag,2.8436633578000543
-5.544935110230792,0.6378032060834686,-0.030984904026382418,0.11691807046052566,0.026742293763912475,zu beitrag,2.8436633578000543
-5.60652584828446,0.6774715064310255,0.029724373464516632,0.15820531962229217,0.03626110821364169,beitrag huk+-+e+-+barometer,2.77541826705684
-4.994584625280343,0.2400024864689403,-0.5141075522591217,-0.20193396483733436,-0.04744862654972437,e+-+auto+s hoch+e,3.4769297612404855
-5.66468478153878,0.7134606343952097,0.08836635389666732,0.1983382082649292,0.04549010321700854,achten,2.7117162651911366
-5.66468478153878,0.7134606343952097,0.08836635389666732,0.1983382082649292,0.04549010321700854,fast acht+en,2.7117162651911366
-5.668368177977591,0.7156872021158003,0.09212357070119712,0.20091794119346362,0.04608250925218259,pr…,2.7077080839265193
-5.668368177977591,0.7156872021158003,0.09212357070119712,0.20091794119346362,0.04608250925218259,acht+en pr…,2.7077080839265193
-5.670883320031008,0.7172037869833054,0.09469208199252836,0.20268208160445766,0.04648756475392131,+2156,2.7049730441214836
-5.670883320031008,0.7172037869833054,0.09469208199252836,0.20268208160445766,0.04648756475392131,pr… +2156,2.7049730441214836
-5.673783195348592,0.7189485180485331,0.0976564742309306,0.2047187133614763,0.04695512577830564,+2156 chars,2.7018215347168124
-4.257859485599126,-0.33254014647755614,-1.0266098028096848,-0.5196637493188399,-0.12216306900068405,Auto-Experte,4.352521663534969
-4.659093009510106,-0.01954169419213514,-0.7635020188666998,-0.35937844295925736,-0.08440825713781228,auto+-+experte fahr+verbot+e,3.8738941137902834
-4.874911292936414,0.14803592353168105,-0.6065235493151547,-0.2608741243893294,-0.06126582297997111,Granate,3.617993752992899
-4.659093009510106,-0.01954169419213514,-0.7635020188666998,-0.35937844295925736,-0.08440825713781228,entschärft,3.8738941137902834
-4.659093009510106,-0.01954169419213514,-0.7635020188666998,-0.35937844295925736,-0.08440825713781228,granate entschärf+t,3.8738941137902834
-4.659093009510106,-0.01954169419213514,-0.7635020188666998,-0.35937844295925736,-0.08440825713781228,entschärf+t niedrigwasser,3.8738941137902834
-4.725845148775962,0.03244482840393448,-0.7162113532485944,-0.32992154586809225,-0.07748183458702956,niedrigwasser bring+t,3.7945786262727172
-4.559803721633978,-0.09699978063133541,-0.8318775553682107,-0.4016280358624763,-0.094350277043288,Weltkriegsmunition,3.9920814101638
-4.894564463074504,0.16320138938735562,-0.5916216628571513,-0.2514168752950031,-0.05904712371997019,bring+t welt+krieg+s+munition,3.5947791461649774
-4.971398416839661,0.22226217079512578,-0.532330362983988,-0.21361030905852835,-0.05018386709363194,welt+krieg+s+munition vorschein,3.5042017049994136
-5.571896102238393,0.6553508626632716,-0.004585258756588939,0.13483933596102987,0.03087699923163477,vorschein hier,2.8136962596080153
-5.378896799301444,0.52446722838955,-0.1876576574015689,0.011603863909061984,0.0023600688236271455,thema granate,3.030964143113751
-5.389578008895988,0.5319932280925777,-0.17787904675217062,0.01812435774468807,0.003873638059613424,niedrigwasser donau,3.01878958882879
-5.488737569919927,0.6003911091581562,-0.08514153977924271,0.08031195927940438,0.018283233071463886,donau woche+n+ende,2.9065577217758265
-5.54059041630072,0.6349501228397347,-0.035213686736734376,0.11405206032387943,0.026080652885056912,woche+n+ende welt+krieg+s+munition,2.848505461413127
-5.615317108785008,0.6830081089285402,0.03850641466440333,0.16419978686321524,0.03764111869559196,Wasseroberfläche,2.7657407929283444
-5.615317108785008,0.6830081089285402,0.03850641466440333,0.16419978686321524,0.03764111869559196,welt+krieg+s+munition wasser+oberfläche,2.7657407929283444
-5.646439248182848,0.7023359974656833,0.06983115398294013,0.1856265973725557,0.042569541348975656,wasser+oberfläche ge+bring+t,2.7316179778899192
-5.666400393628013,0.7144985181440049,0.0901157077895154,0.19953920190325058,0.04576591035780135,ein mann,2.7098489733823268
-5.678456234344544,0.7217513641997282,0.10244020500153708,0.20800661468014092,0.04770981196926384,hobbymäßig,2.6967473089975367
-5.678456234344544,0.7217513641997282,0.10244020500153708,0.20800661468014092,0.04770981196926384,mann hobbymäßig,2.6967473089975367
-5.699456504630364,0.7342113867065179,0.12404037818837418,0.22287298952523704,0.05112004097271915,Sonde,2.674011078549439
-5.699456504630364,0.7342113867065179,0.12404037818837418,0.22287298952523704,0.05112004097271915,hobbymäßig sonde,2.674011078549439
-5.50010131268828,0.6080422589833712,-0.07428484640860586,0.08763327313370661,0.019976479868362082,unterwegs,2.893795087852267
-5.704614477520472,0.7372369913086465,0.12937133401076886,0.22654716574411193,0.05196232882255404,sonde unterwegs,2.6684438223690226
-5.716235659645626,0.7440021816104556,0.14141929085038418,0.23485828293054078,0.053866815485411015,fand,2.6559258233990364
-5.716235659645626,0.7440021816104556,0.14141929085038418,0.23485828293054078,0.053866815485411015,unterwegs find,2.6559258233990364
-5.723783563794105,0.7483571208082105,0.14927184951389882,0.24028084458527732,0.055108789911262016,find samstag,2.6478145278099525
-5.732414834149401,0.7532986969705082,0.15827799154184002,0.24650543214835174,0.05653386771853659,Gefechtskopf,2.638557758230062
-5.732414834149401,0.7532986969705082,0.15827799154184002,0.24650543214835174,0.05653386771853659,samstag gefecht+s+kopf,2.638557758230062
-5.73960941333736,0.7573858602876815,0.1658066250144733,0.2517132857353098,0.057725681669418175,ein…,2.6308573214708204
-5.73960941333736,0.7573858602876815,0.1658066250144733,0.2517132857353098,0.057725681669418175,gefecht+s+kopf ein…,2.6308573214708204
-5.742699634687888,0.7591323604055569,0.16904634900329096,0.2539555764809158,0.05823869028259808,ein… +547,2.627554210782212
-2.537104425400633,-1.5116643978868765,-1.4261241599945633,-0.8872842911992767,-0.18794328254062065,Gletscher,6.367643422764639
-3.388838462884082,-0.9322424087973746,-1.2599661164434421,-0.7373083212203637,-0.1622973196691291,gletscher niedrigwasser,5.3688623720075865
-5.435010588070519,0.5636764486971488,-0.13583055693574905,0.04624302980696937,0.01039493282260838,niedrigwasser sommer,2.967183319905522
0.5288140306276574,-3.016265390068806,-1.1004743052862729,-1.1398943682211242,-0.2256049047535519,viele,9.745094325040034
-5.536599041940054,0.6323230339550925,-0.039092366570747425,0.11142446554327878,0.025473954066774954,sommer viel+e,2.8529568958086102
-5.558915115244904,0.6469364178644441,-0.017329976689497636,0.12618136766156057,0.028880030012368815,viel+e weit+er+e,2.828107066730933
-5.29794004034585,0.4665724692500628,-0.26047320373733385,-0.036727374190715756,-0.008873767943932659,weit+er+e gletscher,3.1237112267744354
-5.608749724308064,0.6788751804893787,0.031943155694522954,0.15971929826866488,0.036609696704638664,verlieren,2.77296864421142
-5.608749724308064,0.6788751804893787,0.031943155694522954,0.15971929826866488,0.036609696704638664,gletscher verlier+en,2.77296864421142
-5.631113034296254,0.692871988855813,0.05435928191835232,0.17503469836579233,0.04013413055100161,verlier+en der,2.748394819990013
-4.586180095944425,-0.0372080542388602,-0.5686658616178765,-0.33048558474754963,-0.06686459347137594,der gletscher,3.950157798621992
-5.269219129617282,0.4470939549077584,-0.038204873961116034,0.011190313411734598,0.01252710339918188,Alpen,3.162890028041799
-5.269219129617282,0.4470939549077584,-0.038204873961116034,0.011190313411734598,0.01252710339918188,gletscher alpen,3.162890028041799
-5.283577644040523,0.4563886769225203,-0.025604811189858134,0.01958304168681857,0.014461381953868632,schmelzen,3.146838401237958
-5.283577644040523,0.4563886769225203,-0.025604811189858134,0.01958304168681857,0.014461381953868632,alpen schmelz+en,3.146838401237958
-5.311144627053936,0.4740655929345947,-0.0012289809097422166,0.03585465059388948,0.018208847950963628,schnell,3.116108221032967
-5.311144627053936,0.4740655929345947,-0.0012289809097422166,0.03585465059388948,0.018208847950963628,schmelz+en schnell,3.116108221032967
-5.33310988122979,0.4879846795368705,0.018368827389914424,0.04897036277354583,0.02122687776129635,schnell nie,3.091708225391673
-5.341450449656285,0.4932298119557301,0.025851391400054463,0.05398590127008257,0.022380365784776854,trotzdem,3.0824637876559158
-5.341450449656285,0.4932298119557301,0.025851391400054463,0.05398590127008257,0.022380365784776854,nie trotzdem,3.0824637876559158
-5.355433482248641,0.5019720925429916,0.0384467615205632,0.062438355140286006,0.02432348922445203,trotzdem fehl+t,3.0669916203705796
-5.368251096057937,0.5099279214249719,0.05004843915246729,0.07023485165426713,0.02611491946235807,fehl+t rhein,3.0528384706264884
-5.202687389137048,0.4033031929307911,-0.0957382942939807,-0.026973603836320637,0.0037200360221486817,rhein wasser,3.237647190224802
-5.429518984940754,0.5471423597049849,0.10625045230505972,0.1081508017257018,0.03481440326632289,jahr+en lage,2.9855985715988145
-5.433855700864685,0.549722545793579,0.1102756371783156,0.11087569530545399,0.03543878082449976,verschärfen,2.980866242120049
-5.433855700864685,0.549722545793579,0.1102756371783156,0.11087569530545399,0.03543878082449976,lage verschärf+en,2.980866242120049
-5.44449211253545,0.5560189589669999,0.1201744394350186,0.11758210832897259,0.036974994316194346,verschärf+en sag+t,2.96927543195729
-5.451364816824438,0.5600629339442416,0.12659055900758892,0.1219330428296172,0.0379712772273887,Gletscherforscher,2.961798221394207
-5.451364816824438,0.5600629339442416,0.12659055900758892,0.1219330428296172,0.0379712772273887,sag+t gletscher+forscher,2.961798221394207
-5.4640587138004975,0.5674806303469253,0.13848253134978927,0.1300056694836284,0.03981898019208972,Matthias,2.9480134073100874
-5.4640587138004975,0.5674806303469253,0.13848253134978927,0.1300056694836284,0.03981898019208972,gletscher+forscher matthias,2.9480134073100874
-5.0515766831586095,0.2754736823793882,-0.09237027958387006,-0.07324608888709488,-0.0020931147782197873,Huss,3.4237019281094936
-5.469938026077557,0.5708931529696601,0.14400864193140028,0.13376066009993892,0.04067809380859809,matthias hus+s,2.9416402611186014
-0.33733481231811346,-2.2842995846867518,1.2782520670125337,-0.5863391188096947,-0.06122880334262495,Herr,8.712826567469008
-5.476747887953159,0.574827219230384,0.1504238316244194,0.13812272412496307,0.041675822151263794,herr hus+s,2.9342675954295294
-5.487093262258934,0.5807649919651985,0.16019929913797204,0.1447757190326187,0.04319696981232214,hus+s gletscher,2.923086371129453
-5.492457356643177,0.5838250431665155,0.16528199443764482,0.14823780389194835,0.04398826447412883,standen,2.9172981048300284
-5.492457356643177,0.5838250431665155,0.16528199443764482,0.14823780389194835,0.04398826447412883,gletscher steh+en,2.9172981048300284
-5.496569973985378,0.5861623999351069,0.16918538975250613,0.15089795362973124,0.04459613768522856,steh+en sie,2.9128645928153616
-5.498570087215577,0.587296368857438,0.17108579835762422,0.15219349857843034,0.04489214244690644,sie zuletzt,2.910709780225337
-5.503415435492141,0.5900358748382328,0.17569516500526838,0.15533694373777485,0.045610240467388194,Ich,2.905493390187326
-5.507140867472846,0.5921348466829635,0.1792445087543205,0.1577585973791355,0.046163340717611676,ich zuletzt,2.901486283476146
-5.514221291169454,0.5961062856279444,0.18600309070481466,0.16237252956845233,0.04721688727714969,Rhone-Gletscher,2.8938792455017763
-5.514221291169454,0.5961062856279444,0.18600309070481466,0.16237252956845233,0.04721688727714969,zuletzt rhone-gletscher,2.8938792455017763
-5.526320968398909,0.6028382220100936,0.19759169459882506,0.17029196420889092,0.049024396496641934,gesehen,2.8809064838120038
-5.526320968398909,0.6028382220100936,0.19759169459882506,0.17029196420889092,0.049024396496641934,was ge+seh+en,2.8809064838120038
-5.532941529141986,0.6064919264455797,0.2039534051621248,0.17464381651371574,0.05001720791937679,ge+seh+en schon,2.873822760470572
-3.277307623483443,-0.6842192252208843,0.9497560750565157,-0.30506646494231743,-0.02449863574905331,außergewöhnlich,5.410440323155653
-5.536779227608898,0.6086000472444488,0.20764779274576475,0.17717245860972541,0.05059393527822682,schon außergewöhnlich,2.869721363919402
-4.7287049138597,0.0681321162436177,-0.4681669695614685,-0.26756090133559784,-0.05216523494463027,enden,3.783227800636348
-5.545599828843159,0.6134177524155395,0.21615774582942898,0.18300111921459683,0.05192291453383359,der end+en,2.860308131526789
-5.547453714983353,0.6144253790050824,0.21794966231409674,0.18422915103865112,0.05220284203661234,wollenden,2.85833209376875
-5.547453714983353,0.6144253790050824,0.21794966231409674,0.18422915103865112,0.05220284203661234,end+en woll+end+en,2.85833209376875
-5.550464320750651,0.6160580149161881,0.2208620908953318,0.18622561446872254,0.052657877473088324,woll+end+en hitze+welle+n,2.85512491583452
-5.553952778781602,0.6179440391201934,0.2242405938953572,0.18854238524954858,0.05318583265737896,dieses…,2.851411478146694
-5.553952778781602,0.6179440391201934,0.2242405938953572,0.18854238524954858,0.05318583265737896,hitze+welle+n dieses…,2.851411478146694
-5.814736669225807,0.798214453969877,0.24558844414836203,0.30715017651439713,0.0703838788761214,+8093,2.551342271565339
-5.814736669225807,0.798214453969877,0.24558844414836203,0.30715017651439713,0.0703838788761214,dieses… +8093,2.551342271565339
-5.8155908679482495,0.7986580729766624,0.2465077269086065,0.3077915942748193,0.07053002365880916,+8093 char+s,2.5504480785003536
-5.197180145815822,0.3996284210608274,-0.10043866392642231,-0.03008000293753127,0.0030023736709191007,niedrigwasser aktuell,3.243861831888712
-5.288116011780085,0.45931424643113883,-0.021608559989021184,0.02224748238692309,0.015075263506839812,fließt,3.14177127526597
-5.288116011780085,0.45931424643113883,-0.021608559989021184,0.02224748238692309,0.015075263506839812,aktuell fließ+t,3.14177127526597
-5.365495014907162,0.508221984688263,0.04754927630996381,0.06855449631209787,0.02572889115513287,maximale,3.0558793063673564
-5.365495014907162,0.508221984688263,0.04754927630996381,0.06855449631209787,0.02572889115513287,fließ+t maximal+e,3.0558793063673564
-5.408546513869666,0.5345609764996866,0.08687256652773535,0.09505020974388795,0.03181099077540549,Wassermenge,3.008536068157885
-5.408546513869666,0.5345609764996866,0.08687256652773535,0.09505020974388795,0.03181099077540549,maximal+e wasser+menge,3.008536068157885
-5.472460328111968,0.5723526283765739,0.1463829546085425,0.1353747259471289,0.04104731171719396,Gletschern,2.938908346095293
-5.472460328111968,0.5723526283765739,0.1463829546085425,0.1353747259471289,0.04104731171719396,wasser+menge gletscher+n,2.938908346095293
-5.504827684665283,0.590832314887169,0.17704011457070684,0.15625446496565576,0.045819811495061744,gletscher+n der,2.9039739923392878
-5.692164029807499,0.6871878264710689,0.36136962649162374,0.28331516346638963,0.07470110989726704,+8091,2.7069214439146148
-5.692164029807499,0.6871878264710689,0.36136962649162374,0.28331516346638963,0.07470110989726704,dieses… +8091,2.7069214439146148
-5.693036346193821,0.6875875900207751,0.36225523963101425,0.28393191439492593,0.07484057677774254,+8091 chars,2.706027250849629
-5.247334465884105,0.42970550247084116,-0.3048470077193529,-0.0659860447648778,-0.01568669261457316,ADAC,3.1820702382392696
-5.520689180890242,0.6217950562929888,-0.05449404688866831,0.10100141087117404,0.023066405579225166,adac warn+t,2.8707296103892546
-5.490142654082701,0.6013394054407466,-0.08380172856162355,0.08121501006095039,0.018492124879383606,warn+t woche+n+ende,2.90497848715479
-5.418000376669333,0.5518784557453245,-0.15166048672865043,0.035641985120355435,0.00793744462552863,Stau,2.9864702641663246
-5.418000376669333,0.5518784557453245,-0.15166048672865043,0.035641985120355435,0.00793744462552863,woche+n+ende stau,2.9864702641663246
-5.334594329994526,0.49296306594292694,-0.2277873257457199,-0.015080949213121475,-0.003839199403803409,stau wichtig+en,3.0816193787788735
-3.3611663469949873,-1.0196434221128392,-1.5122960193181223,-0.7977810476344906,-0.18776592057612007,Autobahnen,5.424795707089417
-5.035890119869082,0.27149528297530967,-0.4812543323721732,-0.1808164254380064,-0.042504427204475864,wichtig+en auto+bahn+en,3.428424333260541
-5.325521326922363,0.4864567962273818,-0.23592120810434328,-0.0204751138313245,-0.005093308487772952,auto+bahn+en viel+e,3.0920235987753246
-5.36980682014879,0.518040486084562,-0.19594769105818047,0.00608150453668016,0.001077807423911628,Urlauber,3.041337002127347
-5.36980682014879,0.518040486084562,-0.19594769105818047,0.00608150453668016,0.001077807423911628,viel+e urlauber,3.041337002127347
-4.918103652120761,0.1813362382480319,-0.5736330830825952,-0.2399766305319962,-0.05636402991072112,kommen,3.5669979875782523
-5.404048325435678,0.5421433363767487,-0.1645668074203829,0.0270124529322176,0.0059359865547012475,urlauber komm+en,3.0023210710573602
-5.417126793924174,0.5512704254722733,-0.15247064191092688,0.035099932199914086,0.007811751809635545,komm+en wegen,2.9874619154234026
-5.423703650682185,0.5558429816663231,-0.14636456255817912,0.03918653212686374,0.008759277445856403,Ferienendes,2.97999889244914
-5.423703650682185,0.5558429816663231,-0.14636456255817912,0.03918653212686374,0.008759277445856403,wegen ferien+ende+s,2.97999889244914
-5.052929527803929,0.28444149475037417,-0.46755393684062097,-0.17198482223324113,-0.04043776270105075,drei,3.408445990399851
-5.414284128028655,0.5492904612724319,-0.15510501552059486,0.03333767741275839,0.0074030906762918985,ferien+ende+s drei,2.9906895423469995
-5.406368012104714,0.5437654607547213,-0.16242581798197112,0.02844313164233364,0.006267866941142328,drei bund+es+land+ern,2.9996837755897263
-3.06407464485953,-0.7724847404545065,0.045172374431724865,-0.5597863523448339,-0.09694987027764572,zurück,5.613188083543184
-5.3650674007005845,0.5146818179440054,-0.20025846440347037,0.0032119163614432455,0.00041136694331753154,bund+es+land+ern zurück,3.0467496058430292
-5.274175515557605,0.44931870562511866,-0.2814190147612815,-0.05055683148559842,-0.012092871184587031,zurück werd+en,3.151082720308108
-5.199658642296308,0.3945666241059411,-0.3458697625269753,-0.09290276981751219,-0.021961936814121952,flächendeckend,3.237288144011034
-5.199658642296308,0.3945666241059411,-0.3458697625269753,-0.09290276981751219,-0.021961936814121952,werd+en flächendeckend,3.237288144011034
-4.821629714849738,0.10682212390826984,-0.6463981781842273,-0.2860904066870916,-0.06718453312810405,flächendeckend lkw+-+fahr+verbot+e,3.6810147205415586
-5.019454493175374,0.25898211145832484,-0.49438712650589545,-0.1892682397204076,-0.04448280760028418,lkw+-+fahr+verbot+e ge+locker+t,3.4477123346486147
-5.06249407034496,0.29169601336536455,-0.45982535423902837,-0.16699628047906043,-0.039270687379752145,auf viel+en,3.3972401602322537
-4.865460780522124,0.14073598593308678,-0.6136518090034716,-0.2653915475389051,-0.06232583673835532,viel+en auto+bahn+en,3.6291629820122426
-5.319707888501885,0.48227874567180007,-0.24111793417603913,-0.023918856675636757,-0.005894123491508918,auto+bahn+en fahrt,3.098695175931115
-5.35991061492101,0.5110213753901429,-0.20493987675337225,9.716057401626399e-05,-0.0003121179686770975,deshalb,3.052642165492723
-5.35991061492101,0.5110213753901429,-0.20493987675337225,9.716057401626399e-05,-0.0003121179686770975,fahrt deshalb,3.052642165492723
-5.401771260538769,0.5405496581079077,-0.16666658768066905,0.02560963925470816,0.005610546602783081,deshalb lang+er,3.004910645131213
-5.431160059254153,0.5610127705038304,-0.1394230483996175,0.04383558483294714,0.00983696899735538,dauern,2.9715454771018734
-5.431160059254153,0.5610127705038304,-0.1394230483996175,0.04383558483294714,0.00983696899735538,lang+er dauer+n,2.9715454771018734
-5.471316421272453,0.5885817490870637,-0.10169313720719783,0.06916673940776186,0.015704283448355352,Reisewellen,2.926165284366487
-5.471316421272453,0.5885817490870637,-0.10169313720719783,0.06916673940776186,0.015704283448355352,der reise+welle+n,2.926165284366487
-5.4944084075736175,0.6042144879322895,-0.0797296853041819,0.08396042338926202,0.01912712341200172,reise+welle+n wegen,2.900186059892362
-5.491209678075883,0.60205912066798,-0.0827837873949151,0.0819012033901268,0.01865084664025314,Sommerferien,2.9037794345403807
-5.491209678075883,0.60205912066798,-0.0827837873949151,0.0819012033901268,0.01865084664025314,wegen sommer+ferien,2.9037794345403807
-5.477445769945236,0.5927474930364105,-0.09588242477246631,0.07307718037737171,0.016609321043598566,sorgen,2.919260994833264
-5.477445769945236,0.5927474930364105,-0.09588242477246631,0.07307718037737171,0.016609321043598566,sommer+ferien sorg+en,2.919260994833264
-5.423377589272947,0.5556165639079651,-0.14666765085381045,0.03898362044309206,0.008712234763499652,Staugefahr,2.9803687388007303
-5.423377589272947,0.5556165639079651,-0.14666765085381045,0.03898362044309206,0.008712234763499652,sorg+en stau+gefahr,2.9803687388007303
-5.068623016605404,0.29633983668957065,-0.45485832708317475,-0.16378775665031525,-0.03852015849142584,stau+gefahr auto+bahn+en,3.390062728499298
-5.389151193569195,0.5316930359763077,-0.1782705714204913,0.01786314880322415,0.0038130144533727733,Inzwischen,3.019275781058007
-5.389151193569195,0.5316930359763077,-0.1782705714204913,0.01786314880322415,0.0038130144533727733,auto+bahn+en inzwischen,3.019275781058007
-5.470342962859858,0.5879190847257512,-0.10261472388413365,0.06854676444275137,0.015560777808882972,betrifft,2.9272623792403554
-5.470342962859858,0.5879190847257512,-0.10261472388413365,0.06854676444275137,0.015560777808882972,inzwischen betreff+t,2.9272623792403554
-5.522471059740305,0.6229785806503365,-0.052773765207134074,0.10216475553785792,0.02333519052856435,vermehrt,2.8687368154007955
-5.522471059740305,0.6229785806503365,-0.052773765207134074,0.10216475553785792,0.02333519052856435,betreff+t vermehr+t,2.8687368154007955
-5.582793820217271,0.6623642785952899,0.006162994552660991,0.1421501328672693,0.032562424937482584,Urlaub,2.801623987984959
-5.582793820217271,0.6623642785952899,0.006162994552660991,0.1421501328672693,0.032562424937482584,vermehr+t urlaub,2.801623987984959
-5.593618165640299,0.6692834778448848,0.01688314937707005,0.14945010502925965,0.03424459997181013,urlaub zurück,2.789656860033737
-5.609593665943047,0.6794073135923056,0.032785653712362875,0.16029426665042762,0.03674207251745197,Hause,2.772039310219146
-5.609593665943047,0.6794073135923056,0.032785653712362875,0.16029426665042762,0.03674207251745197,zurück haus+e,2.772039310219146
-5.616620615989591,0.6838262183916384,0.039811043893749454,0.16509077655623472,0.03784619226788065,haus+e fahr+en,2.7643073027437017
-5.630156449749499,0.6922777745296038,0.053396559903473646,0.17437619523244208,0.039982664651605784,der adac,2.749443703948375
-5.641866785577318,0.6995236883743925,0.06520590741758096,0.18245839828371302,0.04184124899783502,Auto,2.7366176298570113
-5.641866785577318,0.6995236883743925,0.06520590741758096,0.18245839828371302,0.04184124899783502,adac auto,2.7366176298570113
-5.645977876933278,0.7020526666957021,0.0693640967572228,0.1853066031448547,0.04249598927995159,Club…,2.732122235507601
-5.645977876933278,0.7020526666957021,0.0693640967572228,0.1853066031448547,0.04249598927995159,auto club…,2.732122235507601
-5.651419527854777,0.7053881236738526,0.07487795538832606,0.18908530205434282,0.04336444094681659,+4159,2.7261778945023205
-5.651419527854777,0.7053881236738526,0.07487795538832606,0.18908530205434282,0.04336444094681659,club… +4159,2.7261778945023205
-5.655820924397977,0.7080758265167748,0.07934598141994478,0.19214887983486517,0.04406837869680892,+4159 chars,2.7213749457730154
-4.874911292936414,0.14803592353168105,-0.6065235493151547,-0.2608741243893294,-0.06126582297997111,überzeugt,3.617993752992899
-4.874911292936414,0.14803592353168105,-0.6065235493151547,-0.2608741243893294,-0.06126582297997111,auto+-+experte überzeug+t,3.617993752992899
-3.5381923491196163,-0.8860422306684468,-1.425517204676508,-0.7499354324972244,-0.1764857210869282,überzeug+t fahr+verbot+e,5.213283199658311
-5.313945464478613,0.4781303768057623,-0.24625754650091472,-0.027322769747203268,-0.006685803113920544,niedrigwasser pegel+stand+e,3.105312139215007
-5.147233847730686,0.35553111113310276,-0.3901244541451503,-0.12179613325442468,-0.028705745677728878,pegel+stand+e elbe,3.298245192776686
-5.185222113978289,0.38385624238810556,-0.3581447832381164,-0.10093202146542632,-0.023835204704901206,sinken,3.2540503861759165
-5.185222113978289,0.38385624238810556,-0.3581447832381164,-0.10093202146542632,-0.023835204704901206,elbe sink+en,3.2540503861759165
-5.536599041940054,0.6323230339550925,-0.039092366570747425,0.11142446554327878,0.025473954066774954,sink+en hier,2.8529568958086102
-5.482952912422276,0.5964803973181834,-0.09064982203748492,0.0766006753609651,0.017424636474945368,sie pegel+stand+e,2.913062822105352
-5.627376868776241,0.6905488329906462,0.05060111327696216,0.17246448292740446,0.03954290481907881,der wasser+stand,2.752492640227934
-5.66110514176129,0.7112905162587813,0.08471991274632355,0.19583550111330883,0.044915287521388195,sinkt,2.7156146491389865
-5.66110514176129,0.7112905162587813,0.08471991274632355,0.19583550111330883,0.044915287521388195,elbe sink+t,2.7156146491389865
-5.6860326477340895,0.7262724944371595,0.1102137212507639,0.213352914150152,0.04893661119406108,Strombrücke,2.688531871863157
-5.700338756620345,0.7347298926819357,0.12495150160920093,0.2235008057979141,0.05126398018797111,strom+brücke magdeburg,2.673058335411365
-5.7086781046347905,0.7396107944264234,0.13357836122826264,0.2294481470461741,0.052627212830142475,magdeburg lieg+t,2.6640625898122683
-5.723783563794105,0.7483571208082105,0.14927184951389882,0.24028084458527732,0.055108789911262016,pegel+stand aktuell,2.6478145278099525
-5.732994434634434,0.7536290424429404,0.15888377724175975,0.2469243283473348,0.056629748385028975,aktuell zentimeter,2.637936879570386
-5.741684598810409,0.7585592946083972,0.16798180765986845,0.25321869919613815,0.05807011100463759,der geh+t,2.628638881302853
-5.748031211410797,0.7621327165237783,0.17464436159387842,0.25783186153245974,0.05912533953303416,Informationsportal,2.6218615953018682
-5.748031211410797,0.7621327165237783,0.17464436159387842,0.25783186153245974,0.05912533953303416,geh+t information+s+portal,2.6218615953018682
-5.756354005246752,0.7667833631557328,0.1834045620412011,0.2639022602723118,0.06051335855339231,information+s+portal elwi+s,2.612991222382206
-5.7603453680815555,0.7689992085746924,0.18761497749305284,0.2668218255539794,0.061180707132077836,elwi+s wasser+straße+n+-,2.6087442627077047
-5.767302850534433,0.772838992709644,0.19496867277023872,0.2719240235257989,0.062346611172950026,Schifffahrtsver…,2.601352233027092
-5.767302850534433,0.772838992709644,0.19496867277023872,0.2719240235257989,0.062346611172950026,wasser+straße+n+- schifffahrtsver…,2.601352233027092
-5.773243445312501,0.7760944195447161,0.20126201364161356,0.276293583603909,0.06334474765449334,+706,2.595051779864641
-5.773243445312501,0.7760944195447161,0.20126201364161356,0.276293583603909,0.06334474765449334,schifffahrtsver… +706,2.595051779864641
-5.774795003664282,0.7769411208007226,0.20290789076496485,0.2774368069339487,0.06360583968695034,+706 chars,2.5934079453424177
-5.313945464478613,0.4781303768057623,-0.24625754650091472,-0.027322769747203268,-0.006685803113920544,niedrigwasser kein+e,3.105312139215007
-4.825733825949958,0.11000136183614329,-0.6433537062280623,-0.2841697359791083,-0.06673357354199544,Flussbestattungen,3.6761562813143818
-5.008696371450572,0.2507784399570745,-0.5029400257800387,-0.19476525222399363,-0.045769839510914526,kein+e fluss+bestattung+en,3.4603465559300095
-5.133114460082913,0.3449540991191935,-0.4018934253117026,-0.1294546123040194,-0.03049455145933798,fluss+bestattung+en möglich,3.3147019289091695
-5.121233031838072,0.33603415496133215,-0.4117483414706429,-0.13585931483059685,-0.03199091417140043,Belastung,3.3285624618093403
-5.121233031838072,0.33603415496133215,-0.4117483414706429,-0.13585931483059685,-0.03199091417140043,möglich belastung,3.3285624618093403
-4.6759902249569905,-0.0063733190993993105,-0.7516339207491591,-0.35200387530782906,-0.08267379075834733,Angehörige,3.8538048216309284
-5.018609021911197,0.25833775871158693,-0.49506052819464175,-0.18970125025505755,-0.044584180996549094,belastung angehörig+e,3.448704991087982
-5.536599041940054,0.6323230339550925,-0.039092366570747425,0.11142446554327878,0.025473954066774954,angehörig+e hier,2.8529568958086102
-5.482952912422276,0.5964803973181834,-0.09064982203748492,0.0766006753609651,0.017424636474945368,sie kein+e,2.913062822105352
-5.536599041940054,0.6323230339550925,-0.039092366570747425,0.11142446554327878,0.025473954066774954,rhein angehörig+e,2.8529568958086102
-5.586411352534004,0.6646819678659461,0.009740793407181293,0.1445855428217197,0.03312371489867959,Verstorbenen,2.7976218621286675
-5.586411352534004,0.6646819678659461,0.009740793407181293,0.1445855428217197,0.03312371489867959,angehörig+e versterb+en+en,2.7976218621286675
-5.625458289601209,0.6893534492605733,0.04867329098115034,0.17114643654245343,0.039239677122513375,Belastungsprobe,2.75459814039265
-5.625458289601209,0.6893534492605733,0.04867329098115034,0.17114643654245343,0.039239677122513375,versterb+en+en belastung+s+probe,2.75459814039265
-5.488282301340352,0.6000837112650514,-0.08557550306378595,0.08001949018839877,0.01821557748221557,Denn,2.907069488761257
-5.671413367849004,0.7175230020570769,0.09523368370279084,0.20305413225289537,0.04657298331094718,denn niedrig+en,2.7043968495286954
-5.706264375634668,0.7382018479929087,0.13107869847991777,0.22772433684561155,0.05223214421534374,pegel+stand+en rheinland-pfalz,2.6666644544747737
-5.718368449375605,0.7452358906072123,0.14363597423601687,0.23638856102182226,0.05421735616305361,erlaubten,2.6536323005579376
-5.718368449375605,0.7452358906072123,0.14363597423601687,0.23638856102182226,0.05421735616305361,rheinland-pfalz erlaub+t+en,2.6536323005579376
-5.725079316442555,0.7491015983924931,0.1506220765458366,0.2412136837352219,0.05532239759185843,erlaub+t+en fluss+bestattung+en,2.64642358931423
-5.735825027984541,0.7552396365208571,0.16184408047132032,0.24897173241335324,0.05709833475290392,fluss+bestattung+en zurzeit,2.634906016981932
-5.740133965632322,0.757682705621435,0.16635629995748183,0.2520936761707816,0.057812716207908274,ni…,2.63029644539848
-5.740133965632322,0.757682705621435,0.16635629995748183,0.2520936761707816,0.057812716207908274,zurzeit ni…,2.63029644539848
-5.742699634687888,0.7591323604055569,0.16904634900329096,0.2539555764809158,0.05823869028259808,+4709,2.627554210782212
-5.742699634687888,0.7591323604055569,0.16904634900329096,0.2539555764809158,0.05823869028259808,ni… +4709,2.627554210782212
-5.7456587914450665,0.7607996564474764,0.17215205594888494,0.25610581433854096,0.058730559850292144,+4709 chars,2.6243936859657393
-5.409201156998703,0.5457447324772287,-0.1598083129189962,0.03019269180398465,0.006673686540081228,rhein sorg+t,2.9964637517634785
-5.519348305726781,0.6209037235543922,-0.05578779223967989,0.1001266537386235,0.022864285467294312,sorg+t problem+e,2.8722295760058993
-5.577911708113124,0.6592281091597092,0.0013423176248680696,0.13887015296296285,0.031806353913707106,problem+e schiff+fahrt,2.807029343835745
-5.608749724308064,0.6788751804893787,0.031943155694522954,0.15971929826866488,0.036609696704638664,Dank,2.77296864421142
-5.608749724308064,0.6788751804893787,0.031943155694522954,0.15971929826866488,0.036609696704638664,schiff+fahrt dank,2.77296864421142
-5.619487859161412,0.685623174522074,0.0426830183708449,0.1670526071788212,0.038297693647014866,aktueller,2.761155444607598
-5.619487859161412,0.685623174522074,0.0426830183708449,0.1670526071788212,0.038297693647014866,dank aktuell+er,2.761155444607598
-5.638208088987814,0.6972664929387555,0.06151068938593423,0.17992835173872412,0.041259544169029674,Regenfälle,2.7406215885463894
-5.638208088987814,0.6972664929387555,0.06151068938593423,0.17992835173872412,0.041259544169029674,aktuell+er regen+fall+e,2.7406215885463894
-5.65549977251654,0.7078800244769052,0.07901971901981729,0.19192512408999918,0.04401696974830231,regen+fall+e könn+ten,2.7217252438363033
-5.342589030167968,0.4986812524289823,-0.22059643610057564,-0.010308050122224688,-0.0027297983402491816,könn+ten rhein,3.0724599641435453
-5.678456234344544,0.7217513641997282,0.10244020500153708,0.20800661468014092,0.04770981196926384,rhein bald,2.6967473089975367
-5.6910712319448304,0.7292631576536,0.11539546578451004,0.2169191020103196,0.0497546842759377,Frachtschiffe,2.6830762257903373
-5.6910712319448304,0.7292631576536,0.11539546578451004,0.2169191020103196,0.0497546842759377,bald fracht+schiff+e,2.6830762257903373
-5.70707696440704,0.738676518926914,0.13191996998664599,0.22830444222256652,0.05236510003583668,leichter,2.6657883601655707
-5.70707696440704,0.738676518926914,0.13191996998664599,0.22830444222256652,0.05236510003583668,fracht+schiff+e leicht+er,2.6657883601655707
-5.7140430893073795,0.7427313274755496,0.1391422755445795,0.23328672044256615,0.05350677835206914,Ladung,2.658284886398466
-5.7140430893073795,0.7427313274755496,0.1391422755445795,0.23328672044256615,0.05350677835206914,leicht+er ladung,2.658284886398466
-5.559608238407917,0.6473873365083138,-0.016651066735268685,0.12664228132809224,0.02898636645774054,befahren,2.827336766658465
-5.719066564662592,0.7456391778182996,0.14436192509838353,0.23688979446026392,0.05433216541318307,ladung befahr+en,2.6528818355528894
-5.524604063134676,0.6243938738419919,-0.050712945525643566,0.10355867216791109,0.0236572242096504,sagen,2.8663520841827426
-5.7257189450164185,0.7494687571659291,0.15128883037795482,0.24167437583302986,0.05542788467689623,befahr+en sag+en,2.645737140198453
-5.729446040579626,0.7516036746328814,0.15517707045215984,0.24436157923896717,0.05604311855978465,Schifffahrtskonzerne,2.6417394198854374
-5.729446040579626,0.7516036746328814,0.15517707045215984,0.24436157923896717,0.05604311855978465,sag+en schiff+fahrt+s+konzern+e,2.6417394198854374
-5.091897564312984,0.3139386478783903,-0.4358917950955953,-0.15151828914433052,-0.0356509181342554,Für,3.362830371015083
-5.7456587914450665,0.7607996564474764,0.17215205594888494,0.25610581433854096,0.058730559850292144,Aufatmen,2.6243936859657393
-5.7456587914450665,0.7607996564474764,0.17215205594888494,0.25610581433854096,0.058730559850292144,für auf+atm+en,2.6243936859657393
-5.749871397193566,0.7631644679387926,0.17657900382469185,0.25917200444937616,0.0594318212796429,auf+atm+en sei,2.619898649756339
-5.756354005246752,0.7667833631557328,0.1834045620412011,0.2639022602723118,0.06051335855339231,früh,2.612991222382206
-5.756354005246752,0.7667833631557328,0.1834045620412011,0.2639022602723118,0.06051335855339231,sei früh,2.612991222382206
-5.7603453680815555,0.7689992085746924,0.18761497749305284,0.2668218255539794,0.061180707132077836,derzeitigen,2.6087442627077047
-5.7603453680815555,0.7689992085746924,0.18761497749305284,0.2668218255539794,0.061180707132077836,der derzeitig+en,2.6087442627077047
-5.7648282232713655,0.7714765945312434,0.19235102889149663,0.2701073870309594,0.06193154196153726,Regenschauer,2.6039798099402183
-5.7648282232713655,0.7714765945312434,0.19235102889149663,0.2701073870309594,0.06193154196153726,derzeitig+en regen+schauer,2.6039798099402183
-5.769347988756248,0.7739621438292443,0.19713374834658592,0.27342694865321715,0.06268996041868323,erleichtern,2.599182039454294
-5.769347988756248,0.7739621438292443,0.19713374834658592,0.27342694865321715,0.06268996041868323,regen+schauer erleichter+n,2.599182039454294
-5.774179210440236,0.7766052528715155,0.2022545552018315,0.276982978065766,0.06350219586555937,Schiffen,2.5940602765717964
-5.774179210440236,0.7766052528715155,0.2022545552018315,0.276982978065766,0.06350219586555937,erleichter+n schiff+en,2.5940602765717964
-5.778360917910181,0.7788814632227383,0.2066940092726765,0.28006737218838507,0.06420652912415835,schiff+en rhein,2.589632660020035
-5.780899420067518,0.7802579608562394,0.20939218419410904,0.28194266729806994,0.06463467992170212,rhein befahr+en,2.5869474193025215
-5.784637627263711,0.7822776879246489,0.21336993456935938,0.2847082453253126,0.06526598138824631,Bundesverband,2.582996641665139
-5.784637627263711,0.7822776879246489,0.21336993456935938,0.2847082453253126,0.06526598138824631,der bund+es+verband,2.582996641665139
-0.06089322017243859,-2.427667224300371,1.2879270008285386,-0.6065643538165262,-0.06494669228252678,Deutschen,9.020884642273751
-5.789105206725644,0.784679983774754,0.21813067689137408,0.2880196927190122,0.06602171460399474,bund+es+verband deutsch+en,2.5782805494912178
-5.791439049685849,0.7859299127573585,0.22062064377573862,0.28975229277372094,0.06641704978892489,deutsch+en binnenschifffahrt,2.5758192963562303
-5.795612856035827,0.7881566094809773,0.2250787485634701,0.2928554930098559,0.06712498999209614,BDB,2.5714217872067193
-5.795612856035827,0.7881566094809773,0.2250787485634701,0.2928554930098559,0.06712498999209614,binnenschifffahrt bdb,2.5714217872067193
-5.796658786627146,0.7887128570944657,0.2261969447800846,0.29363407029185573,0.06730258216333239,bdb warn+t,2.5703206372778973
-5.797886952802102,0.7893651224922544,0.22751049022790215,0.29454877930163925,0.06751121216672833,zugleich,2.56902806181576
-5.797886952802102,0.7893651224922544,0.22751049022790215,0.29454877930163925,0.06751121216672833,warn+t zugleich,2.56902806181576
-5.800452238554199,0.7907243746244141,0.2302559286745222,0.2964610084221392,0.06794731252105803,überzogenen,2.5663297501435203
-5.800452238554199,0.7907243746244141,0.2302559286745222,0.2964610084221392,0.06794731252105803,zugleich überzogen+en,2.5663297501435203
-5.802711316060517,0.791917843473414,0.23267569178433978,0.2981468471837333,0.0683317291975624,überzogen+en erwartung+en,2.56395521920323
-5.807617621513854,0.7944983608856946,0.23793754142441312,0.3018141987840628,0.06916781080590041,sinke,2.5588036667064697
-5.807617621513854,0.7944983608856946,0.23793754142441312,0.3018141987840628,0.06916781080590041,rheinpegel sink+e,2.5588036667064697
-5.809257729648775,0.7953574633701816,0.23969850584584662,0.30304197981553094,0.06944766667798187,+1087,2.5570832640392913
-5.809257729648775,0.7953574633701816,0.23969850584584662,0.30304197981553094,0.06944766667798187,sink+e +1087,2.5570832640392913
-5.810215771036635,0.7958584713730725,0.24072760734865287,0.303759593320409,0.06961122445064181,+1087 chars,2.5560787131490725
-4.4640722473649035,-0.17173752236768913,-0.8956875108907554,-0.44068540869047423,-0.1035480481012202,Weltweiter,4.106223089871801
-4.831815762636292,0.11471136919513447,-0.6388338615903933,-0.2813168811535495,-0.06606378691780126,elektromobilität weltweit+er,3.6689577219729244
-4.420671932140456,-0.20561474285018644,-0.9239629813265622,-0.45787575650869955,-0.10759811122460054,Absatz,4.158018438431942
-4.686625888081714,0.0019124830116354907,-0.744128302788363,-0.3473338241861995,-0.08157556027579799,weltweit+er absatz,3.841163950152371
-4.826820178924553,0.11084278029532513,-0.6425470926438589,-0.283660737952518,-0.06661406838918783,E-Lkw,3.674870369814194
-4.826820178924553,0.11084278029532513,-0.6425470926438589,-0.283660737952518,-0.06661406838918783,absatz e+-+lkw,3.674870369814194
-4.899157466664565,0.16674247288298472,-0.5881237539138502,-0.24919435953058378,-0.058525803401169384,-Bussen,3.5893563791385006
-5.251811900874117,0.4329861360687626,-0.3009557050962103,-0.0634261772965119,-0.01509027202122952,e+-+lkw -buss+en,3.176895943457951
-4.7364542760873505,0.04069742632990847,-0.7085939847780133,-0.32515898161197637,-0.07636241805543663,2025,3.7819849351755144
-5.290063542205179,0.46086592656394987,-0.26743674923773364,-0.04132870326399968,-0.009944602757598939,-buss+en 2025,3.132776328630802
-5.303629445291971,0.47068684143186856,-0.25543006466564744,-0.03339273174820662,-0.008097860770142698,2025 fast,3.1171675986713074
-4.682061129012338,-0.0016434507394635922,-0.7473530360004638,-0.3493408674651579,-0.0820475317525946,verdoppelt,3.84658894694342
-4.998130947807391,0.24271207438089837,-0.5113066036624754,-0.20013689787551167,-0.04702774747331549,fast verdoppel+t,3.4727612481058703
-5.536599041940054,0.6323230339550925,-0.039092366570747425,0.11142446554327878,0.025473954066774954,verdoppel+t hier,2.8529568958086102
-5.499673934701384,0.6077552683892631,-0.07469401681221155,0.08735718984221547,0.01991264095943031,sie weltweit+er,2.8942746789334444
0.4929709943931666,-2.6290593259712725,0.5587162958474947,-0.831139298639646,-0.12186995076473849,weltweiten,9.581599200434178
-5.484971835957375,0.597846494719191,-0.08872875487987722,0.07789477104253745,0.01772404248947089,der weltweit+en,2.910791821392586
-5.312025359589949,0.47674656740920174,-0.247967582997172,-0.0284548722473858,-0.006949134478282548,Verkäufe,3.1075178473253913
-5.5014992820511965,0.6089805962943073,-0.07294596353700014,0.08853675484301238,0.020185385549565713,weltweit+en verkauf+e,2.892226546522506
-5.329423380906356,0.48925713552074157,-0.23242654219612816,-0.018158152360522817,-0.004554590471110481,Elektro-Lkw,3.087547809608374
-5.518696272553317,0.620470067582346,-0.05641666617382833,0.09970148871969542,0.022766043782413772,verkauf+e elektro-lkw,2.872959086772589
-5.537128061734817,0.6326715599141912,-0.03857862501342203,0.11177243500144862,0.02555430388824788,elektro-lkw -bussen,2.8523667295126214
-5.5559831368561685,0.6450269827158899,-0.020199840376987285,0.12423337761896586,0.02843058081487175,-bussen 2025,2.831366537245006
-5.560496071132858,0.6479646597531539,-0.01578117686638532,0.12723290035760787,0.029122622664358847,2025 nahezu,2.8263502127216467
-5.5665415118552275,0.6518877916673147,-0.009850052793851122,0.13126134218971752,0.030051857838299514,nahezu verdoppel+t,2.8196366389721597
-5.579296445364569,0.660118597906997,0.0027087183727237327,0.13979967956756878,0.03202063532612885,mit rund,2.805495707655922
-5.5873157645434794,0.6652605860880134,0.010636042090820988,0.1451950833340429,0.03326418278171926,halben,2.79662171600673
-5.5873157645434794,0.6652605860880134,0.010636042090820988,0.1451950833340429,0.03326418278171926,rund halb+en,2.79662171600673
-5.369362050425912,0.5177255190657999,-0.19635257112648533,0.005811926143487078,0.0010152038515264528,Million,3.0418448220683287
-5.592139550200626,0.6683411146009752,0.015416161716409846,0.1484506599489191,0.034014336914270846,halb+en million,2.791290158965264
-5.597410054149334,0.6716960513541996,0.02064898873153325,0.15201644531698533,0.034835795890986274,verkaufter,2.7854703641714043
-5.597410054149334,0.6716960513541996,0.02064898873153325,0.15201644531698533,0.034835795890986274,million verkauf+t+er,2.7854703641714043
-5.604270703228941,0.6760459627364654,0.027476302803616057,0.15667171698311672,0.03590796747985968,Fahrzeuge,2.777903408353404
-5.604270703228941,0.6760459627364654,0.027476302803616057,0.15667171698311672,0.03590796747985968,verkauf+t+er fahrzeug+e,2.777903408353404
-5.6101547958291285,0.6797609568843097,0.033345972817655,0.16067668839506027,0.03683011537362306,legte,2.771421488089447
-5.6101547958291285,0.6797609568843097,0.033345972817655,0.16067668839506027,0.03683011537362306,fahrzeug+e leg+te,2.771421488089447
-5.615734175446235,0.6832699488133924,0.03892377036677813,0.16448480445431513,0.037706720690976844,leg+te absatz,2.7652820971585843
-4.6516482548223195,-0.02534515318755748,-0.7687092051750827,-0.3626102508204983,-0.0851684514488145,Vergleich,3.882747663987541
-5.6210352764889375,0.686591485658113,0.04423428231409113,0.16811251374438563,0.03854160010008807,absatz vergleich,2.759455169666189
-5.628033046377995,0.6909572949252532,0.05126077225299548,0.17291555105652479,0.03964667094487613,Vorjahr,2.7517727207251896
-5.628033046377995,0.6909572949252532,0.05126077225299548,0.17291555105652479,0.03964667094487613,vergleich vorjahr,2.7517727207251896
-5.634585685971687,0.6950256983829193,0.057857130010301384,0.1774277907302909,0.04068452447780278,vorjahr prozent,2.744588820259383
-5.780899420067518,0.7802579608562394,0.20939218419410904,0.28194266729806994,0.06463467992170212,+2224,2.5869474193025215
-5.780899420067518,0.7802579608562394,0.20939218419410904,0.28194266729806994,0.06463467992170212,prozent +2224,2.5869474193025215
-5.782531657020621,0.7811409208382876,0.21112836876592705,0.2831496312583802,0.06491021115193372,+2224 char+s,2.5852218497331885
-4.730604701364555,0.036147556202167586,-0.7127974729082974,-0.32778771135867046,-0.07698027194922501,Verbraucherzentralen,3.788928304933979
-5.355480432144715,0.5078717638891739,-0.2089542088793571,-0.002572462967819822,-0.000932296530750179,elektromobilität verbraucher+zentrale+n,3.057707174867378
-5.0256772657394855,0.2637226678610094,-0.48942429509700214,-0.1860759346465494,-0.04373549341617233,Kaufanreize,3.4404076207243435
-5.211748999652797,0.4035121382783631,-0.33553739729173093,-0.0861353249045092,-0.020383536097132296,verbraucher+zentrale+n kauf+anreiz+e,3.223264653235151
-5.294390403123131,0.4640022514374411,-0.26361402790793476,-0.038803198724836396,-0.00935683215798444,günstige,3.1277956649141965
-5.294390403123131,0.4640022514374411,-0.26361402790793476,-0.038803198724836396,-0.00935683215798444,kauf+anreiz+e günstig+e,3.1277956649141965
-5.289463781559835,0.4604309030400573,-0.2679661260442745,-0.04167835295529593,-0.010025983414051781,günstig+e e+-+auto+s,3.1334668790382714
-5.536599041940054,0.6323230339550925,-0.039092366570747425,0.11142446554327878,0.025473954066774954,e+-+auto+s hier,2.8529568958086102
-5.499673934701384,0.6077552683892631,-0.07469401681221155,0.08735718984221547,0.01991264095943031,sie verbraucher+zentrale+n,2.8942746789334444
-5.663789706058354,0.7129185820051751,0.087454118484406,0.19771201313569542,0.04534628925766131,der verbraucher+zentrale+n,2.7126907550611103
-5.6880831990749545,0.7274911620633102,0.11232137007958087,0.2148032116713977,0.04926932935724969,verbraucher+zentrale+n forder+n,2.686310821492012
-5.700338756620345,0.7347298926819357,0.12495150160920093,0.2235008057979141,0.05126398018797111,stärkere,2.673058335411365
-5.700338756620345,0.7347298926819357,0.12495150160920093,0.2235008057979141,0.05126398018797111,forder+n stark+er+e,2.673058335411365
-5.707881496258084,0.7391461385653866,0.1327531472821864,0.22887901601971605,0.052496782740428,Ausrichtung,2.664921121477772
-5.707881496258084,0.7391461385653866,0.1327531472821864,0.22887901601971605,0.052496782740428,stark+er+e ausrichtung,2.664921121477772
-5.719758433369414,0.74603859475318,0.14508156281896206,0.23738670614039903,0.05444598072503658,staatlichen,2.652138213441566
-5.719758433369414,0.74603859475318,0.14508156281896206,0.23738670614039903,0.05444598072503658,ausrichtung staatlich+en,2.652138213441566
-5.727605766113015,0.7505505100211569,0.15325657153653455,0.24303416739344896,0.055739223050209966,staatlich+en kauf+anreiz+e,2.643712847343829
-4.936343108054361,0.19536442450443703,-0.5595882570278786,-0.2310262836285788,-0.05426553771952819,Elektroautos,3.5454902153013665
-5.7369268880333735,0.7558653676893043,0.16299725341162108,0.24976945891143154,0.057280890529571624,kauf+anreiz+e elektroauto+s,2.6337267931279187
-5.7456587914450665,0.7607996564474764,0.17215205594888494,0.25610581433854096,0.058730559850292144,günstigere,2.6243936859657393
-5.7456587914450665,0.7607996564474764,0.17215205594888494,0.25610581433854096,0.058730559850292144,elektroauto+s günstig+er+e,2.6243936859657393
-5.750773033217165,0.7636692761005017,0.17752738813529068,0.2598290558246532,0.05958207356805666,Wagen,2.618937213877809
-5.750773033217165,0.7636692761005017,0.17752738813529068,0.2598290558246532,0.05958207356805666,günstig+er+e wagen,2.618937213877809
-5.755525481800182,0.7663222183394176,0.18253132196143598,0.2632969009441406,0.0603749686968653,Chefin,2.613873374320619
-5.755525481800182,0.7663222183394176,0.18253132196143598,0.2632969009441406,0.0603749686968653,der chef+in,2.613873374320619
-5.759957151061265,0.7687841012017946,0.1872051903998026,0.2665376174415075,0.06111574971723495,Bundesverbands,2.6091571392649606
-5.759957151061265,0.7687841012017946,0.1872051903998026,0.2665376174415075,0.06111574971723495,chef+in bund+es+verband+s,2.6091571392649606
-5.765900836870565,0.7720675718463934,0.19348534874144596,0.27089454133113544,0.06211139964733749,Ramona,2.6028406822011356
-5.765900836870565,0.7720675718463934,0.19348534874144596,0.27089454133113544,0.06211139964733749,bund+es+verband+s ramona,2.6028406822011356
-5.76833391346519,0.7734055496617132,0.19606000546994592,0.2726815494070759,0.06251967579883562,Pop,2.6002579701340003
-5.76833391346519,0.7734055496617132,0.19606000546994592,0.2726815494070759,0.06251967579883562,ramona pop,2.6002579701340003
-5.770014831531767,0.7743278127155353,0.19784003893850127,0.2739173050206576,0.0628019759510406,pop sag+te,2.598474685586548
-5.773243445312501,0.7760944195447161,0.20126201364161356,0.276293583603909,0.06334474765449334,sag+te deutsch+en,2.595051779864641
-5.776307111535904,0.7777648705745086,0.2045127909703821,0.27855175398232235,0.06386045231159308,Presse-Age…,2.5918065934309813
-5.776307111535904,0.7777648705745086,0.2045127909703821,0.27855175398232235,0.06386045231159308,deutsch+en presse-age…,2.5918065934309813
-5.780065565178393,0.7798062460297752,0.20850561234395826,0.2813264216571383,0.06449399085711573,+2450,2.587829262858754
-5.780065565178393,0.7798062460297752,0.20850561234395826,0.2813264216571383,0.06449399085711573,presse-age… +2450,2.587829262858754
-5.781721356324262,0.780702795607781,0.21026633963773902,0.2825503373785343,0.06477340476214659,+2450 char+s,2.586078384155263
-5.558915115244904,0.6469364178644441,-0.017329976689497636,0.12618136766156057,0.028880030012368815,E-Bussen,2.828107066730933
-5.558915115244904,0.6469364178644441,-0.017329976689497636,0.12618136766156057,0.028880030012368815,e+-+lkw e+-+bus+sen,2.828107066730933
-5.586411352534004,0.6646819678659461,0.009740793407181293,0.1445855428217197,0.03312371489867959,e+-+bus+sen fast,2.7976218621286675
-1.242586750691765,-1.7257329021902588,0.7736981153380625,-0.6413899878088509,-0.08809246260188251,Einer,7.65320411024722
-5.623504664899269,0.6881345615340406,0.04671168741488639,0.16980556778877998,0.038931172605756945,verdoppel+t ein,2.7567429368894953
-5.634721027585726,0.6951095264135994,0.05799354620109376,0.17752113919214307,0.040705992219822115,Untersuchung,2.7444405417473754
-5.634721027585726,0.6951095264135994,0.05799354620109376,0.17752113919214307,0.040705992219822115,ein untersuchung,2.7444405417473754
-5.65549977251654,0.7078800244769052,0.07901971901981729,0.19192512408999918,0.04401696974830231,untersuchung zufolge,2.7217252438363033
-5.666400393628013,0.7144985181440049,0.0901157077895154,0.19953920190325058,0.04576591035780135,zufolge werd+en,2.7098489733823268
-5.678456234344544,0.7217513641997282,0.10244020500153708,0.20800661468014092,0.04770981196926384,werd+en jahr,2.6967473089975367
-5.683933076013954,0.7250224892292356,0.10805734307290599,0.2118694141983657,0.04859624177179993,jahr 2025,2.6908071048969973
-5.689090688588847,0.7280891429922685,0.11335749860834429,0.2155163001593413,0.04943290951569822,2025 rund,2.6852199467567224
-5.6985648387519925,0.7336869358539866,0.12311983333520872,0.22223874160693735,0.05097462080755376,halbe,2.6749741902048263
-5.6985648387519925,0.7336869358539866,0.12311983333520872,0.22223874160693735,0.05097462080755376,rund halb+e,2.6749741902048263
-5.703776884967462,0.7367466194565926,0.12850496366741082,0.22594991184022883,0.05182542580429621,halb+e million,2.6693474115072413
-5.558915115244904,0.6469364178644441,-0.017329976689497636,0.12618136766156057,0.028880030012368815,E-Busse,2.828107066730933
-5.558915115244904,0.6469364178644441,-0.017329976689497636,0.12618136766156057,0.028880030012368815,million e-busse,2.828107066730933
-5.523867617328751,0.6239054051773911,-0.051424660139038264,0.1030772411495261,0.0235460031271819,-Lkw,2.867175349563107
-5.523867617328751,0.6239054051773911,-0.051424660139038264,0.1030772411495261,0.0235460031271819,e-busse -lkw,2.867175349563107
-5.722465281332033,0.7475987509673581,0.14789879920468868,0.23933237092185833,0.05489158758882194,verkauft,2.6492301136795784
-5.722465281332033,0.7475987509673581,0.14789879920468868,0.23933237092185833,0.05489158758882194,-lkw verkauf+t,2.6492301136795784
-5.7312416664376915,0.752629469573135,0.15705221214543136,0.24565789519155834,0.05633986713967619,der meist+en,2.6398147575254787
-5.735825027984541,0.7552396365208571,0.16184408047132032,0.24897173241335324,0.05709833475290392,meist+en verkauf+e,2.634906016981932
-5.740654648978289,0.7579772063883969,0.16690202370420282,0.25247135360914386,0.057899127631290195,entfielen,2.6297397815859958
-5.740654648978289,0.7579772063883969,0.16690202370420282,0.25247135360914386,0.057899127631290195,verkauf+e entfall+en,2.6297397815859958
-4.56049418763255,-0.09646081454840627,-0.8314099256382802,-0.4013404718029989,-0.09428258084091462,China,3.9912587741119663
-5.747563267701464,0.7618700373627463,0.17415260267137578,0.25749125859103095,0.0590474411278122,entfall+en china,2.6223609078424097
-5.80609292525242,0.7936981228908107,0.23630139317625223,0.30067364065019975,0.06890781224220714,+2365,2.5604037675586255
-5.80609292525242,0.7936981228908107,0.23630139317625223,0.30067364065019975,0.06890781224220714,prozent +2365,2.5604037675586255
-5.807114632679893,0.7942345358129765,0.23739768934333155,0.3014378470332786,0.06908202122223607,+2365 char+s,2.559331450236285
-5.401012527867616,0.5400183366007842,-0.16736583657518697,0.025142559608297366,0.005502183232639554,neuer,3.0057736692532098
-5.401012527867616,0.5400183366007842,-0.16736583657518697,0.025142559608297366,0.005502183232639554,unser neu+er,3.0057736692532098
-5.380516074546641,0.5256099791143598,-0.18617781752930948,0.012590185295286771,0.0025890502514179514,Viel,3.0291174887008285
-5.380516074546641,0.5256099791143598,-0.18617781752930948,0.012590185295286771,0.0025890502514179514,verkehr+s+minister viel,3.0291174887008285
-5.375932407089649,0.522373551620056,-0.19036438242059597,0.009800235541285396,0.0019413148168112154,Lächeln,3.03434570208489
-5.375932407089649,0.522373551620056,-0.19036438242059597,0.009800235541285396,0.0019413148168112154,viel lächel+n,3.03434570208489
-5.367378355543078,0.5163201785000584,-0.19815750716370736,0.00461030611698382,0.000736144286264187,wenige,3.044110038787975
-5.367378355543078,0.5163201785000584,-0.19815750716370736,0.00461030611698382,0.000736144286264187,lächel+n wenig+e,3.044110038787975
-3.390983400875034,-0.5806460023152549,0.7082359965541707,-0.349036059727127,-0.04113735990077304,Antworten,5.259123512934548
-5.36043801599954,0.5113960254487857,-0.2044615226962729,0.00041535672273695923,-0.000238203398048753,wenig+e antwort+en,3.052039357262651
-5.350051062780667,0.5040056474168166,-0.21386455556530373,-0.005836331636497993,-0.0016906329330305253,antwort+en bund+es+verkehr+s+minister,3.063917948709205
-5.293391193149532,0.4632782982908863,-0.2644973827762418,-0.03938688991803596,-0.009492670910059953,Auftrag,3.128945673744449
-5.293391193149532,0.4632782982908863,-0.2644973827762418,-0.03938688991803596,-0.009492670910059953,bilger auftrag,3.128945673744449
-5.280150972935127,0.4536672005106772,-0.27617035503783227,-0.047094500390505445,-0.011286751069668297,170,3.144194501120212
-5.280150972935127,0.4536672005106772,-0.27617035503783227,-0.047094500390505445,-0.011286751069668297,auftrag 170,3.144194501120212
-3.557166978025889,-0.7956364861030596,-0.895987475544011,-0.629503017202814,-0.15563287103281206,Milliarden,5.172073561115921
-5.273984234369591,0.44917939528880413,-0.2815868308017917,-0.050667498850364145,-0.012118639461872874,170 milliarde+n,3.151303283422799
-3.845053173629635,-0.6051541083035334,-0.7225972105163214,-0.5340803624173465,-0.13394652572112434,milliarde+n euro,4.841369327466446
-5.24014431646162,0.4244300238577241,-0.3110819183143708,-0.07008525263686816,-0.016641900051014055,euro schiene,3.190383681377797
-5.202314004037696,0.3965332201483287,-0.34360459448522696,-0.09141983673398604,-0.02161602800588118,auszugeben,3.2342070595340635
-5.202314004037696,0.3965332201483287,-0.34360459448522696,-0.09141983673398604,-0.02161602800588118,straße aus+zu+geb+en,3.2342070595340635
-5.17474134987336,0.37606153944639065,-0.36701404919040703,-0.10672635406656072,-0.025187433576259008,Statt,3.266231181622321
-5.159649056874077,0.3648100134420307,-0.3797237474193951,-0.11501914493789445,-0.027123276118628595,echter,3.283788159392441
-5.159649056874077,0.3648100134420307,-0.3797237474193951,-0.11501914493789445,-0.027123276118628595,statt echt+er,3.283788159392441
-5.140765322913639,0.35068862694231906,-0.3955240004932953,-0.12531113310452655,-0.029526685231539354,Reformen,3.305782541306097
-5.140765322913639,0.35068862694231906,-0.3955240004932953,-0.12531113310452655,-0.029526685231539354,echt+er reform+en,3.305782541306097
-5.084455768508862,0.30831794999118367,-0.44197418503418884,-0.15545605405283647,-0.0365716334656976,reform+en neu+e,3.3715334729961737
-5.050968205667257,0.2829527480935754,-0.4691353624931984,-0.1730050013245446,-0.040676460089039676,Infrastrukturprobleme,3.4107446317575754
-5.050968205667257,0.2829527480935754,-0.4691353624931984,-0.1730050013245446,-0.040676460089039676,neu+e infrastruktur+problem+e,3.4107446317575754
-4.0755309372593365,-0.47413427485910553,-1.1355939226075458,-0.5841746320660581,-0.13737920617722688,Stück,4.570569375956423
-4.946676620183657,0.2033022787827934,-0.5515896043535791,-0.22592186865978964,-0.05306901800577728,infrastruktur+problem+e stück,3.533312543530953
-4.946676620183657,0.2033022787827934,-0.5515896043535791,-0.22592186865978964,-0.05306901800577728,stück stück,3.533312543530953
-4.838774127049418,0.12009808191710336,-0.6336506394987748,-0.27804323640874445,-0.06529527206438505,abarbeiten,3.6607236462175625
-4.838774127049418,0.12009808191710336,-0.6336506394987748,-0.27804323640874445,-0.06529527206438505,stück ab+arbeit+en,3.6607236462175625
-4.72589825739337,0.03248614797992788,-0.7161732912989588,-0.329897760809551,-0.07747624371550163,Kaum,3.794515574276026
-4.624693388881299,-0.046364609476581276,-0.7874522563028744,-0.3742236455790869,-0.0879006119467598,glauben,3.914815021107827
-4.624693388881299,-0.046364609476581276,-0.7874522563028744,-0.3742236455790869,-0.0879006119467598,kaum glaub+en,3.914815021107827
-3.8260747632951144,-0.666483761743283,-1.2755543004498668,-0.6652941543157633,-0.15651880611688368,glaub+en deutsch+e,4.8690136930150665
-2.3838550065633823,-1.7374099616168106,-1.9317141637449984,-1.0161180622037334,-0.23908772427400088,deutsch+e verkehr+s+wende,6.588563216659956
-4.098013699599059,-0.4567148561508496,-1.1224757372504608,-0.5764706662502105,-0.13556173238653912,re…,4.543674601696403
-4.098013699599059,-0.4567148561508496,-1.1224757372504608,-0.5764706662502105,-0.13556173238653912,verkehr+s+wende re…,4.543674601696403
-4.529807533859658,-0.12041641502375633,-0.8520893744389133,-0.41403864384674255,-0.09727222780580162,Positives,4.027828533639092
-4.529807533859658,-0.12041641502375633,-0.8520893744389133,-0.41403864384674255,-0.09727222780580162,re… positiv+es,4.027828533639092
4.018412584615929,-4.471626418768118,1.2397339882520346,-0.7869697985311295,-0.07916689721021539,dabei,13.546215469518891
-4.670404364487303,-0.010725921573869757,-0.7555648858351802,-0.35444782652393536,-0.08324856660935256,positiv+es dabei,3.8604450658447216
-4.906010436105167,0.1720236365528327,-0.5828938779072563,-0.24586952383062144,-0.057745983169746454,Maut,3.5812672079723877
-4.933815887877328,0.1934220032850562,-0.5615398585723445,-0.23227093389346404,-0.054557323258029186,maut erklär+t,3.5484692882029525
-4.979238641338371,0.22826561748623964,-0.5261858915828879,-0.2096761748297006,-0.049262161290253514,erklär+t neu+e,3.4949765179594086
-5.057025994097473,0.28754970329091845,-0.4642471908852255,-0.16985100232995057,-0.039938527813989974,bilger zähl+t,3.4036458149829443
-5.053546265602549,0.28490955298300413,-0.4670564179657778,-0.17166383171278976,-0.0403626604027736,anschließend,3.40772323523672
-5.053546265602549,0.28490955298300413,-0.4670564179657778,-0.17166383171278976,-0.0403626604027736,zähl+t an+schließ+end,3.40772323523672
-5.021961060476576,0.2608920502643475,-0.4923894504806239,-0.1879834835331135,-0.04418203822068055,Abgasskandal,3.4447696667061827
-5.021961060476576,0.2608920502643475,-0.4923894504806239,-0.1879834835331135,-0.04418203822068055,an+schließ+end abgas+skandal,3.4447696667061827
-4.714776314900277,0.023831451483383503,-0.7241288477801323,-0.3348665504904475,-0.07864426602108637,abgas+skandal klima+schutz,3.8077217408703765
-4.851012416372555,0.12956674167087012,-0.624503090437538,-0.2722603806511297,-0.06393786789810646,Aber,3.6462464586825
-5.145464265184437,0.35420690048642656,-0.3916029148685354,-0.12275880600496067,-0.028930569860444635,lief,3.30030683457478
-5.145464265184437,0.35420690048642656,-0.3916029148685354,-0.12275880600496067,-0.028930569860444635,aber lauf,3.30030683457478
-5.184445476917315,0.38327918847913867,-0.35880322298224665,-0.10136239012104828,-0.0239356293595325,einige…,3.2549526668030166
-5.184445476917315,0.38327918847913867,-0.35880322298224665,-0.10136239012104828,-0.0239356293595325,lauf einige…,3.2549526668030166
-5.2120396885861116,0.40372693660404213,-0.33528838700382135,-0.08597212896814754,-0.020345478678187937,+4301,3.2229276530652275
-5.2120396885861116,0.40372693660404213,-0.33528838700382135,-0.08597212896814754,-0.020345478678187937,einige… +4301,3.2229276530652275
-5.227853856461108,0.41539221099803547,-0.32169977113922,-0.07705929838408021,-0.018267395565272557,+4301 chars,3.2046061143618743
-5.305085129327012,0.47173849963918113,-0.2541379526370463,-0.03253805050273373,-0.007899012000631978,IAA,3.1154939448429424
-5.277926394262874,0.4520490984021628,-0.27812576946751955,-0.048384651189219086,-0.011587116909755613,Transportation,3.1467584385571374
-5.277926394262874,0.4520490984021628,-0.27812576946751955,-0.048384651189219086,-0.011587116909755613,iaa transportation,3.1467584385571374
-4.291881265504523,-0.30604696320670755,-1.0055929791749947,-0.5070925950860433,-0.11919888711966269,Tesla,4.311856682130901
-5.7456587914450665,0.7607996564474764,0.17215205594888494,0.25610581433854096,0.058730559850292144,transportation tesla,2.6243936859657393
-5.742699634687888,0.7591323604055569,0.16904634900329096,0.2539555764809158,0.05823869028259808,tesla bring+t,2.627554210782212
-5.7369268880333735,0.7558653676893043,0.16299725341162108,0.24976945891143154,0.057280890529571624,bring+t elektro-lkw,2.6337267931279187
-5.3441730326151955,0.49981253000202175,-0.21916905165509873,-0.009360177072573361,-0.0025095071379620804,Semi,3.0706461290148432
-5.730049452920379,0.7519485892743227,0.15580706736786254,0.2447970783439638,0.05614281472447692,elektro-lkw semi,2.641092547608012
-5.723783563794105,0.7483571208082105,0.14927184951389882,0.24028084458527732,0.055108789911262016,semi europa,2.6478145278099525
-5.719066564662592,0.7456391778182996,0.14436192509838353,0.23688979446026392,0.05433216541318307,europa vor,2.6528818355528894
-5.709466919895429,0.7400705719363734,0.13439573971971647,0.23001192210930688,0.05275641034283639,vor china,2.6632126200429194
-5.704614477520472,0.7372369913086465,0.12937133401076886,0.22654716574411193,0.05196232882255404,boomt,2.6684438223690226
-5.704614477520472,0.7372369913086465,0.12937133401076886,0.22654716574411193,0.05196232882255404,china boom+t,2.6684438223690226
-5.69583163368199,0.7320767737436586,0.12029998861173104,0.22029626849868167,0.05052921141470747,Verkauf,2.6779276610126312
-5.69583163368199,0.7320767737436586,0.12029998861173104,0.22029626849868167,0.05052921141470747,boom+t verkauf,2.6779276610126312
-5.683933076013954,0.7250224892292356,0.10805734307290599,0.2118694141983657,0.04859624177179993,elektrischen,2.6908071048969973
-5.683933076013954,0.7250224892292356,0.10805734307290599,0.2118694141983657,0.04859624177179993,verkauf elektrisch+en,2.6908071048969973
-5.668940564590436,0.7160326118361424,0.0927078915831705,0.20131923104245364,0.04617465164000066,Bussen,2.707085519634437
-5.668940564590436,0.7160326118361424,0.0927078915831705,0.20131923104245364,0.04617465164000066,elektrisch+en bus+sen,2.707085519634437
-5.732414834149401,0.7532986969705082,0.15827799154184002,0.24650543214835174,0.05653386771853659,bus+sen lkw,2.638557758230062
-5.627376868776241,0.6905488329906462,0.05060111327696216,0.17246448292740446,0.03954290481907881,tesla detail+s,2.752492640227934
-5.601773996297336,0.6744652285892774,0.024989669498563266,0.15497579339566858,0.03551740969152185,Markteinführung,2.7806560048743294
-5.601773996297336,0.6744652285892774,0.024989669498563266,0.15497579339566858,0.03551740969152185,detail+s markt+einführung,2.7806560048743294
-5.54059041630072,0.6349501228397347,-0.035213686736734376,0.11405206032387943,0.026080652885056912,markt+einführung semi,2.848505461413127
-5.476938395520829,0.592403102981887,-0.09636394588504191,0.07275303712576253,0.01653430829476936,semi iaa,2.9198322847429057
-5.2806014273489295,0.4539947361510146,-0.27577419947284965,-0.04683308835916933,-0.011225892669355503,vorstellen,3.143675395253755
-5.2806014273489295,0.4539947361510146,-0.27577419947284965,-0.04683308835916933,-0.011225892669355503,transportation vor+stell+en,3.143675395253755
-4.341077343453634,-1.0291910864291878,-1.1934118581439348,2.201067952036018,-1.7832601304806004,Wohnungswirtschaft,4.779117811248864
-5.549013768128985,0.4747206156689141,-0.2488572307367353,1.6385082583564368,-0.9888403450079486,wohnung+s+wirtschaft wohnung+s+wirtschaft,3.0210965422581064
-5.023471330384169,-0.2220295068887035,-0.7444023685229382,2.0029901848627256,-1.4564693091992473,wohnung+s+wirtschaft warn+t,3.8116758590997546
-4.882044691609457,-0.3984701238420363,-0.8503596466930311,2.0569866387884828,-1.5396106777661998,Kostenexplosion,4.016848057859108
-4.882044691609457,-0.3984701238420363,-0.8503596466930311,2.0569866387884828,-1.5396106777661998,warn+t kosten+explosion,4.016848057859108
-3.6551699913161215,-1.7494926299438585,-1.5354504070167139,2.317118797896133,-1.9971341187374214,kosten+explosion wärme+wende,5.708233414815376
-5.211855373644309,0.021141388692595076,-0.5884994349860238,1.9116334698930613,-1.3253090176681848,wärme+wende hier,3.5336872578006853
-5.549013768128985,0.4747206156689141,-0.2488572307367353,1.6385082583564368,-0.9888403450079486,thema wohnung+s+wirtschaft,3.0210965422581064
-5.497286130876043,0.40456774895662817,-0.307697939821283,1.6955070980887952,-1.0535135409043621,sie wohnung+s+wirtschaft,3.101000647827505
-5.303334169745941,0.14244336745122155,-0.5053203666976489,1.855645386347809,-1.2502109269747776,sächsische,3.39657341415835
-5.303334169745941,0.14244336745122155,-0.5053203666976489,1.855645386347809,-1.2502109269747776,der sächsisch+e,3.39657341415835
-5.4008503679980135,0.27366281328880016,-0.410023854835307,1.7837855474375874,-1.1589192839697873,sächsisch+e wohnung+s+wirtschaft,3.2487902028478874
-5.487136142069886,0.39077618892789756,-0.31889791704826653,1.7058070630165914,-1.0654679261860611,Mieter,3.116630020438042
-5.487136142069886,0.39077618892789756,-0.31889791704826653,1.7058070630165914,-1.0654679261860611,wohnung+s+wirtschaft mieter,3.116630020438042
-5.441054438884353,0.3281693282900746,-0.36843675797906406,1.7494309680606503,-1.1170812455645838,mieter hoch+en,3.187371530091669
-5.407322324325905,0.28242532768443174,-0.4034262754235586,1.778465456092104,-1.1523679881300315,Folgekosten,3.238922375209754
-5.407322324325905,0.28242532768443174,-0.4034262754235586,1.778465456092104,-1.1523679881300315,hoch+en folge+kosten,3.238922375209754
-5.247440775150677,0.06809492280221563,-0.5567945687859325,1.8909625241745822,-1.297147493441518,folge+kosten energie+-,3.480521685000778
-4.686599703101528,-0.6339970951979943,-0.9843048404977497,2.117984262707439,-1.6389341699033386,energie+- wärme+wende,4.296022740819585
-5.211855373644309,0.021141388692595076,-0.5884994349860238,1.9116334698930613,-1.3253090176681848,bewahren,3.5336872578006853
-5.211855373644309,0.021141388692595076,-0.5884994349860238,1.9116334698930613,-1.3253090176681848,wärme+wende bewahr+en,3.5336872578006853
-3.92337861537722,-0.45505229135069714,-1.457490334974642,1.1655686350631862,-1.349576670915964,Steigende,4.825992270405788
-5.425182164702745,0.30663125532311875,-0.3850288132692269,1.7633741640981262,-1.1339298508736073,CO2-Kosten,3.211653054743581
-5.425182164702745,0.30663125532311875,-0.3850288132692269,1.7633741640981262,-1.1339298508736073,steig+end+e co2+-+kosten,3.211653054743581
-3.989653372033299,-0.33424317153136585,-1.177984652566493,1.0585173557950427,-1.2238401175565,hohe,4.709700344941121
-5.479881356444446,0.38091717550069837,-0.3268374599651491,1.7130080236974423,-1.0738768013328512,co2+-+kosten hoch+e,3.1277908464916977
-5.497286130876043,0.40456774895662817,-0.307697939821283,1.6955070980887952,-1.0535135409043621,Investitionsbedarfe,3.101000647827505
-5.497286130876043,0.40456774895662817,-0.307697939821283,1.6955070980887952,-1.0535135409043621,hoch+e investition+s+bedarf+e,3.101000647827505
-5.551069295248112,0.4775001043997533,-0.246454891153465,1.6360725280479458,-0.986129874219879,investition+s+bedarf+e neu+e,3.0179131214482093
-5.56079469890307,0.49063803360050695,-0.23501842979611223,1.6243539848609718,-0.9731474991839407,Abrechnungs-,3.002843324571633
-5.56079469890307,0.49063803360050695,-0.23501842979611223,1.6243539848609718,-0.9731474991839407,neu+e abrechnung+s+-,3.002843324571633
-5.58834730589664,0.5277155564161848,-0.2019666357813862,1.5893025889123882,-0.9348696386344599,Umlageregelungen,2.960082758894104
-5.58834730589664,0.5277155564161848,-0.2019666357813862,1.5893025889123882,-0.9348696386344599,abrechnung+s+- umlage+regelung+en,2.960082758894104
-5.61317356665837,0.5608786526323408,-0.17131141025309174,1.5551291464816275,-0.8983063787241734,+2909,2.9214785533947336
-5.61317356665837,0.5608786526323408,-0.17131141025309174,1.5551291464816275,-0.8983063787241734,umlage+regelung+en +2909,2.9214785533947336
-5.619489422644289,0.569267665965788,-0.16337286492125344,1.5460042410146697,-0.8886629537095205,+2909 chars,2.9116479518824927
-5.509136383114702,0.5681925264118848,-0.25605871386663803,1.4013903857899879,-0.8573040832746891,Energetische,2.998862075559369
-5.491968894276232,0.5535701624948695,-0.2749126673593447,1.4122369562166373,-0.8740113792947132,Sanierung,3.0210696731561137
-5.491968894276232,0.5535701624948695,-0.2749126673593447,1.4122369562166373,-0.8740113792947132,energetisch+e sanierung,3.0210696731561137
-5.4705673080608,0.5354803318393151,-0.29804953367606124,1.4246484742010683,-0.8939655935917743,bröckelt,3.04861755586582
-5.4705673080608,0.5354803318393151,-0.29804953367606124,1.4246484742010683,-0.8939655935917743,sanierung bröckel+t,3.04861755586582
-5.449110105805647,0.5175189755913516,-0.3208547921047775,1.4359217500557524,-0.9130487187246589,Rollberg,3.0760803570208126
-5.449110105805647,0.5175189755913516,-0.3208547921047775,1.4359217500557524,-0.9130487187246589,bröckel+t roll+berg,3.0760803570208126
-5.430580672642684,0.5021650977323131,-0.340245981431485,1.4447623727275505,-0.9288217216170321,roll+berg unter,3.0996665852375362
-4.9925223284042275,0.1192534775491807,-0.748825235520162,1.6083605590151544,-1.242559355993714,sanierungsbedürftigen,3.663290857927466
-4.9925223284042275,0.1192534775491807,-0.748825235520162,1.6083605590151544,-1.242559355993714,unter sanierungsbedürftig+en,3.663290857927466
-4.872724755200128,0.026760067358889694,-0.8447850916878457,1.6189462915150419,-1.2989278749953013,Häusern,3.8098905309003324
-4.872724755200128,0.026760067358889694,-0.8447850916878457,1.6189462915150419,-1.2989278749953013,sanierungsbedürftig+en haus+ern,3.8098905309003324
-4.136248634992671,-0.35657354514914097,-1.3396239098556129,1.332962088313305,-1.3884705566198052,leiden,4.606869776746731
-4.8136536328307535,-0.017237933131846184,-0.890327377817093,1.621125290541628,-1.323886145765118,haus+ern leid+en,3.8812897303626253
-4.7510723907241745,-0.0627058016820341,-0.9374114567033411,1.62144612775543,-1.3484742946550428,sowohl,3.956311755704007
-4.7510723907241745,-0.0627058016820341,-0.9374114567033411,1.62144612775543,-1.3484742946550428,leid+en sowohl,3.956311755704007
-4.673865412254495,-0.11722206361393828,-0.9939642484399736,1.619226381766668,-1.3763712998062057,Mie­te­r,4.048020695555465
-4.673865412254495,-0.11722206361393828,-0.9939642484399736,1.619226381766668,-1.3763712998062057,sowohl mie­te­r,4.048020695555465
-4.539997757915145,-0.20787867567746643,-1.088359891844794,1.6091944762880848,-1.4189647650135182,in­nen,4.204973644963324
-4.539997757915145,-0.20787867567746643,-1.088359891844794,1.6091944762880848,-1.4189647650135182,mie­te­r in­n+en,4.204973644963324
-3.5909598231745674,-0.7786630415712046,-1.6582608293925096,1.4108061622734946,-1.5863160534349188,in­n+en klima,5.279023722370565
-4.053777142600968,-0.6330989459365308,-1.4009060867034808,1.7051474712894394,-1.6270191361194872,Initiative,4.826749792016155
-4.053777142600968,-0.6330989459365308,-1.4009060867034808,1.7051474712894394,-1.6270191361194872,der initiative,4.826749792016155
-3.8790427142010877,-0.9347263403134449,-1.4927731836461202,1.887780707828383,-1.768438013178822,Soziale,5.125584226045865
-3.8790427142010877,-0.9347263403134449,-1.4927731836461202,1.887780707828383,-1.768438013178822,initiative sozial+e,5.125584226045865
-3.064185769699866,-1.7911530637044462,-1.8620392269444779,2.0992784843020127,-2.0413632998549933,sozial+e wärme+wende,6.235927355294114
-4.4722380443601075,-0.4395850314881433,-1.138328197276609,1.8312470283726359,-1.5659845834488912,beiden,4.381231587897272
-4.4722380443601075,-0.4395850314881433,-1.138328197276609,1.8312470283726359,-1.5659845834488912,wärme+wende beide+n,4.381231587897272
-4.5942989311258975,-0.3199982928185068,-1.0560069521475461,1.800609446336402,-1.5080050945334484,beide+n helf+en,4.219211344589894
-5.599350473718381,0.6729283385518696,0.02257817731739859,0.15333154189406506,0.03513871194603256,Norditalien,2.783329173746018
-5.183885737276632,0.3828632385242552,-0.35927765424161195,-0.10167246679673547,-0.02400798548968816,droht,3.2556029936083135
-5.565573066902061,0.6512602693767537,-0.010801107276586383,0.13061521155010597,0.029902830954403478,norditalien droh+t,2.8207116344040215
-5.532485811228163,0.6296097634941669,-0.043083247073553946,0.108721997025223,0.02484986988948555,Oktober,2.8575473126928626
-5.532485811228163,0.6296097634941669,-0.043083247073553946,0.108721997025223,0.02484986988948555,droh+t oktober,2.8575473126928626
-5.494306838041023,0.6041460992232046,-0.07982672043725342,0.08389498728371564,0.019111989546857097,Chaos,2.900300134018081
-5.494306838041023,0.6041460992232046,-0.07982672043725342,0.08389498728371564,0.019111989546857097,oktober chaos,2.900300134018081
-5.45734871924601,0.579046004804022,-0.11488339050227758,0.060299221740124254,0.013651257760244104,chaos wegen,2.941921511722083
-5.409201156998703,0.5457447324772287,-0.1598083129189962,0.03019269180398465,0.006673686540081228,uneinheitlicher,2.9964637517634785
-5.409201156998703,0.5457447324772287,-0.1598083129189962,0.03019269180398465,0.006673686540081228,wegen un+einheitlich+er,2.9964637517634785
-5.133258568405428,0.3450621805414176,-0.40177362410026896,-0.12937670736905166,-0.03047635239308001,un+einheitlich+er diesel+-+fahr+verbot+e,3.3145338842024734
0.4999751417747227,-2.696661650172478,1.23324173814653,-0.6609042687642444,-0.07378297076347826,Luftqualität,9.634984321994065
-5.367555033766283,0.5164453833134306,-0.19799680638658476,0.004717281443463783,0.0007609884889153984,diesel+-+fahr+verbot+e luft+qualität,3.0439082659329424
-5.514678337192841,0.6177945930226532,-0.06028840918712716,0.09708453744734835,0.02216129940602339,Po-Ebene,2.877456119787322
-5.514678337192841,0.6177945930226532,-0.06028840918712716,0.09708453744734835,0.02216129940602339,luft+qualität po-ebene,2.877456119787322
-5.562287807185626,0.6491288448472328,-0.014024751252538006,0.12842560672771852,0.029397766092970692,Winterhalbjahr,2.8243597133612397
-5.562287807185626,0.6491288448472328,-0.014024751252538006,0.12842560672771852,0.029397766092970692,po-ebene winter+halbjahr,2.8243597133612397
-5.619487859161412,0.685623174522074,0.0426830183708449,0.1670526071788212,0.038297693647014866,Griff,2.761155444607598
-5.619487859161412,0.685623174522074,0.0426830183708449,0.1670526071788212,0.038297693647014866,winter+halbjahr griff,2.761155444607598
-5.636479244924572,0.6961977818781124,0.059766354652508416,0.1787343786095581,0.04098499421095032,bekommen,2.742514637095547
-5.636479244924572,0.6961977818781124,0.059766354652508416,0.1787343786095581,0.04098499421095032,griff bekomm+en,2.742514637095547
-5.652571012917175,0.7060921548733605,0.0760461613320348,0.18988616418096993,0.04354847389743967,bekomm+en soll+en,2.724920918772043
-5.662456877255204,0.7121107144254992,0.08609630150355413,0.19678006321271435,0.045132243535999,Diesel-Fahrzeuge,2.7141421915701267
-5.662456877255204,0.7121107144254992,0.08609630150355413,0.19678006321271435,0.045132243535999,soll+en diesel+-+fahrzeug+e,2.7141421915701267
-5.687063929999297,0.7268856645637056,0.11127351974269761,0.21408213403377374,0.049103908379221586,Kategorie,2.687414709326892
-5.687063929999297,0.7268856645637056,0.11127351974269761,0.21408213403377374,0.049103908379221586,diesel+-+fahrzeug+e kategorie,2.687414709326892
-5.696752580108932,0.732619746422156,0.12124981092164111,0.22095049788208487,0.050679233006017246,kategorie euro,2.676932283978165
-5.70707696440704,0.738676518926914,0.13191996998664599,0.22830444222256652,0.05236510003583668,älter,2.6657883601655707
-5.70707696440704,0.738676518926914,0.13191996998664599,0.22830444222256652,0.05236510003583668,euro alt+er,2.6657883601655707
-5.711787866132976,0.7414214585653942,0.13680209870419002,0.2316719507696191,0.053136801128791614,temporär,2.6607126807919714
-5.711787866132976,0.7414214585653942,0.13680209870419002,0.2316719507696191,0.053136801128791614,alt+er temporär,2.6607126807919714
-5.722465281332033,0.7475987509673581,0.14789879920468868,0.23933237092185833,0.05489158758882194,temporär mehr,2.6492301136795784
-5.730049452920379,0.7519485892743227,0.15580706736786254,0.2447970783439638,0.05614281472447692,fahr+en dürf+en,2.641092547608012
-5.734139976156062,0.7542813933390891,0.1600814466039031,0.24775258471280492,0.05681931852531767,dürf+en sie,2.6367100246295356
-5.736378071783174,0.7555537882930339,0.16242282165415375,0.24937207435130448,0.05718995234540923,entscheiden,2.6343141011236715
-5.736378071783174,0.7555537882930339,0.16242282165415375,0.24937207435130448,0.05718995234540923,sie entscheid+en,2.6343141011236715
-5.742699634687888,0.7591323604055569,0.16904634900329096,0.2539555764809158,0.05823869028259808,entscheid+en darüber,2.627554210782212
-5.734139976156062,0.7542813933390891,0.1600814466039031,0.24775258471280492,0.05681931852531767,darüber sie,2.6367100246295356
-5.753836442464839,0.7653808697841573,0.18075192598154183,0.26206353241558,0.060092991964945316,Inhalte,2.6156723479184443
-5.753836442464839,0.7653808697841573,0.18075192598154183,0.26206353241558,0.060092991964945316,sie inhalt+e,2.6156723479184443
-5.757172163364785,0.7672383410297774,0.18426713182130955,0.264500276033378,0.06065006355144843,nutzen,2.6121202992584474
-5.757172163364785,0.7672383410297774,0.18426713182130955,0.264500276033378,0.06065006355144843,inhalt+e nutz+en,2.6121202992584474
-5.542408264222823,0.6361447067512478,-0.03344519445645994,0.11525047887307638,0.02635733078266979,Ihr,2.8464790643136877
-5.764466562014576,0.771277174186833,0.19196865948399336,0.2698420648258567,0.0618709158484466,Gerät,2.6043639736623994
-5.764466562014576,0.771277174186833,0.19196865948399336,0.2698420648258567,0.0618709158484466,ihr gerät,2.6043639736623994
-5.766605799869154,0.7724556073668392,0.19423110373011593,0.2714121034729694,0.06222965220476402,erlaubt,2.602092185918466
-5.766605799869154,0.7724556073668392,0.19423110373011593,0.2714121034729694,0.06222965220476402,gerät erlaub+t,2.602092185918466
-5.770674464345929,0.7746892619293628,0.19853885788076586,0.27440250909251085,0.06291281046624166,erlaub+t derzeit,2.5977751080638747
-5.773243445312501,0.7760944195447161,0.20126201364161356,0.276293583603909,0.06334474765449334,leider,2.595051779864641
-5.773243445312501,0.7760944195447161,0.20126201364161356,0.276293583603909,0.06334474765449334,derzeit leider,2.595051779864641
-5.778648521189263,0.7790376162924997,0.2069995812182385,0.28027972579089233,0.06425501486491232,entsprechenden,2.5893283351085747
-5.778648521189263,0.7790376162924997,0.2069995812182385,0.28027972579089233,0.06425501486491232,leider entsprech+end+en,2.5893283351085747
-5.7827992191433,0.7812855002122885,0.21141306584163308,0.2833475680271448,0.06495539465536211,Optionen,2.584939064504496
-5.7827992191433,0.7812855002122885,0.21141306584163308,0.2833475680271448,0.06495539465536211,entsprech+end+en option+en,2.584939064504496
-5.785152072730743,0.782554954481429,0.21391775636472926,0.28508921340511584,0.06535293500384985,anzuzeigen,2.582453271994256
-5.785152072730743,0.782554954481429,0.21391775636472926,0.28508921340511584,0.06535293500384985,option+en an+zu+zeig+en,2.582453271994256
-5.789815907198438,0.7850609775130593,0.21888870388231993,0.28854710572362663,0.06614206235173854,deaktivieren,2.577530874307714
-5.789815907198438,0.7850609775130593,0.21888870388231993,0.28854710572362663,0.06614206235173854,bitte deaktivier+en,2.577530874307714
-5.792792598905486,0.7866532415352065,0.2220656749054322,0.2907579954759111,0.06664650149833339,deaktivier+en sie,2.5743926158110866
-5.793676381034942,0.7871248986346795,0.22300955935070305,0.29141499409139515,0.06679638660606134,sämtliche,2.573461386388489
-5.793676381034942,0.7871248986346795,0.22300955935070305,0.29141499409139515,0.06679638660606134,sie sämtlich+e,2.573461386388489
-5.795823711927433,0.7882688036108303,0.22530413999532434,0.2930124212957399,0.06716078592585727,Hard-,2.5711997721510764
-5.795823711927433,0.7882688036108303,0.22530413999532434,0.2930124212957399,0.06716078592585727,sämtlich+e hard+-,2.5711997721510764
-5.797886952802102,0.7893651224922544,0.22751049022790215,0.29454877930163925,0.06751121216672833,Software…,2.56902806181576
-5.797886952802102,0.7893651224922544,0.22751049022790215,0.29454877930163925,0.06751121216672833,hard+- software…,2.56902806181576
-5.800065799623621,0.7905198871769497,0.22984219382399385,0.2961728029494509,0.06788158889272393,+180,2.566736097688819
-5.800065799623621,0.7905198871769497,0.22984219382399385,0.2961728029494509,0.06788158889272393,software… +180,2.566736097688819
-5.801026479646985,0.7910280602080819,0.23087083410389206,0.29688937082051736,0.06804499544093094,+180 char+s,2.5657260109754283
-5.574940741503022,0.6573150031629751,-0.0015868738537728466,0.13687795411286796,0.03134705637348033,streit e+-+auto+s,2.810321073571123
-5.544465909690511,0.6374954217194975,-0.03144192642578074,0.11660826633406624,0.026670778445797114,Veraltete,2.844186105196812
-5.544465909690511,0.6374954217194975,-0.03144192642578074,0.11660826633406624,0.026670778445797114,e+-+auto+s veralt+et+e,2.844186105196812
-5.326906026740188,0.4874509088623802,-0.23468167933999226,-0.019653411127983522,-0.004902247198507376,Emissionsregeln,3.0904350920861337
-5.499673934701384,0.6077552683892631,-0.07469401681221155,0.08735718984221547,0.01991264095943031,veralt+et+e emission+s+regel+n,2.8942746789334444
-5.378896799301444,0.52446722838955,-0.1876576574015689,0.011603863909061984,0.0023600688236271455,emission+s+regel+n dass,3.030964143113751
-5.241080413963274,0.4251173467832712,-0.31027115955739637,-0.06955237706036066,-0.016517718531659148,dass ausbau,3.189301047315368
-4.659093009510106,-0.01954169419213514,-0.7635020188666998,-0.35937844295925736,-0.08440825713781228,ausbau elektromobilität,3.8738941137902834
-5.399661276564908,0.5390717220268793,-0.16861064237411102,0.024311151579544277,0.005309288611723792,elektromobilität lang+er,3.007310855692524
-5.45734871924601,0.579046004804022,-0.11488339050227758,0.060299221740124254,0.013651257760244104,dauert,2.941921511722083
-5.45734871924601,0.579046004804022,-0.11488339050227758,0.060299221740124254,0.013651257760244104,lang+er dauer+t,2.941921511722083
-5.523867617328751,0.6239054051773911,-0.051424660139038264,0.1030772411495261,0.0235460031271819,dauer+t politiker,2.867175349563107
-5.574940741503022,0.6573150031629751,-0.0015868738537728466,0.13687795411286796,0.03134705637348033,Bürokraten,2.810321073571123
-5.574940741503022,0.6573150031629751,-0.0015868738537728466,0.13687795411286796,0.03134705637348033,politiker bürokrat+en,2.810321073571123
-3.6205038849680333,-0.46193502640598094,0.7457482120565322,-0.29297262776477484,-0.030156714114776398,einst,5.007398554947194
-5.613170848805595,0.6816594748732647,0.03635970815902906,0.16273397098721382,0.037303715685404734,bürokrat+en einst,2.768101875195991
-5.050186915261373,0.2823596025726449,-0.46976499895863,-0.1734111256357635,-0.040771485793851175,geplant,3.411660363696462
-5.625458289601209,0.6893534492605733,0.04867329098115034,0.17114643654245343,0.039239677122513375,einst ge+plan+t,2.75459814039265
-5.656931855475639,0.7087527701794272,0.08047489299112179,0.19292316349260952,0.04424626816919909,bekannt,2.72016337896617
-5.656931855475639,0.7087527701794272,0.08047489299112179,0.19292316349260952,0.04424626816919909,ge+plan+t bekenn+t,2.72016337896617
-5.679578734452111,0.7224230157499469,0.10359053047917169,0.2087974879512493,0.04789131942523302,der konsequenz+en,2.6955292379651428
-5.700338756620345,0.7347298926819357,0.12495150160920093,0.2235008057979141,0.05126398018797111,Strafzahlungen,2.673058335411365
-5.700338756620345,0.7347298926819357,0.12495150160920093,0.2235008057979141,0.05126398018797111,konsequenz+en straf+zahlung+en,2.673058335411365
-5.723127279798504,0.7479796988837659,0.14858821787720894,0.23980858970173813,0.05500064445236803,geb+t viel+e,2.6485191943757784
-5.726982094566276,0.7501931645352662,0.1526060032003938,0.24258456682358154,0.05563628568549171,Gründe,2.644381852577322
-5.726982094566276,0.7501931645352662,0.1526060032003938,0.24258456682358154,0.05563628568549171,viel+e grund+e,2.644381852577322
-5.736378071783174,0.7555537882930339,0.16242282165415375,0.24937207435130448,0.05718995234540923,grund+e neu+e,2.6343141011236715
-5.739080943549263,0.7570866396044404,0.16525295033361376,0.2513301491788894,0.05763801638662398,Perspektive,2.6314224633282337
-5.739080943549263,0.7570866396044404,0.16525295033361376,0.2513301491788894,0.05763801638662398,neu+e perspektive,2.6314224633282337
-5.436096577178423,0.5644269528936368,-0.13481637485353878,0.046922837285908736,0.010552476259048746,europäischen,2.9659534342872313
-5.748957550038304,0.7626523400266843,0.1756180889531598,0.2585063372500064,0.05927959138499102,perspektive europäisch+en,2.6208733408497746
-5.754686370603039,0.7658547681458372,0.18164718703131957,0.2626840443998115,0.060234858634675384,europäisch+en emission+s+regel+n,2.614766999019311
-5.766605799869154,0.7724556073668392,0.19423110373011593,0.2714121034729694,0.06222965220476402,offenbar,2.602092185918466
-5.766605799869154,0.7724556073668392,0.19423110373011593,0.2714121034729694,0.06222965220476402,doch offenbar,2.602092185918466
-5.774487902755985,0.7767736499318116,0.20258204935758373,0.2772104627184142,0.06355414844242994,Volkswagen-Konzern,2.593733254012622
-5.774487902755985,0.7767736499318116,0.20258204935758373,0.2772104627184142,0.06355414844242994,offenbar volkswagen+-+konzern,2.593733254012622
-5.780065565178393,0.7798062460297752,0.20850561234395826,0.2813264216571383,0.06449399085711573,Gefahr,2.587829262858754
-5.780065565178393,0.7798062460297752,0.20850561234395826,0.2813264216571383,0.06449399085711573,volkswagen+-+konzern gefahr,2.587829262858754
-5.781992735690978,0.7808495746013571,0.21055501599959298,0.2827510230382082,0.06481921783632753,gefahr lauf+t,2.585791498606184
-5.785915003297573,0.7829658389676852,0.21473036746570934,0.28565436161686597,0.06548192196262535,Verfehlen,2.5816475935699965
-5.785915003297573,0.7829658389676852,0.21473036746570934,0.28565436161686597,0.06548192196262535,lauf+t verfehl+en,2.5816475935699965
-5.789343133292251,0.7848075675733761,0.21838442622362006,0.2881962395134203,0.0660620004774543,EU-Flottenemissionsre…,2.578029557942609
-5.789343133292251,0.7848075675733761,0.21838442622362006,0.2881962395134203,0.0660620004774543,verfehl+en eu-flottenemissionsre…,2.578029557942609
-5.7947609139228895,0.7877030097425788,0.22416824653854742,0.29222159490980515,0.06698039105360186,+2153,2.5723189562063804
-5.7947609139228895,0.7877030097425788,0.22416824653854742,0.29222159490980515,0.06698039105360186,eu-flottenemissionsre… +2153,2.5723189562063804
-5.796033727356011,0.7883805221462112,0.22552864956898558,0.29316873919565956,0.06719644219914077,+2153 chars,2.570978655657794
-5.667679092133758,0.7152711582843716,0.09142028257891252,0.2004349814779961,0.04597161089979861,Gemütliches,2.708457682428833
-5.6510732333799165,0.7051762737967466,0.0745267308011707,0.1888445395942825,0.043309113384395734,Sporteln,2.72655597437829
-5.6510732333799165,0.7051762737967466,0.0745267308011707,0.1888445395942825,0.043309113384395734,gemütlich+es sportel+n,2.72655597437829
-5.634721027585726,0.6951095264135994,0.05799354620109376,0.17752113919214307,0.040705992219822115,sportel+n was,2.7444405417473754
-5.386265072001782,0.5296619464317727,-0.1809163593871946,0.016098285801121714,0.003403389110707894,gilt,3.0225640594422933
-5.627376868776241,0.6905488329906462,0.05060111327696216,0.17246448292740446,0.03954290481907881,was gelt,2.752492640227934
-5.617422343895622,0.6843290355622271,0.04061378131421932,0.16563906261522066,0.0379723820916862,gelt bei,2.763425811520408
-5.606471928347974,0.6774374470705431,0.02967060024593289,0.1581686320374482,0.03625266060788056,SUP-Fahren,2.7754776735282563
-5.606471928347974,0.6774374470705431,0.02967060024593289,0.1581686320374482,0.03625266060788056,bei sup-fahre+n,2.7754776735282563
-4.2609102961381975,-0.10431157434039262,0.6589083168067399,-0.1633396798737283,-0.008730422119691147,Brandenburgs,4.29067164698465
-5.565573066902061,0.6512602693767537,-0.010801107276586383,0.13061521155010597,0.029902830954403478,sup-fahre+n brandenburg+s,2.8207116344040215
-5.514678337192841,0.6177945930226532,-0.06028840918712716,0.09708453744734835,0.02216129940602339,brandenburg+s gewässer+n,2.877456119787322
-5.450238950061034,0.5741698461917373,-0.12157010396525228,0.055808744172934854,0.0126112378000416,SUP-Ausflug,2.9499534937149052
-5.328782619495545,0.48879751154647866,-0.23300076780251058,-0.01853892608001001,-0.004643120341724968,sup-ausflug ge+plan+t,3.088282659539437
-4.659093009510106,-0.01954169419213514,-0.7635020188666998,-0.35937844295925736,-0.08440825713781228,welche fahr+verbot+e,3.8738941137902834
-5.261729827956528,0.44024049479536487,-0.29231222207530183,-0.057736029843258874,-0.013764769615077638,fahr+verbot+e bei,3.1654417220027455
-5.342589030167968,0.4986812524289823,-0.22059643610057564,-0.010308050122224688,-0.0027297983402491816,Stand-up-Paddling,3.0724599641435453
-5.342589030167968,0.4986812524289823,-0.22059643610057564,-0.010308050122224688,-0.0027297983402491816,bei stand-up-paddling,3.0724599641435453
-2.9252216816464713,-0.8247724601166571,0.3038339663297621,-0.5279986417181916,-0.08381539411910835,Brandenburg,5.764179327961246
-5.509849025709253,0.614571570636196,-0.06493408602243575,0.09394591122478435,0.02143588309105167,stand-up-paddling brandenburg,2.882865050911692
-4.639906833683589,-0.03449983024265979,-0.7768947759485502,-0.3676858513278372,-0.08636245278673074,gelten,3.8967138409718607
-5.558915115244904,0.6469364178644441,-0.017329976689497636,0.12618136766156057,0.028880030012368815,brandenburg gelt+en,2.828107066730933
-5.5836442956998695,0.6629096352794983,0.00700368558071799,0.14272230893564108,0.032694302156964686,warum,2.800682855677853
-5.5836442956998695,0.6629096352794983,0.00700368558071799,0.14272230893564108,0.032694302156964686,gelt+en warum,2.800682855677853
-5.608749724308064,0.6788751804893787,0.031943155694522954,0.15971929826866488,0.036609696704638664,Seerosen,2.77296864421142
-5.608749724308064,0.6788751804893787,0.031943155694522954,0.15971929826866488,0.036609696704638664,warum see+rose+n,2.77296864421142
-5.627376868776241,0.6905488329906462,0.05060111327696216,0.17246448292740446,0.03954290481907881,meiden,2.752492640227934
-5.627376868776241,0.6905488329906462,0.05060111327696216,0.17246448292740446,0.03954290481907881,see+rose+n meid+en,2.752492640227934
-5.646439248182848,0.7023359974656833,0.06983115398294013,0.1856265973725557,0.042569541348975656,wann,2.7316179778899192
-5.646439248182848,0.7023359974656833,0.06983115398294013,0.1856265973725557,0.042569541348975656,meid+en wann,2.7316179778899192
-5.654046338888193,0.7069932765972538,0.0775436465882786,0.19091290631979696,0.043784398370774094,Schwimmwesten,2.72331088656442
-5.654046338888193,0.7069932765972538,0.0775436465882786,0.19091290631979696,0.043784398370774094,wann schwimm+westen,2.72331088656442
-5.672625437040817,0.7182524392709619,0.09647257463249527,0.20390526125540254,0.04676838470156207,dabeihaben,2.7030795116442023
-5.672625437040817,0.7182524392709619,0.09647257463249527,0.20390526125540254,0.04676838470156207,schwimm+westen dabei+hab+en,2.7030795116442023
-5.209275010504827,0.40168350231320726,-0.337655547872422,-0.08752332400926352,-0.020707229034460498,Wer,3.2261331069400447
-5.699456504630364,0.7342113867065179,0.12404037818837418,0.22287298952523704,0.05112004097271915,wer brandenburg,2.674011078549439
-5.716953095391384,0.7444174564723305,0.14216475432422154,0.23537287134338014,0.053984696444255784,Stand-up-Paddle-Board,2.655154185096904
-5.716953095391384,0.7444174564723305,0.14216475432422154,0.23537287134338014,0.053984696444255784,brandenburg stand-up-paddle-board,2.655154185096904
-5.7312416664376915,0.752629469573135,0.15705221214543136,0.24565789519155834,0.05633986713967619,stand-up-paddle-board unterwegs,2.6398147575254787
-5.748495960032212,0.7623934764425582,0.17513284480316182,0.2581702127362192,0.05920272103024639,vorher,2.6213657530060064
-5.748495960032212,0.7623934764425582,0.17513284480316182,0.2581702127362192,0.05920272103024639,unterwegs vorher,2.6213657530060064
-5.751662729684119,0.7641669346730151,0.17846351514436012,0.26047767817474077,0.059730391241563166,informieren,2.6179887347955026
-5.751662729684119,0.7641669346730151,0.17846351514436012,0.26047767817474077,0.059730391241563166,vorher informier+en,2.6179887347955026
0.9195862046423819,-2.9562767720504923,1.3927233884565842,-0.6382142025450335,-0.06410259207569088,See,10.125984377352392
-5.758380436131297,0.7679095373859017,0.18554145502423852,0.2653838557930017,0.06085203677092772,informier+en see,2.610834452644243
-5.761875104983202,0.7698459468993066,0.18923026318658778,0.26794222478019636,0.06143676756820561,see fluss,2.6071177798331
-5.764102805659023,0.7710765193253339,0.19158412477966272,0.26957525066921517,0.06180994761873286,fluss dafür,2.604750401146351
-5.767992136805324,0.7732178187055851,0.19569820619428183,0.2724304045487219,0.062462300241005034,freigegeben,2.6006206618895646
-5.767992136805324,0.7732178187055851,0.19569820619428183,0.2724304045487219,0.062462300241005034,dafür frei+ge+geb+en,2.6006206618895646
-5.7735569958640856,0.7762656462858515,0.20159455177703392,0.2765245484147968,0.06339749774742647,Insbesondere,2.594719524080478
-5.778360917910181,0.7788814632227383,0.2066940092726765,0.28006737218838507,0.06420652912415835,Schleusen,2.589632660020035
-5.778360917910181,0.7788814632227383,0.2066940092726765,0.28006737218838507,0.06420652912415835,insbesondere schleuse+n,2.589632660020035
-5.7814486841944905,0.7805552711597599,0.20997631598529629,0.2823487210831429,0.06472737853902892,Naturschutzgebieten,2.5863666585893847
-5.7814486841944905,0.7805552711597599,0.20997631598529629,0.2823487210831429,0.06472737853902892,schleuse+n natur+schutz+gebiet+en,2.5863666585893847
-5.786667659227945,0.7833708311338587,0.2155322489424518,0.28621209388762425,0.06560921090519824,un…,2.580852937981636
-5.786667659227945,0.7833708311338587,0.2155322489424518,0.28621209388762425,0.06560921090519824,natur+schutz+gebiet+en un…,2.580852937981636
-5.787899874721388,0.7840330958555477,0.21684551324346793,0.28712560718086144,0.06581768661455505,+2107,2.579552332975499
-5.787899874721388,0.7840330958555477,0.21684551324346793,0.28712560718086144,0.06581768661455505,un… +2107,2.579552332975499
-5.789343133292251,0.7848075675733761,0.21838442622362006,0.2881962395134203,0.0660620004774543,+2107 chars,2.578029557942609
-5.342589030167968,0.4986812524289823,-0.22059643610057564,-0.010308050122224688,-0.0027297983402491816,sicher,3.0724599641435453
-5.342589030167968,0.4986812524289823,-0.22059643610057564,-0.010308050122224688,-0.0027297983402491816,auto+-+experte sicher,3.0724599641435453
-4.659093009510106,-0.01954169419213514,-0.7635020188666998,-0.35937844295925736,-0.08440825713781228,sicher fahr+verbot+e,3.8738941137902834
-4.639278772132494,-0.03498958314104561,-0.7773317073571011,-0.3679566154087349,-0.08642615182012708,Rheinfähre,3.897461005064963
-5.313945464478613,0.4781303768057623,-0.24625754650091472,-0.027322769747203268,-0.006685803113920544,niedrigwasser rheinfähr+e,3.105312139215007
-5.14319376170995,0.3525072457236642,-0.3934984346828154,-0.12399279263180696,-0.02921876943777993,rheinfähr+e kaub,3.302952443684484
-5.1553252558475915,0.36158081392723007,-0.38335153261543864,-0.11738391618034735,-0.027675417331274627,kaub fahr+t,3.2888216120768057
-5.536599041940054,0.6323230339550925,-0.039092366570747425,0.11142446554327878,0.025473954066774954,fahr+t hier,2.8529568958086102
-5.482952912422276,0.5964803973181834,-0.09064982203748492,0.0766006753609651,0.017424636474945368,sie rheinfähre,2.913062822105352
-5.551891165437169,0.6423567180571599,-0.024199740154741148,0.12151934004027792,0.027804298435019317,rheinfähre kaub,2.835918328932521
-5.617422343895622,0.6843290355622271,0.04061378131421932,0.16563906261522066,0.0379723820916862,der rheinfähr+e,2.763425811520408
-5.562287807185626,0.6491288448472328,-0.014024751252538006,0.12842560672771852,0.029397766092970692,Rhein-Lahn-Kreis,2.8243597133612397
-5.562287807185626,0.6491288448472328,-0.014024751252538006,0.12842560672771852,0.029397766092970692,kaub rhein+-+lahn+-+kreis,2.8243597133612397
-5.435010588070519,0.5636764486971488,-0.13583055693574905,0.04624302980696937,0.01039493282260838,rhein+-+lahn+-+kreis betrieb,2.967183319905522
-5.193153727619325,0.3897444982884888,-0.3514091062729615,-0.09652755190184437,-0.02280754193780464,betrieb extrem+en,3.2448386757902
-5.389578008895988,0.5319932280925777,-0.17787904675217062,0.01812435774468807,0.003873638059613424,aufgenommen,3.01878958882879
-5.389578008895988,0.5319932280925777,-0.17787904675217062,0.01812435774468807,0.003873638059613424,niedrigwasser auf+ge+nehm+en,3.01878958882879
-5.548231092615245,0.6399630173103805,-0.027772150326296333,0.11909634242977785,0.027245090022540983,entspannt,2.8399923947714383
-5.5943451923195795,0.6697465039167276,0.017604761200125864,0.1499417892856998,0.034357874307133315,wer,2.7888539426277332
-5.5943451923195795,0.6697465039167276,0.017604761200125864,0.1499417892856998,0.034357874307133315,entspann+t wer,2.7888539426277332
-5.604147236235315,0.6759678538075424,0.027353278617295133,0.15658780207286144,0.03588864351740324,weiß,2.7780394985845263
-5.604147236235315,0.6759678538075424,0.027353278617295133,0.15658780207286144,0.03588864351740324,wer wiss,2.7780394985845263
-5.643226400298355,0.7003609290055568,0.0665803884247082,0.18339972946084493,0.042057654045770346,wiss sommer,2.7351304900038893
-5.66110514176129,0.7112905162587813,0.08471991274632355,0.19583550111330883,0.044915287521388195,sommer komm+t,2.7156146491389865
-5.671413367849004,0.7175230020570769,0.09523368370279084,0.20305413225289537,0.04657298331094718,komm+t heiß+t,2.7043968495286954
-5.6860326477340895,0.7262724944371595,0.1102137212507639,0.213352914150152,0.04893661119406108,de…,2.688531871863157
-5.6860326477340895,0.7262724944371595,0.1102137212507639,0.213352914150152,0.04893661119406108,heiß+t de…,2.688531871863157
-5.6910712319448304,0.7292631576536,0.11539546578451004,0.2169191020103196,0.0497546842759377,+1008,2.6830762257903373
-5.6910712319448304,0.7292631576536,0.11539546578451004,0.2169191020103196,0.0497546842759377,de… +1008,2.6830762257903373
-5.696752580108932,0.732619746422156,0.12124981092164111,0.22095049788208487,0.050679233006017246,+1008 chars,2.676932283978165
-5.2806014273489295,0.4539947361510146,-0.27577419947284965,-0.04683308835916933,-0.011225892669355503,Poller-Wahnsinn,3.143675395253755
-5.207481775698419,0.40035744630627557,-0.339189605295811,-0.08852836049186807,-0.020941623579204607,grüne,3.2282126203078407
-5.207481775698419,0.40035744630627557,-0.339189605295811,-0.08852836049186807,-0.020941623579204607,poller+-+wahnsinn grün+e,3.2282126203078407
-5.190182058375897,0.387539482147333,-0.3539350934096356,-0.0981797051241442,-0.023193005179878906,Autoverdrängung,3.248289289632852
-5.190182058375897,0.387539482147333,-0.3539350934096356,-0.0981797051241442,-0.023193005179878906,grün+e auto+verdrängung,3.248289289632852
-4.6574177216057056,-0.020847561246147173,-0.7646749461035494,-0.3601066165562798,-0.08457953544778046,Berlin,3.8758862961674283
-5.125635268911254,0.3393411464381022,-0.40810212023559866,-0.1334905144615581,-0.03143743693611163,auto+verdrängung berlin,3.3234256551336605
-5.09706392652352,0.3178371316019768,-0.43165915770053886,-0.1487763598216176,-0.03500988764518628,berlin end+en,3.3567907142054554
-4.497662655031222,-0.14551295050136015,-0.8735269145206651,-0.4271622886505086,-0.1003627486192489,Poller,4.066154757818018
-5.2806014273489295,0.4539947361510146,-0.27577419947284965,-0.04683308835916933,-0.011225892669355503,end+en poller,3.143675395253755
-4.17494007853672,-0.3970227148542982,-1.0769194127376878,-0.5495859735329701,-0.12921990275312123,poller auto+s,4.451665488047563
-4.089942454998399,-0.4629698109204101,-1.1271951809815843,-0.5792442220408882,-0.13621604491443756,auto+s der,4.553329582433679
-3.924842567718457,-0.5905412501432523,-1.22132822231584,-0.6341018176914481,-0.14915896708122475,grün+en treib+en,4.750850234804077
-3.7005720256404846,-0.7625397798351621,-1.3423553199159088,-0.7032968153719794,-0.16548485287756104,Berliner,5.019134336938604
-3.7005720256404846,-0.7625397798351621,-1.3423553199159088,-0.7032968153719794,-0.16548485287756104,treib+en berliner,5.019134336938604
-3.441310113714618,-0.9592955442739606,-1.4734899230848222,-0.7764909154507555,-0.182747345604499,Bezirken,5.32906076322189
-3.441310113714618,-0.9592955442739606,-1.4734899230848222,-0.7764909154507555,-0.182747345604499,berliner bezirk+en,5.32906076322189
-2.7265231028785344,-1.489496862033504,-1.794817719471229,-0.9473380385672037,-0.2229587030519441,Pläne,6.181353802558783
-2.7265231028785344,-1.489496862033504,-1.794817719471229,-0.9473380385672037,-0.2229587030519441,bezirk+en plan+e,6.181353802558783
0.6519750073573984,-3.7934186366464364,-2.845554180995274,-1.3988714200215182,-0.327074691529345,plan+e verkehr+s+wende,10.158638187853425
-2.6461214286277412,-1.548019251230072,-1.827824679615876,-0.9641524399944451,-0.22690587130555345,voran,6.276983230969747
-2.6461214286277412,-1.548019251230072,-1.827824679615876,-0.9641524399944451,-0.22690587130555345,verkehr+s+wende voran,6.276983230969747
-3.5227173247577586,-0.8977649869191877,-1.4332599715394,-0.7542389490902145,-0.1775005894344689,voran wille+n,5.231779663320035
-3.8015651423847476,-0.685282508502878,-1.2887809504922203,-0.6728561421764698,-0.15830301311060696,wille+n schwarz+-+rot+en,4.898334118989119
-4.042140665477812,-0.49998119252198414,-1.1549165425632453,-0.5954913410193199,-0.14004909581686295,Landesregierung,4.6105144303384265
-4.042140665477812,-0.49998119252198414,-1.1549165425632453,-0.5954913410193199,-0.14004909581686295,schwarz+-+rot+en land+es+regierung,4.6105144303384265
-4.281842780621528,-0.31386601327301866,-1.0118173572387401,-0.5108200234628437,-0.12007774601492752,der cdu,4.32385435376773
-4.317454614213326,-0.286120800740008,-0.9896476459235783,-0.49752727374442285,-0.11694372392193961,legt,4.281296175574244
-4.317454614213326,-0.286120800740008,-0.9896476459235783,-0.49752727374442285,-0.11694372392193961,cdu leg+t,4.281296175574244
-4.4320672911297265,-0.19672080042925844,-0.9165773358372742,-0.4533925706359021,-0.10654176802046772,leg+t plan,4.1444162699421465
-5.1096875911126665,0.32735006515781917,-0.421282271829871,-0.14204824782753575,-0.03343721048997812,stoppen,3.3420414629301836
-5.1096875911126665,0.32735006515781917,-0.421282271829871,-0.14204824782753575,-0.03343721048997812,plan stopp+en,3.3420414629301836
-5.201853734575341,0.3961924154110006,-0.3439973941323441,-0.09167701814183749,-0.021676016595392714,sto…,3.2347410757488175
-5.201853734575341,0.3961924154110006,-0.3439973941323441,-0.09167701814183749,-0.021676016595392714,plan sto…,3.2347410757488175
-5.226179371999674,0.41415894139660114,-0.3231425041736874,-0.07800625848973963,-0.01848814823238798,sto… chars,3.2065449582590735
-4.07857359957055,-0.47177758447021834,-1.133823699760145,-0.583136016013272,-0.13713417796047148,Trassenpreise,4.56692954197584
-5.336572243364246,0.49437906857151903,-0.22601034773369408,-0.013901851180047609,-0.0035651092575040982,streit trasse+n+preis+e,3.079352582776245
-5.312227532586896,0.47689230810968186,-0.24778758841409973,-0.02833571997920481,-0.006921418554239056,trasse+n+preis+e wie,3.107285582231298
-4.702772165658315,0.01448680133008895,-0.7326810332988423,-0.34020198488336667,-0.07989862643034594,teuer,3.8219796269986057
-4.988428940961036,0.23529676972369096,-0.5189607148368284,-0.20504623766056596,-0.0481775900438674,wie teuer,3.484167176203161
-5.276548051298489,0.4510460606951383,-0.2793364981421844,-0.049183326322243426,-0.011773068771802495,Schienen-Maut,3.148347315336775
-5.276548051298489,0.4510460606951383,-0.2793364981421844,-0.049183326322243426,-0.011773068771802495,teuer schienen-maut,3.148347315336775
-4.57904633595318,-0.08198044685553652,-0.8188046014974081,-0.393581716058647,-0.09245620920202993,steig+end+e trasse+n+preis+e,3.9691590059102517
-4.50435717633278,-0.14028626033891234,-0.869081052784629,-0.4244439829663588,-0.09972255117727424,erzürnen,4.0581714113713145
-4.50435717633278,-0.14028626033891234,-0.869081052784629,-0.4244439829663588,-0.09972255117727424,trasse+n+preis+e erzürn+en,4.0581714113713145
-4.448782137457071,-0.1836736833577548,-0.9056945643657361,-0.4467775650584256,-0.10498324611055539,Eisenbahnunternehmen,4.124467715359812
-4.448782137457071,-0.1836736833577548,-0.9056945643657361,-0.4467775650584256,-0.10498324611055539,erzürn+en eisen+bahn+unternehmen,4.124467715359812
-4.151940195119392,-0.4148838552876235,-1.090650563362767,-0.557710534766846,-0.13113628679841874,eisen+bahn+unternehmen verkehr+s+minister,4.479172353808254
-1.5420784373642444,-1.6214345742653813,-0.0654553005190584,-0.7932704557542614,-0.1393980057099918,Länder,7.322360713458437
-3.832224269969828,-0.661764155845721,-1.272221607238022,-0.6633858879809692,-0.15606855714700962,verkehr+s+minister land+er,4.861656961429789
-3.5381923491196163,-0.8860422306684468,-1.425517204676508,-0.7499354324972244,-0.1764857210869282,sie warn+en,5.213283199658311
-2.7265231028785344,-1.489496862033504,-1.794817719471229,-0.9473380385672037,-0.2229587030519441,Ausbremsen,6.181353802558783
-2.7265231028785344,-1.489496862033504,-1.794817719471229,-0.9473380385672037,-0.2229587030519441,warn+en aus+brems+en,6.181353802558783
0.6519750073573984,-3.7934186366464364,-2.845554180995274,-1.3988714200215182,-0.327074691529345,aus+brems+en verkehr+s+wende,10.158638187853425
-5.291593554951887,0.46197537271318745,-0.266085733523893,-0.04043627153977769,-0.009736895911555174,Braucht,3.1310148881410402
-5.291593554951887,0.46197537271318745,-0.266085733523893,-0.04043627153977769,-0.009736895911555174,elektromobilität brauch+t,3.1310148881410402
-5.391970435157027,0.5336750481459838,-0.17568323605422478,0.019589520659468618,0.004213670838940073,brauch+t bald,3.016064798299201
-5.105659616532122,0.3243166598678624,-0.42459870701622693,-0.1441994513964717,-0.03394000546443064,Steuern,3.3467463874842633
-5.422845313844318,0.5552468884604977,-0.14716234182271373,0.03865244900177528,0.008635455500501779,bald steuer+n,2.980972523927936
-5.47758856190833,0.5928444013632417,-0.09574689176328008,0.07316841952794872,0.016630435230551868,steuer+n e+-+auto+s,2.919100222535029
-5.551118414597266,0.6418517495935196,-0.02495440011921045,0.12100741290873651,0.02768615646551996,diesel bring+en,2.836778274006344
-5.566022617648715,0.6515516091518527,-0.010359672939582426,0.1309151066027361,0.029972001010067653,bring+en milliarde+n,2.8202126001926526
-5.58773664983441,0.665529744427511,0.011052768154046419,0.14547883581661153,0.03332957139997551,milliarde+n steuer+n,2.796156336141741
-5.607649634011477,0.6781810833022817,0.030845351475998393,0.1589701710052394,0.036437216830617195,Straßenbau,2.774180273346978
-5.607649634011477,0.6781810833022817,0.030845351475998393,0.1589701710052394,0.036437216830617195,steuer+n straße+n+bau,2.774180273346978
-5.62388782842837,0.6883737538112158,0.047096301854317846,0.17006845209123833,0.03899165861430652,der regierung,2.756322212543363
-5.6326375036920275,0.6938181182105803,0.05589424930566601,0.1760847556137355,0.04037564661584357,regierung fehl+t,2.746723679943711
-5.640525151598088,0.6986966902110656,0.0638502913805554,0.18153011968688704,0.041627831606070295,fehl+t plan,2.7380855165158353
-5.644900823741256,0.7013908592269542,0.06827408435688848,0.18455986537944613,0.04232434234111866,plan woher,2.733299596036005
-5.651675624903552,0.7055447580726575,0.07513772772072803,0.18926338019899636,0.043405362997105665,Geld,2.7258983089838025
-5.651675624903552,0.7055447580726575,0.07513772772072803,0.18926338019899636,0.043405362997105665,woher geld,2.7258983089838025
-5.656682294042359,0.708600751298115,0.0802212515631166,0.1927491911521968,0.04420629931380242,E-Zeitalter,2.720435522097056
-5.656682294042359,0.708600751298115,0.0802212515631166,0.1927491911521968,0.04420629931380242,geld e+-+zeit+alter,2.720435522097056
-5.663595508004377,0.712800925883702,0.08725623755270598,0.19757618755777595,0.04531509432986651,e+-+zeit+alter komm+en,2.7129022083344903
-5.670387666338192,0.7169051610465156,0.09418572073262484,0.202334258200213,0.04640770655795538,Andere,2.705511911706945
-5.673783195348592,0.7189485180485331,0.0976564742309306,0.2047187133614763,0.04695512577830564,ander+e land+er,2.7018215347168124
-5.696959762784607,0.7327418369050394,0.12146353413346282,0.22109771746849927,0.05071299104994238,E-Auto-Boom,2.676708386608548
-5.696959762784607,0.7327418369050394,0.12146353413346282,0.22109771746849927,0.05071299104994238,der e+-+auto+-+boom,2.676708386608548
-5.700764575090375,0.7349800039116254,0.12539136068480985,0.22380391515590425,0.05133347171677237,rollt,2.6725985658249822
-5.700764575090375,0.7349800039116254,0.12539136068480985,0.22380391515590425,0.05133347171677237,e+-+auto+-+boom roll+t,2.6725985658249822
-5.703755718088434,0.7367342224378399,0.1284830729950982,0.2259348216566578,0.051821966746471146,roll+t deutschland,2.6693702485398405
-5.710090584558531,0.7404338532385328,0.13504215475184206,0.23045781138989263,0.0528585889422238,leiser,2.662540719482677
-5.710090584558531,0.7404338532385328,0.13504215475184206,0.23045781138989263,0.0528585889422238,deutschland leise+er,2.662540719482677
-5.7121350074066095,0.7416232614074594,0.13716219093641419,0.23192039627113725,0.05319372788290448,glänzender,2.660338889030339
-5.7121350074066095,0.7416232614074594,0.13716219093641419,0.23192039627113725,0.05319372788290448,leise+er glänz+end+er,2.660338889030339
-5.714826222779274,0.7431855438273685,0.1399553611959097,0.23384785768674032,0.05363533668016711,Zukunftszug,2.6574421400954216
-5.714826222779274,0.7431855438273685,0.1399553611959097,0.23384785768674032,0.05363533668016711,glänz+end+er zukunft+s+zug,2.6574421400954216
-5.717841639675777,0.7449313878089925,0.14308828180551736,0.2360104311963268,0.05413074152423282,Zuerst,2.6541986999633846
-5.719396665359854,0.7458297780184044,0.14470525213659874,0.23712685804067024,0.05438646422497544,jubeln,2.652527026655163
-5.719396665359854,0.7458297780184044,0.14470525213659874,0.23712685804067024,0.05438646422497544,zuerst jubel+n,2.652527026655163
-5.720906631360803,0.7467008752070863,0.1462762460923634,0.23821171966826826,0.05463493738385293,jubel+n politik,2.6509044089935347
-5.723396419432323,0.7481345068496401,0.14886855291088827,0.2400022419865835,0.055044990892380366,Käufer,2.6482301992534634
-5.723396419432323,0.7481345068496401,0.14886855291088827,0.2400022419865835,0.055044990892380366,politik käufer,2.6482301992534634
-5.725769901355349,0.7494979973435023,0.1513419543388233,0.24171108308295242,0.05543628957925208,Kaufprämien,2.6456824586161516
-5.725769901355349,0.7494979973435023,0.1513419543388233,0.24171108308295242,0.05543628957925208,käufer kauf+prämie+n,2.6456824586161516
-5.728220136253283,0.7509023151334902,0.1538975815623519,0.24347719188513062,0.055840651566183855,kauf+prämie+n sink+end+e,2.6430539224708354
-5.7298478609900005,0.7518333805133786,0.1555965785322761,0.2446515701936427,0.05610950477359457,Emissionen,2.641308647917898
-5.7298478609900005,0.7518333805133786,0.1555965785322761,0.2446515701936427,0.05610950477359457,sink+end+e emission+en,2.641308647917898
-5.7324451675495265,0.7533159902773865,0.15830969218789068,0.2465273522539264,0.05653888505772371,emission+en mehr,2.638525262261143
-5.73328065297097,0.7537921041320659,0.159182973327397,0.24713122983023061,0.05667710476085004,Mod…,2.637630311098337
-5.73328065297097,0.7537921041320659,0.159182973327397,0.24713122983023061,0.05667710476085004,mehr mod…,2.637630311098337
-5.734264248294004,0.75435211816431,0.16021140364593878,0.2478424635463663,0.05683988918549447,+1296,2.6365769529381367
-5.734264248294004,0.75435211816431,0.16021140364593878,0.2478424635463663,0.05683988918549447,mod… +1296,2.6365769529381367
-5.735227797946584,0.7549001911673279,0.16121923006916924,0.24853952145532054,0.056999421018418886,+1296 char+s,2.6355453191998075
-5.055346519388924,0.28627559708052774,-0.46560350742488277,-0.17072632776905983,-0.04014331703310514,rhein+-+niedrigwasser treff+t,3.405613662038097
-5.134482352489072,0.3459799150088845,-0.40075599518788463,-0.1287149137883763,-0.030321755585493215,treff+t auto+fahrer,3.3131068958953436
-5.209781998930307,0.4020583179583139,-0.33722164391536136,-0.08723901967471143,-0.02064092537402752,Tankladung,3.2255452353137626
-5.209781998930307,0.4020583179583139,-0.33722164391536136,-0.08723901967471143,-0.02064092537402752,auto+fahrer tank+ladung,3.2255452353137626
-4.798961964918896,0.08925003099479856,-0.6631335233667821,-0.29663453968218423,-0.06966062910988749,kostet,3.7078604662944437
-5.200605461516322,0.3952679739608924,-0.3450623379523857,-0.09237421964475373,-0.021838644831733645,tank+ladung kost+et,3.2361894513127494
-5.062913857636402,0.292014203179934,-0.4594855132727066,-0.16677681688266327,-0.039219348340080284,kost+et region,3.396748477912538
-4.955918939804816,0.21039565225436774,-0.5444099152424962,-0.2213356989124536,-0.05199414163942502,region deutlich,3.522425529319816
-4.447702135170521,-0.18451674482989944,-0.9063995220841565,-0.44720639270026663,-0.10508427492954282,mehr niedrigwasser,4.125756537665178
-4.774572505296635,0.07032121778801481,-0.6809905178412456,-0.30785966578887847,-0.07229738965992502,rhein treib+t,3.7367665153428278
-4.287284311061095,-0.309627761524629,-1.0084457458380798,-0.5088014075830263,-0.11960178929025758,treib+t sprit+preis+e,4.317350709289049
-4.974212498603006,0.22441752084335476,-0.5301269758184326,-0.21219988863047334,-0.04985341434432797,sprit+preis+e westen,3.5008901262095207
-5.075058789679575,0.30121195655404387,-0.4496303490735444,-0.16040858015507167,-0.0377298041025923,westen deutschland+s,3.382528757369434
-5.226560136057617,0.414439417052606,-0.32281451985697696,-0.07779099478967927,-0.018437965787620955,oben,3.2061040571970696
-5.226560136057617,0.414439417052606,-0.32281451985697696,-0.07779099478967927,-0.018437965787620955,deutschland+s oben,3.2061040571970696
-5.34079101390046,0.4973964533313302,-0.22221561388041763,-0.011383102685037894,-0.002979658899288057,Ursachen,3.0745192416394094
-5.34079101390046,0.4973964533313302,-0.22221561388041763,-0.011383102685037894,-0.002979658899288057,überblick ursache+n,3.0745192416394094
-5.372546504189058,0.5199795731883015,-0.1934521798487159,0.0077433406376258285,0.0014637134419907827,Regionen,3.0382095146568098
-5.372546504189058,0.5199795731883015,-0.1934521798487159,0.0077433406376258285,0.0014637134419907827,ursache+n region+en,3.0382095146568098
-5.406872248658972,0.5441178806871922,-0.16196017066430693,0.028754336969659455,0.006340055297978223,Aussichten,2.9991106000465084
-5.406872248658972,0.5441178806871922,-0.16196017066430693,0.028754336969659455,0.006340055297978223,region+en aussicht+en,2.9991106000465084
-5.454460043032985,0.5770666287266375,-0.11760239955299923,0.058472870841273616,0.013228294865209031,Tage,2.9451839288490733
-5.454460043032985,0.5770666287266375,-0.11760239955299923,0.058472870841273616,0.013228294865209031,wer tag+e,2.9451839288490733
-5.468179236232334,0.5864451297551729,-0.10466191228266006,0.06716978997945972,0.015242032062740538,tag+e hessen,2.9297014624601805
-3.7586241278271144,-0.7181718596199,-1.3117402296857568,-0.6859388026891261,-0.16138969996850266,Super,4.949700373958973
-5.479255300439048,0.5939750934418293,-0.09416433014885667,0.07423387953280264,0.016876991720868942,hessen super,2.917223855876539
-3.7792389063435703,-0.7023899976752679,-1.3007518347062694,-0.679684336977998,-0.15991405507393155,E10,4.925041447670617
-4.243661200725334,-0.34359072674703794,-1.0353154012101886,-0.5248587622269235,-0.12338812187152892,super e10,4.369494941231951
-5.493782144974172,0.6037927601161213,-0.08032792890647636,0.08355700585805198,0.0190338213385378,tankt,2.900889451792193
-5.493782144974172,0.6037927601161213,-0.08032792890647636,0.08355700585805198,0.0190338213385378,e10 tank+t,2.900889451792193
-5.503157677818466,0.610092899700108,-0.07135672517181593,0.08960934611358579,0.020433379401479643,zahlt,2.8903662391693135
-5.503157677818466,0.610092899700108,-0.07135672517181593,0.08960934611358579,0.020433379401479643,tank+t zahl+t,2.8903662391693135
-5.514375422017839,0.6175926635822346,-0.06058006008091703,0.09688745160888285,0.02211575168599432,Schnitt,2.8777952704538143
-5.514375422017839,0.6175926635822346,-0.06058006008091703,0.09688745160888285,0.02211575168599432,zahl+t schnitt,2.8777952704538143
-5.523645904705223,0.6237583109932667,-0.051638887766926406,0.10293233656412348,0.023512526396475678,"2,164",2.8674232190171525
-5.523645904705223,0.6237583109932667,-0.051638887766926406,0.10293233656412348,0.023512526396475678,"schnitt 2,164",2.8674232190171525
-5.530211023060353,0.6281066277694585,-0.04528766356708007,0.10722974643380345,0.024505220565543925,"2,164 euro",2.8600873381065965
-5.045307832410986,0.27865412355552,-0.4736928654344297,-0.17594395020574166,-0.04136415115273054,pro,3.4173799284393485
-5.045307832410986,0.27865412355552,-0.4736928654344297,-0.17594395020574166,-0.04136415115273054,euro pro,3.4173799284393485
-4.607744382213518,-0.05958642906064626,-0.7991500602516287,-0.3814563073618591,-0.08960249322629957,Liter,3.9349877267072224
-5.539497391991292,0.6342312746057956,-0.03627644099835085,0.11333199384218295,0.025914402354033153,pro liter,2.8497241774572912
-5.5462970088057695,0.6386961226842234,-0.02965788775153594,0.11781770737642255,0.0269499589177581,liter mehr,2.8421462690016073
-5.56881623061828,0.6533603178211007,-0.007614796620027869,0.1327801950009576,0.030402150922829593,Bundesland,2.8171123757354204
-5.56881623061828,0.6533603178211007,-0.007614796620027869,0.1327801950009576,0.030402150922829593,mehr bund+es+land,2.8171123757354204
-5.197893345073469,0.3932586296974825,-0.3473743854140813,-0.0938875820048069,-0.022191665679105743,bei diesel,3.2393368201443815
-5.585821285463759,0.6643042811955138,0.009156870919035519,0.1441880034740185,0.033032099585734956,diesel lieg+t,2.798274479343222
-5.589887988166888,0.6669044161348987,0.013183889626562618,0.14693013080720552,0.03366399345168912,Nordrhein-Westfalen,2.7937781334858323
-5.589887988166888,0.6669044161348987,0.013183889626562618,0.14693013080720552,0.03366399345168912,lieg+t nordrhein-westfalen,2.7937781334858323
-5.604867704724015,0.6764235534174285,0.02807124445221757,0.15707754257986484,0.03600141973893346,"2,254",2.777245415157442
-5.604867704724015,0.6764235534174285,0.02807124445221757,0.15707754257986484,0.03600141973893346,"nordrhein-westfalen 2,254",2.777245415157442
-5.608324415076275,0.678606894329272,0.031518676038189315,0.15942962862432825,0.036543003817962896,"2,254 euro",2.773437045153092
-5.611125678400397,0.6803725235036049,0.03431573380794728,0.16133861042392283,0.03698250101325572,vorn,2.770352674563205
-5.611125678400397,0.6803725235036049,0.03431573380794728,0.16133861042392283,0.03698250101325572,euro vorn,2.770352674563205
-5.6216690059802605,0.6869877463072109,0.04486984886609102,0.16854681672774474,0.03864153743957495,Mecklen…,2.758758990247773
-5.6216690059802605,0.6869877463072109,0.04486984886609102,0.16854681672774474,0.03864153743957495,auto+fahrer mecklen…,2.758758990247773
-5.626579402575068,0.6900521639526904,0.049799635741189716,0.17191648272118287,0.03941683586693777,+5368,2.753367701936317
-5.626579402575068,0.6900521639526904,0.049799635741189716,0.17191648272118287,0.03941683586693777,mecklen… +5368,2.753367701936317
-5.629420519170733,0.6918203489881698,0.05265614365989736,0.17386979477797992,0.039866180340078924,+5368 char+s,2.7502507824105162
-5.646439248182848,0.7023359974656833,0.06983115398294013,0.1856265973725557,0.042569541348975656,Droht,2.7316179778899192
-5.636479244924572,0.6961977818781124,0.059766354652508416,0.1787343786095581,0.04098499421095032,Spritpreiszoff,2.742514637095547
-5.636479244924572,0.6961977818781124,0.059766354652508416,0.1787343786095581,0.04098499421095032,droh+t spritpreiszoff,2.742514637095547
-5.586411352534004,0.6646819678659461,0.009740793407181293,0.1445855428217197,0.03312371489867959,Kanzler,2.7976218621286675
-5.586411352534004,0.6646819678659461,0.009740793407181293,0.1445855428217197,0.03312371489867959,spritpreiszoff kanzler,2.7976218621286675
-5.096511994586697,0.31742079218412966,-0.4321117308761907,-0.14906960622766002,-0.03507844207997533,Klingbeil,3.357435849129326
-5.06630832194919,0.2945864750064058,-0.45673554429495355,-0.16500059988764834,-0.03880385328742626,Ölkonzerne,3.3927730992655225
-5.482952912422276,0.5964803973181834,-0.09064982203748492,0.0766006753609651,0.017424636474945368,klingbeil öl+konzern+e,2.913062822105352
-5.355480432144715,0.5078717638891739,-0.2089542088793571,-0.002572462967819822,-0.000932296530750179,Kasse,3.057707174867378
-5.355480432144715,0.5078717638891739,-0.2089542088793571,-0.002572462967819822,-0.000932296530750179,öl+konzern+e kasse,3.057707174867378
-5.261729827956528,0.44024049479536487,-0.29231222207530183,-0.057736029843258874,-0.013764769615077638,bitten,3.1654417220027455
-5.261729827956528,0.44024049479536487,-0.29231222207530183,-0.057736029843258874,-0.013764769615077638,kasse bitt+en,3.1654417220027455
-5.055246439989124,0.2861996646176357,-0.46568430304412445,-0.17077846624372575,-0.04015551543564515,bitt+en hoch+e,3.405730931404909
-5.328782619495545,0.48879751154647866,-0.23300076780251058,-0.01853892608001001,-0.004643120341724968,Milliardenprofite,3.088282659539437
-5.328782619495545,0.48879751154647866,-0.23300076780251058,-0.01853892608001001,-0.004643120341724968,sprit+preis+e milliarde+n+profit+e,3.088282659539437
-5.482952912422276,0.5964803973181834,-0.09064982203748492,0.0766006753609651,0.017424636474945368,milliarde+n+profit+e öl+konzern+e,2.913062822105352
-5.555450989523939,0.6446800779436646,-0.020720368744318374,0.12388011998811616,0.028349069986078737,heizen,2.831958301143067
-5.555450989523939,0.6446800779436646,-0.020720368744318374,0.12388011998811616,0.028349069986078737,öl+konzern+e heiz+en,2.831958301143067
-5.589115630745029,0.6664111077032575,0.0124185895716847,0.14640892339568207,0.03354389502827958,Debatte,2.794631828605506
-5.589115630745029,0.6664111077032575,0.0124185895716847,0.14640892339568207,0.03354389502827958,heiz+en debatte,2.794631828605506
-5.436180907384812,0.5644852178606243,-0.13473760282374977,0.0469756414268902,0.0105647132310802,Lars,2.965857937512386
-5.44760519730405,0.5723597661593927,-0.12404247289445586,0.054149246938145545,0.012226825489689966,lars klingbeil,2.9529308646498467
-5.6448456177880955,0.7013569228824041,0.06821822602340351,0.184521600652516,0.04231554649258103,fordert,2.7333599505794233
-5.6448456177880955,0.7013569228824041,0.06821822602340351,0.184521600652516,0.04231554649258103,klingbeil forder+t,2.7333599505794233
-5.505090788574298,0.6113883077855231,-0.06950294477103733,0.09086071094883391,0.020722688477466597,Übergewinnsteuer,2.8881983693122395
-5.663789706058354,0.7129185820051751,0.087454118484406,0.19771201313569542,0.04534628925766131,forder+t über+gewinn+steuer,2.7126907550611103
-5.694900565745593,0.731527387781914,0.11934005509305728,0.2196351401301514,0.05037760092050099,über+gewinn+steuer cdu,2.6789341967344735
-5.6985648387519925,0.7336869358539866,0.12311983333520872,0.22223874160693735,0.05097462080755376,lehnt,2.6749741902048263
-5.6985648387519925,0.7336869358539866,0.12311983333520872,0.22223874160693735,0.05097462080755376,cdu lehn+t,2.6749741902048263
-5.741171511077777,0.7582693928198825,0.16744384396954703,0.25284635061303873,0.05798492343921906,Bundesfinanzminister,2.6291872774449745
-5.741171511077777,0.7582693928198825,0.16744384396954703,0.25284635061303873,0.05798492343921906,weiterlesenberlin bund+es+finanz+minister,2.6291872774449745
-5.751219357254495,0.763918988665734,0.17799696705293372,0.2601544091768013,0.0596564715963525,bund+es+finanz+minister lars,2.618461373019246
-5.759566573725415,0.7685675954971383,0.18679296926187022,0.26625173329023555,0.06105040785615261,SPD,2.6095725698428414
-5.759566573725415,0.7685675954971383,0.18679296926187022,0.26625173329023555,0.06105040785615261,klingbeil spd,2.6095725698428414
-5.7648282232713655,0.7714765945312434,0.19235102889149663,0.2701073870309594,0.06193154196153726,Ölkonzernen,2.6039798099402183
-5.7648282232713655,0.7714765945312434,0.19235102889149663,0.2701073870309594,0.06193154196153726,spd öl+konzern+en,2.6039798099402183
-5.771327017081993,0.7750465708706082,0.19923033742239118,0.2748826515836076,0.06302248481050392,Kragen,2.5970831651468798
-5.771327017081993,0.7750465708706082,0.19923033742239118,0.2748826515836076,0.06302248481050392,öl+konzern+en kragen,2.5970831651468798
-5.773868912829192,0.7764359211739604,0.20192539412362168,0.2767543432467776,0.06344997972126086,Sein,2.594389028153804
-5.775404485971238,0.7772733172210586,0.2035546711876231,0.27788611239423255,0.06370844698658439,Ziel,2.592762410055648
-5.775404485971238,0.7772733172210586,0.2035546711876231,0.27788611239423255,0.06370844698658439,sein ziel,2.592762410055648
-5.778648521189263,0.7790376162924997,0.2069995812182385,0.28027972579089233,0.06425501486491232,ziel über+gewinn+steuer,2.5893283351085747
-5.785407539048193,0.7826925793632331,0.2141898338130457,0.285278430384051,0.06539612167742236,Energie-Riesen,2.582183472023141
-5.785407539048193,0.7826925793632331,0.2141898338130457,0.285278430384051,0.06539612167742236,über+gewinn+steuer energie+-+riese+n,2.582183472023141
-5.792569357396717,0.7865340230277751,0.2218272979683811,0.29059208128746417,0.06660864928775966,+2418,2.574627880283969
-5.792569357396717,0.7865340230277751,0.2218272979683811,0.29059208128746417,0.06660864928775966,grund +2418,2.574627880283969
-5.793895062160205,0.7872415273833,0.22324315721445345,0.2915776016455047,0.0668334820955055,+2418 chars,2.573231001990182
-5.355480432144715,0.5078717638891739,-0.2089542088793571,-0.002572462967819822,-0.000932296530750179,elektromobilität tesla,3.057707174867378
-4.947300726452987,0.20378146173653633,-0.5511055462093121,-0.225612797137127,-0.052996575008476154,ruft,3.5325772342654456
-5.418245436811011,0.5520489854581827,-0.15143317023301647,0.035794085101232276,0.007972713380044835,tesla ruf+t,2.9861921029166947
-5.476938395520829,0.592403102981887,-0.09636394588504191,0.07275303712576253,0.01653430829476936,ruf+t china,2.9198322847429057
-5.509849025709253,0.614571570636196,-0.06493408602243575,0.09394591122478435,0.02143588309105167,china million+en,2.882865050911692
-5.551891165437169,0.6423567180571599,-0.024199740154741148,0.12151934004027792,0.027804298435019317,million+en elektroauto+s,2.835918328932521
-5.591759496524785,0.6680987512754526,0.015039229986905593,0.1481938848656344,0.033955175964147086,elektroauto+s zurück,2.7917100445880774
-5.608749724308064,0.6788751804893787,0.031943155694522954,0.15971929826866488,0.036609696704638664,zurück wegen,2.77296864421142
-5.621514901884728,0.686891403698868,0.04471528405655359,0.16844119497369403,0.0386172331023988,Problemen,2.7589282721948356
-5.621514901884728,0.686891403698868,0.04471528405655359,0.16844119497369403,0.0386172331023988,wegen problem+en,2.7589282721948356
-5.516180906293762,0.618795774156615,-0.05884121201093152,0.09806258582043031,0.02238732464972222,Türgriffen,2.875774049445398
-5.652571012917175,0.7060921548733605,0.0760461613320348,0.18988616418096993,0.04354847389743967,problem+en tür+griff+en,2.724920918772043
-5.418245436811011,0.5520489854581827,-0.15143317023301647,0.035794085101232276,0.007972713380044835,tür+griff+en ruf+t,2.9861921029166947
-5.355480432144715,0.5078717638891739,-0.2089542088793571,-0.002572462967819822,-0.000932296530750179,ruf+t tesla,3.057707174867378
-5.476938395520829,0.592403102981887,-0.09636394588504191,0.07275303712576253,0.01653430829476936,tesla china,2.9198322847429057
-5.531114317721302,0.6287037266304034,-0.044412543434365626,0.1078221053280729,0.024642035014012145,knapp,2.859078607247481
-5.531114317721302,0.6287037266304034,-0.044412543434365626,0.1078221053280729,0.024642035014012145,china knapp,2.859078607247481
-5.538090939568138,0.6333056598941982,-0.037643287488843824,0.11240601052974131,0.025700598959379747,knapp drei,2.8512926908420058
-5.3613600020006285,0.5120508215184236,-0.20362504444878585,0.0009718141147017079,-0.00010894529143572196,drei million+en,3.0509856326584943
-5.7086781046347905,0.7396107944264234,0.13357836122826264,0.2294481470461741,0.052627212830142475,million+en auto+s,2.6640625898122683
-5.591759496524785,0.6680987512754526,0.015039229986905593,0.1481938848656344,0.033955175964147086,auto+s zurück,2.7917100445880774
-5.730647972773104,0.7522905067602896,0.15643209262599364,0.24522916869179068,0.056241727467554056,bisher wohl,2.6404510179292195
-5.733569461865552,0.7539565950576639,0.15948490890497735,0.24734003222001544,0.056724895508831794,wohl groß,2.6373209905840684
-5.737471530752677,0.756174409085798,0.16356742965436988,0.2501639228612159,0.057371157775764084,Rückrufaktion,2.633144033373053
-5.737471530752677,0.756174409085798,0.16356742965436988,0.2501639228612159,0.057371157775764084,groß rückruf+aktion,2.633144033373053
-5.747563267701464,0.7618700373627463,0.17415260267137578,0.25749125859103095,0.0590474411278122,Autoherstellers,2.6223609078424097
-5.747563267701464,0.7618700373627463,0.17415260267137578,0.25749125859103095,0.0590474411278122,rückruf+aktion auto+hersteller+s,2.6223609078424097
-5.757577423144859,0.7674635594749988,0.18469448374571,0.2647965768825513,0.06071779499582615,auto+hersteller+s land,2.611688974247929
-5.772292847151467,0.7755749399028955,0.20025407662167227,0.2755935678101322,0.06318486534453706,artikel+zusammenfassung tesla,2.596059264420068
-5.774179210440236,0.7766052528715155,0.2022545552018315,0.276982978065766,0.06350219586555937,tesla zieh+t,2.5940602765717964
-5.776901282508504,0.7780881711987091,0.20514365940085635,0.27899007761645067,0.06396054335134545,zieh+t china,2.5911775404316018
-5.785407539048193,0.7826925793632331,0.2141898338130457,0.285278430384051,0.06539612167742236,million+en e+-+auto+s,2.582183472023141
-5.788385178130271,0.78429366316128,0.2173628937722808,0.2874855335032389,0.06589982253573874,Reißleine,2.579040221077393
-5.788385178130271,0.78429366316128,0.2173628937722808,0.2874855335032389,0.06589982253573874,e+-+auto+s reiß+leine,2.579040221077393
-5.790980221822082,0.7856844530121754,0.2201309610717463,0.28941152063481046,0.06633929840447468,Auslöser,2.5763030415168258
-5.7947609139228895,0.7877030097425788,0.22416824653854742,0.29222159490980515,0.06698039105360186,Sicherheitsproblem,2.5723189562063804
-5.7947609139228895,0.7877030097425788,0.22416824653854742,0.29222159490980515,0.06698039105360186,auslöser sicherheit+s+problem,2.5723189562063804
-5.800259383284591,0.790622335723526,0.23004944419155468,0.2963171709135276,0.06791451137337716,versenkbaren,2.5665325351569814
-5.800259383284591,0.790622335723526,0.23004944419155468,0.2963171709135276,0.06791451137337716,sicherheit+s+problem versenk+bar+en,2.5665325351569814
-5.802711316060517,0.791917843473414,0.23267569178433978,0.2981468471837333,0.0683317291975624,versenk+bar+en tür+griff+en,2.56395521920323
-5.804873589011505,0.7930570547533298,0.23499355033886726,0.2997620815324289,0.06869999911228157,tür+griff+en nach,2.561683932380653
-5.806776416343906,0.7940570427425249,0.23703473873652856,0.3011848318374043,0.06902434486091562,Crash,2.5596863836381893
-5.806776416343906,0.7940570427425249,0.23703473873652856,0.3011848318374043,0.06902434486091562,nach crash,2.5596863836381893
-5.809739131255077,0.7956092883721857,0.2402155713480588,0.30340253070105494,0.06952984422958082,+1234,2.556578455803675
-5.809739131255077,0.7956092883721857,0.2402155713480588,0.30340253070105494,0.06952984422958082,crash +1234,2.556578455803675
-5.810687727412976,0.7961050576894435,0.24123469556048968,0.3041132241080504,0.0696918202682837,+1234 chars,2.5555839517819146
-5.276202284057567,0.4507943857325767,-0.2796401172580756,-0.04938359589407426,-0.01181969765727274,Infrastruktur,3.1487459285848636
-5.23496909374684,0.4206274844717499,-0.3155589501572049,-0.07302690989982197,-0.017327476081696866,Fahrräder,3.1963706021447917
-5.23496909374684,0.4206274844717499,-0.3155589501572049,-0.07302690989982197,-0.017327476081696866,infrastruktur fahr+rad+er,3.1963706021447917
-5.20530392933028,0.3987463092642247,-0.34105127151123205,-0.08974778887996449,-0.02122603173062043,Strampelstadt,3.230738547324211
-5.20530392933028,0.3987463092642247,-0.34105127151123205,-0.08974778887996449,-0.02122603173062043,fahr+rad+er strampelstadt,3.230738547324211
-5.150152077213111,0.3577139803812781,-0.38768414569550436,-0.12020680240269496,-0.028334589184154754,Neckar,3.294845884627423
-5.150152077213111,0.3577139803812781,-0.38768414569550436,-0.12020680240269496,-0.028334589184154754,strampelstadt neckar,3.294845884627423
-4.379474969893217,-0.23776021467945085,-0.9504390016991864,-0.4739061695731329,-0.11137579728672017,Tübingen,4.207207539648341
-5.110412983283989,0.3278961456113072,-0.4206844841403211,-0.1416604023385151,-0.033346564714857904,neckar tübingen,3.341194289013389
-4.300963970788768,-0.29897103498586386,-0.9999444024514721,-0.5037068354125204,-0.11840061788650447,tübingen geb+t,4.301002060708797
-4.156416611179177,-0.41140848779218864,-1.0879855653322348,-0.5561351131919174,-0.13076467495177424,beheizte,4.473818563645007
-4.156416611179177,-0.41140848779218864,-1.0879855653322348,-0.5561351131919174,-0.13076467495177424,geb+t beheiz+t+e,4.473818563645007
-4.020233762412222,-0.5169232114981521,-1.16749152419445,-0.6028362208189635,-0.14178199772840788,Fahrradbrücke,4.636722982130567
-4.020233762412222,-0.5169232114981521,-1.16749152419445,-0.6028362208189635,-0.14178199772840788,beheiz+t+e fahr+rad+brücke,4.636722982130567
-3.6099303689007955,-0.8315906179572696,-1.3892148998551883,-0.7296695654120803,-0.17170600728600902,fahr+rad+brücke viel+e,5.12752365550196
-3.133184849912653,-1.190065734939611,-1.618609817061021,-0.8552071120336752,-0.20129378142331988,Radwege,5.69690625624177
-3.133184849912653,-1.190065734939611,-1.618609817061021,-0.8552071120336752,-0.20129378142331988,viel+e rad+weg+e,5.69690625624177
-3.6099303689007955,-0.8315906179572696,-1.3892148998551883,-0.7296695654120803,-0.17170600728600902,rad+weg+e viel+e,5.12752365550196
-3.4111135989426815,-0.9820600129643271,-1.4882027050675137,-0.7845830699441707,-0.1846550269832887,Radfahrende,5.3651361242457725
-3.4111135989426815,-0.9820600129643271,-1.4882027050675137,-0.7845830699441707,-0.1846550269832887,viel+e rad+fahr+end+e,5.3651361242457725
-2.4637630407810125,-1.6799468197963,-1.9006515829873933,-1.0007353645937584,-0.2354845952757769,gelingt,6.493688594955716
-2.4637630407810125,-1.6799468197963,-1.9006515829873933,-1.0007353645937584,-0.2354845952757769,warum geling+t,6.493688594955716
0.6519750073573984,-3.7934186366464364,-2.845554180995274,-1.3988714200215182,-0.327074691529345,geling+t verkehr+s+wende,10.158638187853425
-2.994910380443306,-1.2925302319250611,-1.6803498707335625,-0.8879318615668449,-0.20899546274964292,besser,5.861769579340907
-2.994910380443306,-1.2925302319250611,-1.6803498707335625,-0.8879318615668449,-0.20899546274964292,verkehr+s+wende gut+er,5.861769579340907
-3.474989280785259,-0.93386773709079,-1.4569474058242566,-0.7673630152950046,-0.18059525701100848,anderswo,5.2888186844600025
-3.474989280785259,-0.93386773709079,-1.4569474058242566,-0.7673630152950046,-0.18059525701100848,gut+er anderswo,5.2888186844600025
-5.543588453364318,0.6173535476148151,0.17288798253970655,0.16601785241428235,0.03451266049031336,hitze+sommer deutschland,2.8594602070388704
-5.55328304350137,0.6234314635621967,0.17987800092969186,0.17183375587030758,0.03588832736287646,deutschland hitze+sommer,2.848709868026395
-5.023572263511032,0.2451311702017951,-0.11646294824270786,-0.0954890670576034,-0.028965213920293956,verursacht,3.4610038838470247
-5.524892363150435,0.6056696226467064,0.15911494154385025,0.1547846777035255,0.03186258835259241,hitze+sommer verursach+t,2.8801727445155354
-5.515401515528604,0.5997537198761036,0.15198818002152537,0.14907650190675342,0.030519171316204005,laut,2.8906792106705135
-5.515401515528604,0.5997537198761036,0.15198818002152537,0.14907650190675342,0.030519171316204005,verursach+t laut,2.8906792106705135
-4.679607157809602,-0.01584776086861206,-0.2835145475667381,-0.23655962623870835,-0.06347777917970006,Greenpeace,3.8682534723362005
-5.510776422247397,0.5968737383395604,0.14848479177255702,0.14629397119708182,0.029865031587380284,laut greenpeace,2.8957976837563675
-5.496609521174312,0.588061559907908,0.13763876478064907,0.13776967248231703,0.027863836284620094,greenpeace milliarde+n,2.911470916900129
-5.002658066507833,0.2042877766853799,-0.07829694230423198,-0.09049128588839192,-0.029105041864938522,Schäden,3.498005676550185
-5.477712770141327,0.5763207933055827,0.12292848132312234,0.12640267378018583,0.025201159170906998,euro schaden,2.932369739151638
-5.466886457691443,0.5695963056623699,0.11439075282964714,0.11989558157161273,0.023679578442818497,schaden der,2.944341920065212
-5.4610558502162885,0.565974228832014,0.10976305599843492,0.11639355877668817,0.02286141506238988,Umweltorganisation,2.950789889937806
-5.4610558502162885,0.565974228832014,0.10976305599843492,0.11639355877668817,0.02286141506238988,der umwelt+organisation,2.950789889937806
-5.510776422247397,0.5968737383395604,0.14848479177255702,0.14629397119708182,0.029865031587380284,umwelt+organisation greenpeace,2.8957976837563675
-5.404638819852366,0.5308311647762645,0.06414959613095415,0.08265138487459722,0.01499943430017768,greenpeace seh+t,3.013228579636798
-5.38944892702289,0.5213179542456929,0.05167787765740386,0.0736270384230589,0.012901775970723603,seh+t hoch+e,3.030065767923141
-5.375287263279789,0.5124216165565529,0.0400025957894394,0.06524254376525229,0.010954232281427959,Einbußen,3.0457770800041017
-5.375287263279789,0.5124216165565529,0.0400025957894394,0.06524254376525229,0.010954232281427959,hoch+e einbuße+n,3.0457770800041017
-5.316694777352405,0.475281299226908,-0.008586888139203372,0.0308969353032717,0.0029863066921636677,Arbeitswelt,3.110952337090688
-5.316694777352405,0.475281299226908,-0.008586888139203372,0.0308969353032717,0.0029863066921636677,einbuße+n arbeit+s+welt,3.110952337090688
-5.162093709597562,0.3742128820879549,-0.13627754430451144,-0.05648010339514159,-0.017262332299001565,heißen,3.2845315726500717
-5.162093709597562,0.3742128820879549,-0.13627754430451144,-0.05648010339514159,-0.017262332299001565,arbeit+s+welt heiß+en,3.2845315726500717
-5.061649431558575,0.30614505487634114,-0.21723905404879854,-0.1104405726910894,-0.029777689683552364,heiß+en sommer,3.398600606167585
-4.4326069477235315,-0.14728793410496555,-0.672182219183172,-0.4002361154061239,-0.09732071179280391,auch niedrigwasser,4.129276034406366
-4.563317923786899,-0.1128760321075859,-0.3217441663451246,-0.2751002768070039,-0.07334507944498042,Ernteausfälle,4.010650604301479
-5.0877030613956675,0.32250399787421413,-0.1868451456659147,-0.09422395956476137,-0.026191767113674838,niedrigwasser ernte+ausfall+e,3.3698327849597733
-0.5156529334054483,-2.168562373945631,1.1873879333257404,-0.5987287989525956,-0.06950170514176202,Brände,8.501739123311806
-5.252147441753749,0.4287326544633103,-0.041423688929810465,-0.0008237432377272702,-0.004777143207732287,ernte+ausfall+e brand+e,3.185855395477368
-5.286436248098779,0.44941741872112706,-0.008696696714408633,0.019907349521324447,-6.749410274201062e-05,kosten,3.1482501519071544
-5.286436248098779,0.44941741872112706,-0.008696696714408633,0.019907349521324447,-6.749410274201062e-05,brand+e kost+en,3.1482501519071544
-5.313074913551215,0.4649157010256171,0.01770189807366237,0.0364262619492981,0.003665923145440661,kost+en milliarde+n,3.119323362625638
-5.366051681146862,0.4933281068867672,0.07449070763753918,0.07083662486136222,0.011353016842800337,der hitze+sommer,3.0629967437187515
-5.385327232548992,0.5021766722066023,0.09789109064156448,0.08423440529739767,0.014287769148265475,hitze+sommer 2026,3.0432373321461115
-5.39178369922924,0.5047878993195323,0.10638537736872558,0.08891736705671177,0.01529997416838684,2026 verursach+t,3.036791763671886
-5.405992435031842,0.5093817609058051,0.12721891752787118,0.09983874292240419,0.017617128436756876,verursach+t deutschland,3.0231702919765966
-5.419553525624898,0.5096451767471939,0.15465045424318505,0.1123825119188645,0.020130343174176765,Berechnung,3.0121755803105907
-5.419553525624898,0.5096451767471939,0.15465045424318505,0.1123825119188645,0.020130343174176765,deutschland berechnung,3.0121755803105907
-5.422941885913373,0.5053172428535446,0.16939307418859406,0.11771416712376354,0.021067125621114555,berechnung greenpeace,3.011560293704666
-5.4228024834979,0.49972191297075286,0.17903496536336752,0.1203516325859102,0.021429070258420294,volkswirtschaftliche,3.0143832691793806
-5.4228024834979,0.49972191297075286,0.17903496536336752,0.1203516325859102,0.021429070258420294,greenpeace volkswirtschaftlich+e,3.0143832691793806
-5.415640414498825,0.4819616390916457,0.19521028557886813,0.12231352536206852,0.021303565163406632,volkswirtschaftlich+e schaden,3.0287125451343146
-5.406407598669617,0.4660730842333818,0.20325002652044127,0.12131506636059214,0.02064850824031196,mindestens,3.0437814501592197
-5.406407598669617,0.4660730842333818,0.20325002652044127,0.12131506636059214,0.02064850824031196,schaden mindestens,3.0437814501592197
-5.388599557186144,0.4391323390660362,0.21138109282413725,0.11744459889004083,0.019117232493008188,mindestens milliarde+n,3.071035167406984
-5.272427960256518,0.2817715555925677,0.2165560866998409,0.0817476926824755,0.007847809899647576,ernte+ausfall+e wald+brand+e,3.2396879212959324
-4.935000299310587,-0.15480795695621175,0.14643220632665227,-0.0245841901429516,-0.023243550112530736,Gesundheitskosten,3.719957555825271
-4.935000299310587,-0.15480795695621175,0.14643220632665227,-0.0245841901429516,-0.023243550112530736,wald+brand+e gesundheit+s+kosten,3.719957555825271
-5.3148739036795005,0.3247212108342956,0.23144138440819798,0.09953875130573508,0.012542283202547536,gesundheit+s+kosten di…,3.184831899001014
-5.34460215682965,0.36106380529525883,0.23560792671720118,0.11024731315401531,0.01563601458120352,+3202,3.143532676812555
-5.34460215682965,0.36106380529525883,0.23560792671720118,0.11024731315401531,0.01563601458120352,di… +3202,3.143532676812555
-5.372257705531489,0.39433653671432767,0.23908384284914896,0.12036894050618335,0.018554518073473983,+3202 char+s,3.1053537198333916
-5.263063063916597,0.08880373964676092,-0.542619680005265,1.8814605232294717,-1.2843760411211156,wärme+wende hamburg,3.457112814409484
-5.363582672840288,0.22331974249595254,-0.447327944318921,1.8129925799673943,-1.1953795895567112,Habecks,3.3054678870542866
-5.363582672840288,0.22331974249595254,-0.447327944318921,1.8129925799673943,-1.1953795895567112,hamburg hab+eck+s,3.3054678870542866
-5.41947010089655,0.29888581637191547,-0.39094370974984494,1.768267777783428,-1.1398853985249833,Geist,3.2203806305343283
-5.41947010089655,0.29888581637191547,-0.39094370974984494,1.768267777783428,-1.1398853985249833,hab+eck+s geist,3.2203806305343283
-5.450709477409981,0.3412800602394479,-0.3582289900884845,1.7406909525748457,-1.1066090867855871,weht,3.1725797689128927
-5.450709477409981,0.3412800602394479,-0.3582289900884845,1.7406909525748457,-1.1066090867855871,geist weh+t,3.1725797689128927
-5.263063063916597,0.08880373964676092,-0.542619680005265,1.8814605232294717,-1.2843760411211156,weh+t hamburg,3.457112814409484
-5.526031120983314,0.4435916124115673,-0.27537556436106203,1.66481587479779,-1.0183872526512525,hamburg deutschland,3.0566484248338432
-5.317768877076617,0.16175539338754596,-0.49167328016841727,1.8458930754288205,-1.2375006924759917,Gas-,3.3748043963657057
-5.317768877076617,0.16175539338754596,-0.49167328016841727,1.8458930754288205,-1.2375006924759917,deutschland gas+-,3.3748043963657057
-5.341045159752064,0.1929848685229949,-0.4693436973280818,1.8295635632550458,-1.2164511414810848,Ölheizungen,3.339623689811486
-5.341045159752064,0.1929848685229949,-0.4693436973280818,1.8295635632550458,-1.2164511414810848,gas+- öl+heizung+en,3.339623689811486
-5.367736396237632,0.22892016463009313,-0.4432266200638202,1.8098521682813542,-1.1914182853473798,verbaut,3.2991630208492277
-5.367736396237632,0.22892016463009313,-0.4432266200638202,1.8098521682813542,-1.1914182853473798,öl+heizung+en verbau+t,3.2991630208492277
-5.410455169790593,0.28666878818339847,-0.4002195325545935,1.7758623071278021,-1.1491722443239618,ganz deutschland,3.2341430497721766
-5.429321112476175,0.3122455586479569,-0.3807244628042912,1.7597877939132969,-1.129579258873337,Nein,3.205325500322786
-5.448358911225954,0.3380876567630984,-0.360722259393934,1.7428372969452808,-1.109174540659773,Heizungsgesetz,3.176182378276127
-5.448358911225954,0.3380876567630984,-0.360722259393934,1.7428372969452808,-1.109174540659773,alt+e heizung+s+gesetz,3.176182378276127
-5.475127632704014,0.3744568815533069,-0.33201066397117773,1.7176558632997498,-1.0793270447688756,heizung+s+gesetz hamburg,3.1350992660238686
-5.4826508698836,0.38468091807566296,-0.32381293354117635,1.7102745820621623,-1.07067982241362,fortleben,3.1235312327891767
-5.4826508698836,0.38468091807566296,-0.32381293354117635,1.7102745820621623,-1.07067982241362,hamburg fort+leb+en,3.1235312327891767
-4.194658727927431,-0.16940930223989747,0.8349249373497143,-0.13642468512103884,0.000470703916123999,NICHT,4.3811354700811895
-4.13172669164518,-0.19766088245242797,0.8078063259943268,-0.1593674286643776,-0.004382967486469699,AUTORISIERT,4.44755019619236
-4.13172669164518,-0.19766088245242797,0.8078063259943268,-0.1593674286643776,-0.004382967486469699,nicht autorisier+t,4.44755019619236
-1.865382877982567,-1.3913057948269008,0.6633423617789673,-0.5980970715703873,-0.08484849788396148,Klimaforscher,6.953910886989644
-2.4711292688160347,-1.1083094653849854,0.9690006429202979,-0.43901912963492984,-0.04965769518732757,Mojib,6.304164294123769
-2.4711292688160347,-1.1083094653849854,0.9690006429202979,-0.43901912963492984,-0.04965769518732757,klima+forscher mojib,6.304164294123769
1.4106891332526423,-3.1901536767044543,1.3530215922550026,-0.6755963656954491,-0.0695517801684727,Latif,10.66398315678736
-2.524975965930218,-1.089866524618989,1.014100829817534,-0.4188379595214794,-0.04501491707182115,mojib latif,6.249902068116857
-4.117812500120442,-0.23078516086244782,0.9233966853412637,-0.13287318134199122,0.0032010332132307168,Extremsommer,4.4770696616580405
-4.117812500120442,-0.23078516086244782,0.9233966853412637,-0.13287318134199122,0.0032010332132307168,latif extrem+sommer,4.4770696616580405
-4.088309709398235,-0.2517043071309968,0.9439234455011252,-0.13477785507582735,0.0033314804876598964,extrem+sommer 2026,4.512421863909812
-4.043407967665039,-0.27383585359669915,0.937807587906173,-0.147427680563512,0.000882123301688395,2026 der,4.56104402550125
-3.9258308812762595,-0.32973844321804613,0.9121909793707584,-0.18228325309092963,-0.006060642494730359,gefährlich,4.6872952536655745
-3.9258308812762595,-0.32973844321804613,0.9121909793707584,-0.18228325309092963,-0.006060642494730359,der gefährlich,4.6872952536655745
-3.746898689169363,-0.3784620113774797,0.6034209422526653,-0.30065055224397125,-0.03521351655845603,gefährlich klima+forscher,4.856908660849159
-0.8878171850752477,-2.0179988868836864,1.3169001017722368,-0.5284567090444636,-0.053211114436679585,latif sommer,8.109546848282596
-3.6540397659180304,-0.5138051085057831,1.0632715062857472,-0.2022971372349953,-0.006067810617493355,2026 außergewöhnlich,5.008941084563918
-3.543588217399984,-0.5846530390839071,1.1050878974791656,-0.21380787963115927,-0.00712472943714855,außergewöhnlich mach+t,5.1375872106906595
-3.4829989675228106,-0.622067717995435,1.1230233286212943,-0.22111510652060012,-0.007993002436685104,mach+t hitze,5.207429145099993
-3.4138716697602227,-0.6640639166687077,1.1411895580438192,-0.2297746468644652,-0.009088567977239809,hitze dürre,5.286780619947855
-3.271037536080808,-0.7455743582957783,1.163332098666919,-0.25105246507635476,-0.012293591161335299,dürre fluss+e,5.448124718477233
-3.070390866263594,-0.8572282423269342,1.1865976691884883,-0.28110545647705465,-0.01695457818736372,heiße,5.673518753164202
-3.070390866263594,-0.8572282423269342,1.1865976691884883,-0.28110545647705465,-0.01695457818736372,fluss+e heiß+e,5.673518753164202
-2.94980290070981,-0.9239715752263566,1.1997543644646156,-0.2983103974257009,-0.019593469482770062,Mittelmeer,5.808905327849413
-2.94980290070981,-0.9239715752263566,1.1997543644646156,-0.2983103974257009,-0.019593469482770062,heiß+e mittelmeer,5.808905327849413
-2.5572117175949955,-1.1395748307005387,1.2388855145856454,-0.3502154740058255,-0.027400445598041626,mittelmeer grad,6.249335205621179
-2.2639760304328966,-1.2991082420608668,1.264961766521705,-0.385230647788421,-0.03250971539286987,grad deutschland,6.578008350889612
-0.8643598978811928,-2.046926963312873,1.3634943541177935,-0.516393776318498,-0.04988584593283313,Angst,8.144293135862288
-0.8643598978811928,-2.046926963312873,1.3634943541177935,-0.516393776318498,-0.04988584593283313,deutschland angst,8.144293135862288
3.7022712504723483,-4.400263638155922,1.5475429444816862,-0.6893196996858815,-0.05589011588655239,angst klima+wandel,13.241572677312993
-1.2839810339811724,-1.8247420541091248,1.3375759599629755,-0.4825848650231721,-0.04575898443409501,herr latif,7.675051166330585
-3.1425929323003823,-0.8171386941551742,1.1784316613481942,-0.2705007666207072,-0.015316997130711121,tatsächlich westeuropa,5.5924298967531225
-3.3822458447063566,-0.6833460217998932,1.149624098418459,-0.2335881951916761,-0.00955806818304944,westeuropa nie,5.323127936462853
-3.4325540031425064,-0.6551100943114392,1.143216295143238,-0.22549014338499956,-0.008283515790998702,dagewesene,5.26656406842913
-3.4325540031425064,-0.6551100943114392,1.143216295143238,-0.22549014338499956,-0.008283515790998702,nie da+ge+gewes+en+e,5.26656406842913
-3.5560847049051434,-0.5855419302439575,1.1268985632851056,-0.20506458473526257,-0.005052843727637563,Hitze-,5.127622079435203
-3.5560847049051434,-0.5855419302439575,1.1268985632851056,-0.20506458473526257,-0.005052843727637563,da+ge+gewes+en+e hitze+-,5.127622079435203
-3.6620210683122743,-0.5256038426347556,1.112198751095421,-0.18691392634734494,-0.0021643761266535583,Dürrephase,5.008409137606914
-3.6620210683122743,-0.5256038426347556,1.112198751095421,-0.18691392634734494,-0.0021643761266535583,hitze+- dürre+phase,5.008409137606914
-2.3686612827210354,-1.2422910156521234,1.2559284883717354,-0.37307614913822096,-0.03075255632320535,erlebt,6.460697948029062
-3.754240652637278,-0.4732063907890529,1.09882818311955,-0.17061665479844904,0.0004419485632207454,dürre+phase erleb+t,4.904583861111666
-3.8759826553476273,-0.40370446899129986,1.0802904835406524,-0.1483638532567081,0.0040183251121805735,bei temperatur+en,4.7674478314957565
-4.010968282725253,-0.3261768617565921,1.0584447358220892,-0.12266145745045251,0.008171465391090385,Fall,4.615289810755155
-4.010968282725253,-0.3261768617565921,1.0584447358220892,-0.12266145745045251,0.008171465391090385,temperatur+en fall,4.615289810755155
-4.041817353178988,-0.30838712413084624,1.0532465467826257,-0.11662965799066835,0.00914922430941413,Wochenlang,4.580500069585021
-4.041817353178988,-0.30838712413084624,1.0532465467826257,-0.11662965799066835,0.00914922430941413,fall wochenlang,4.580500069585021
-4.094535174470228,-0.2779222016429861,1.044175542783099,-0.1061818677676726,0.01084536609127966,wochenlang werd+en,4.52103356214518
-4.12576597743064,-0.25983545897843285,1.0386863607693775,-0.09990774438355526,0.011865409648917594,werd+en zahlreich+e,4.485795928853422
-4.171636151786887,-0.23321703594490284,1.0304627467798868,-0.09057629389861135,0.013384434796726533,Allzeitrekorde,4.434028559291866
-4.171636151786887,-0.23321703594490284,1.0304627467798868,-0.09057629389861135,0.013384434796726533,zahlreich+e all+zeit+rekord+e,4.434028559291866
-4.228669075500433,-0.20003005487755354,1.019959682511281,-0.07877723389452584,0.015308226937415001,ge…,4.369642628416049
-4.228669075500433,-0.20003005487755354,1.019959682511281,-0.07877723389452584,0.015308226937415001,all+zeit+rekord+e ge…,4.369642628416049
-4.246428932132291,-0.1896747839583437,1.016623895863873,-0.07505774902633111,0.01591534222636952,+12170,4.349588282915036
-4.246428932132291,-0.1896747839583437,1.016623895863873,-0.07505774902633111,0.01591534222636952,ge… +12170,4.349588282915036
-4.270344083361387,-0.1757145577946555,1.0120816680418308,-0.07001467824682256,0.016738983605234556,+12170 chars,4.322579751887981
-4.659093009510106,-0.01954169419213514,-0.7635020188666998,-0.35937844295925736,-0.08440825713781228,mit deutsch+land+ticket,3.8738941137902834
-5.1332239227086855,0.34503619646337436,-0.40180242661764776,-0.12939543731636277,-0.030480727817631934,Ausland,3.314574284397542
-5.399661276564908,0.5390717220268793,-0.16861064237411102,0.024311151579544277,0.005309288611723792,deutsch+land+ticket ausland,3.007310855692524
-5.117997828899466,0.3336023495921552,-0.41442408330089664,-0.13759697925822667,-0.032396956207986397,Diese,3.3323384523491613
-5.470678139580204,0.5881472830138259,-0.10229744655000764,0.06876019804225997,0.015610181845212137,ausland dieser+e,2.9268846153066406
-5.335121190168149,0.4933403323321688,-0.22731412191182668,-0.014766981952218927,-0.0037662138681442,Ziele,3.08101552187634
-5.504850962164284,0.6112276637350433,-0.06973300433582164,0.09070539935346866,0.02068678235447889,dieser+e ziel+e,2.8884672853686135
-5.551891165437169,0.6423567180571599,-0.024199740154741148,0.12151934004027792,0.027804298435019317,erreichbar,2.835918328932521
-5.551891165437169,0.6423567180571599,-0.024199740154741148,0.12151934004027792,0.027804298435019317,ziel+e erreich+bar,2.835918328932521
-5.571896102238393,0.6553508626632716,-0.004585258756588939,0.13483933596102987,0.03087699923163477,Salzburg,2.8136962596080153
-5.571896102238393,0.6553508626632716,-0.004585258756588939,0.13483933596102987,0.03087699923163477,erreich+bar salzburg,2.8136962596080153
-5.536599041940054,0.6323230339550925,-0.039092366570747425,0.11142446554327878,0.025473954066774954,Schaffhausen,2.8529568958086102
-5.536599041940054,0.6323230339550925,-0.039092366570747425,0.11142446554327878,0.025473954066774954,salzburg schaff+haus+en,2.8529568958086102
-5.464154672869331,0.5836997696493531,-0.10846516009550819,0.06461247105802825,0.014649993531156022,Wissembourg,2.9342401909982128
-5.464154672869331,0.5836997696493531,-0.10846516009550819,0.06461247105802825,0.014649993531156022,schaff+haus+en wissembourg,2.9342401909982128
-5.355480432144715,0.5078717638891739,-0.2089542088793571,-0.002572462967819822,-0.000932296530750179,reisen,3.057707174867378
-5.355480432144715,0.5078717638891739,-0.2089542088793571,-0.002572462967819822,-0.000932296530750179,deutsch+land+ticket reis+en,3.057707174867378
-5.4268361810530035,0.5580167372451308,-0.14345078763758712,0.04113759134612266,0.009211582132032423,reis+en sie,2.9764465075229904
-5.45734871924601,0.579046004804022,-0.11488339050227758,0.060299221740124254,0.013651257760244104,überraschend,2.941921511722083
-5.45734871924601,0.579046004804022,-0.11488339050227758,0.060299221740124254,0.013651257760244104,sie überrasch+end,2.941921511722083
-1.5596092073383385,-1.6159404565203577,1.121388719560925,-0.5157965415119731,-0.05763702653594731,weit,7.3341089169228075
-5.528244305098925,0.626805585282497,-0.04719198731802765,0.10594092289195012,0.024207530553649007,überrasch+end weit,2.8622841338455607
-5.571896102238393,0.6553508626632716,-0.004585258756588939,0.13483933596102987,0.03087699923163477,Strecken,2.8136962596080153
-5.571896102238393,0.6553508626632716,-0.004585258756588939,0.13483933596102987,0.03087699923163477,dieser+e strecke+n,2.8136962596080153
-5.596874845058019,0.6713558859882056,0.020117127474889654,0.15165393119480697,0.034752290923953585,strecke+n gelt+en,2.7860610887693267
-5.619487859161412,0.685623174522074,0.0426830183708449,0.1670526071788212,0.038297693647014866,gelt+en europäisch+en,2.761155444607598
-5.643226400298355,0.7003609290055568,0.0665803884247082,0.18339972946084493,0.042057654045770346,europäisch+en ausland,2.7351304900038893
-5.662456877255204,0.7121107144254992,0.08609630150355413,0.19678006321271435,0.045132243535999,Deutsch­land­ticket,2.7141421915701267
-5.662456877255204,0.7121107144254992,0.08609630150355413,0.19678006321271435,0.045132243535999,der deutsch­land­ticket,2.7141421915701267
-5.6860326477340895,0.7262724944371595,0.1102137212507639,0.213352914150152,0.04893661119406108,deutsch­land­ticket gelt,2.688531871863157
-5.700338756620345,0.7347298926819357,0.12495150160920093,0.2235008057979141,0.05126398018797111,innerhalb,2.673058335411365
-5.700338756620345,0.7347298926819357,0.12495150160920093,0.2235008057979141,0.05126398018797111,gelt innerhalb,2.673058335411365
-5.7086781046347905,0.7396107944264234,0.13357836122826264,0.2294481470461741,0.052627212830142475,Deutsch­lands,2.6640625898122683
-5.7086781046347905,0.7396107944264234,0.13357836122826264,0.2294481470461741,0.052627212830142475,innerhalb deutsch­land+s,2.6640625898122683
-5.722465281332033,0.7475987509673581,0.14789879920468868,0.23933237092185833,0.05489158758882194,ausge­wählten,2.6492301136795784
-5.722465281332033,0.7475987509673581,0.14789879920468868,0.23933237092185833,0.05489158758882194,auf ausge­wählt+en,2.6492301136795784
-5.7312416664376915,0.752629469573135,0.15705221214543136,0.24565789519155834,0.05633986713967619,Regio­nalver­kehrs­stre­cken,2.6398147575254787
-5.7312416664376915,0.752629469573135,0.15705221214543136,0.24565789519155834,0.05633986713967619,ausge­wählt+en regio­nalver­kehrs­stre­cke+n,2.6398147575254787
-5.749871397193566,0.7631644679387926,0.17657900382469185,0.25917200444937616,0.0594318212796429,Reisende,2.619898649756339
-5.749871397193566,0.7631644679387926,0.17657900382469185,0.25917200444937616,0.0594318212796429,regio­nalver­kehrs­stre­cke+n reis+end+e,2.619898649756339
-5.758380436131297,0.7679095373859017,0.18554145502423852,0.2653838557930017,0.06085203677092772,reis+end+e ziel+e,2.610834452644243
-5.761875104983202,0.7698459468993066,0.18923026318658778,0.26794222478019636,0.06143676756820561,ziel+e österreich,2.6071177798331
-5.235763451562253,0.4212114379596261,-0.3148723370584279,-0.07257586570830737,-0.01722235112494891,Frankreich,3.1954514827379596
-5.766254316812056,0.7722621766536901,0.19385925902952786,0.27115403420973194,0.06217068912954345,österreich frankreich,2.602465355863334
-5.770345540988544,0.7745090597698883,0.19819037402229409,0.2741605453706051,0.06285753952063512,Dänemark,2.5981239337264412
-5.770345540988544,0.7745090597698883,0.19819037402229409,0.2741605453706051,0.06285753952063512,frankreich dänemark,2.5981239337264412
-5.774795003664282,0.7769411208007226,0.20290789076496485,0.2774368069339487,0.06360583968695034,Nieder­landen,2.5934079453424177
-5.774795003664282,0.7769411208007226,0.20290789076496485,0.2774368069339487,0.06360583968695034,dänemark nieder­land+en,2.5934079453424177
-5.779784914638343,0.7796541151656085,0.20820727763995656,0.2811190653390466,0.06444664987404598,+5263,2.5881261117387404
-5.779784914638343,0.7796541151656085,0.20820727763995656,0.2811190653390466,0.06444664987404598,nieder­land+en +5263,2.5881261117387404
-5.7814486841944905,0.7805552711597599,0.20997631598529629,0.2823487210831429,0.06472737853902892,+5263 char+s,2.5863666585893847
3.037543457715385,-4.062815095492899,1.527622543789345,-0.6805266784931269,-0.05831155423735036,UV-Strahlung,12.500248633118634
-2.420496080492356,-1.2141030470635492,1.2513451458170322,-0.3669177132964917,-0.02985538854741357,uv+-+strahlung der,6.40260137174626
-2.2639760304328966,-1.2991082420608668,1.264961766521705,-0.385230647788421,-0.03250971539286987,Wolkendecke,6.578008350889612
-2.2639760304328966,-1.2991082420608668,1.264961766521705,-0.385230647788421,-0.03250971539286987,der wolke+n+decke,6.578008350889612
-1.1898039146388646,-1.8747401790349087,1.3436193869532098,-0.49054433822177435,-0.046758516763316785,dünner,7.780386708693642
-1.1898039146388646,-1.8747401790349087,1.3436193869532098,-0.49054433822177435,-0.046758516763316785,wolke+n+decke dünn+er,7.780386708693642
4.26538976023984,-4.6852015740251485,1.5633207993588047,-0.6936233873561372,-0.05320151786615354,Durch,13.86947776618723
-0.2868155747503227,-2.350468913079102,1.3954157314610514,-0.5564554394917713,-0.054284965920130185,dünn+er durch,8.789771473533607
11.45853616953042,-8.275132379828468,1.7119549969716297,-0.5742903301691672,0.016620250456482397,durch klima+wandel,21.885310535815208
3.7022712504723483,-4.400263638155922,1.5475429444816862,-0.6893196996858815,-0.05589011588655239,steigt,13.241572677312993
3.7022712504723483,-4.400263638155922,1.5475429444816862,-0.6893196996858815,-0.05589011588655239,klima+wandel steig+t,13.241572677312993
0.7609299817741171,-2.895668941418869,1.4448299843597787,-0.6128794151027604,-0.05902929109524901,steig+t uv+-+strahlung,9.959943885102442
0.3892378651690436,-2.702972031235499,1.428367337952589,-0.5950369273908452,-0.057780541841709165,uv+-+strahlung europa,9.54492224570918
-0.0058845114969283685,-2.4972884665030928,1.4096248353091958,-0.57350436256089,-0.055940258782445504,stärker,9.10362051766751
-0.0058845114969283685,-2.4972884665030928,1.4096248353091958,-0.57350436256089,-0.055940258782445504,europa stark+er,9.10362051766751
-0.5209974810198217,-2.227998173401859,1.3841683259081963,-0.5406495324935692,-0.052679327430339554,stark+er bisher,8.528277745610115
-0.7140955102293667,-2.129253962330195,1.381497089029177,-0.524236947212045,-0.05127254380067535,angenommen,8.314022929720005
-0.7140955102293667,-2.129253962330195,1.381497089029177,-0.524236947212045,-0.05127254380067535,bisher an+ge+nehm+en,8.314022929720005
0.14503129819194704,-2.5851610570846186,1.4369007417736817,-0.5743774354698639,-0.05696672135427211,der auswirkung+en,9.277104129568164
8.215822603713205,-6.76784828949328,1.6950989742708151,-0.6209444681393483,-0.023221098212393848,Gesundheit,18.32084557186182
2.743224753848894,-3.982430301498964,1.559485074210666,-0.6457997338466344,-0.060686067519918535,auswirkung+en gesundheit,12.2052349424377
-0.7382720548751571,-2.1134061679333023,1.3708059725377963,-0.5257502707778868,-0.05096729183041941,klima+wandel warum,8.285245132410068
-1.7439941174260198,-1.5793072238470716,1.3059021923698364,-0.4403613834726262,-0.04021913576695986,warum europa,7.160326677148491
-0.7116228160959777,-2.127441114372283,1.3723253775719877,-0.5276826229483379,-0.05118691111920573,schneller,8.315033478118192
-2.1303886941174337,-1.3714043008467032,1.2760776900233493,-0.4002071704660534,-0.03464855196099777,europa schnell+er,6.727667443927141
-2.524654474217498,-1.1573472760946206,1.241902884096153,-0.3542543313609005,-0.027996901887286846,erwärmt,6.285838485885769
-2.524654474217498,-1.1573472760946206,1.241902884096153,-0.3542543313609005,-0.027996901887286846,schnell+er erwärm+t,6.285838485885769
-3.012101094478089,-0.8895230986716394,1.1930305106380819,-0.28949988670842325,-0.01824497199618902,Kontinente,5.738968523115393
-3.012101094478089,-0.8895230986716394,1.1930305106380819,-0.28949988670842325,-0.01824497199618902,erwärm+t kontinent+e,5.738968523115393
-3.209245406664645,-0.7800427700763009,1.170690513228842,-0.2605033599498103,-0.013765965320564788,kontinent+e der,5.517555469126514
-3.271037536080808,-0.7455743582957783,1.163332098666919,-0.25105246507635476,-0.012293591161335299,der hitze+welle+n,5.448124718477233
-3.4798175866528123,-0.6285330156364126,1.1370732379154873,-0.21776711178524258,-0.007064581708302098,hitze+welle+n 2026,5.213412670759332
-3.6438762225984807,-0.5358889365551374,1.1147652290683665,-0.19006547298203041,-0.002667024373313523,Zufall,5.028832116153069
-3.6438762225984807,-0.5358889365551374,1.1147652290683665,-0.19006547298203041,-0.002667024373313523,2026 zufall,5.028832116153069
-2.609875421223749,-1.1107934491207283,1.233935743850426,-0.3435993914024877,-0.02641966862228047,Teil,6.190282043357596
-3.7773948481228254,-0.4600172616186726,1.095382484674885,-0.1664500582795853,0.0011100981603806709,zufall teil,4.878508401160326
-3.8560609402903587,-0.4151042179133615,1.083396513586122,-0.15206424954775835,0.003422294287883959,langfristigen,4.789894501816684
-3.8560609402903587,-0.4151042179133615,1.083396513586122,-0.15206424954775835,0.003422294287883959,teil langfristig+en,4.789894501816684
-3.94416636218609,-0.36460685804246307,1.069434127503953,-0.13551980391296267,0.006090952244466749,Trends,4.690604161919207
-3.94416636218609,-0.36460685804246307,1.069434127503953,-0.13551980391296267,0.006090952244466749,langfristig+en trend+s,4.690604161919207
-4.026590009596693,-0.3171717031688477,1.0558223686874728,-0.1196144945186485,0.008665241574632596,heizt,4.597673331964477
-4.026590009596693,-0.3171717031688477,1.0558223686874728,-0.1196144945186485,0.008665241574632596,europa heiz+t,4.597673331964477
-4.08061886405571,-0.28597220015337177,1.046593550156096,-0.10895718293767842,0.010394503382842632,heiz+t schnell+er,4.536733172316089
-4.210307773239011,-0.21072548186255036,1.0233755366382984,-0.08259993895250856,0.01468458968356652,Kontinent,4.390373716356474
-4.210307773239011,-0.21072548186255036,1.0233755366382984,-0.08259993895250856,0.01468458968356652,schnell+er kontinent,4.390373716356474
-4.283541039169943,-0.16800304882233053,1.0095500373797957,-0.06721471837920773,0.017196509227181925,kontinent historisch+en,4.307673980441325
-4.324265938347914,-0.14416990541210728,1.0016223641063526,-0.05849682643404325,0.01862206242486615,Gründen,4.261667546754579
-4.324265938347914,-0.14416990541210728,1.0016223641063526,-0.05849682643404325,0.01862206242486615,historisch+en grund+en,4.261667546754579
-3.0319542787931555,-0.8785305528099192,1.1908551625590582,-0.28665731659885135,-0.017808609129293093,Landschaft,5.716678100613425
-4.373060300561328,-0.11554162722889383,0.9918875424577741,-0.047895240923859106,0.020357566179298417,europa+s landschaft,4.206528436365364
-4.402272648147161,-0.09836372300342933,0.9859317367035708,-0.04146530445257779,0.02141110896602451,fördert,4.173508704915429
-4.402272648147161,-0.09836372300342933,0.9859317367035708,-0.04146530445257779,0.02141110896602451,landschaft förder+t,4.173508704915429
-4.422475746736149,-0.0864663853883334,0.9817550901489813,-0.03698153000678506,0.022146166327220593,förder+t schnell+e,4.150668479720673
-4.444238208174471,-0.07363485532445035,0.9772021831224231,-0.0321175995325087,0.022943889240467516,Erwärmung,4.126061680109027
-4.444238208174471,-0.07363485532445035,0.9772021831224231,-0.0321175995325087,0.022943889240467516,schnell+e erwärmung,4.126061680109027
-4.469553728714095,-0.058687406445761425,0.9718341501708483,-0.026414641199880184,0.023879648843488158,erwärmung ein,4.097432600785597
-4.478431980197563,-0.053439889421451836,0.96993295395118,-0.024403055338147683,0.024209821256492944,beträchtlicher,4.087391027626531
-4.478431980197563,-0.053439889421451836,0.96993295395118,-0.024403055338147683,0.024209821256492944,ein beträchtlich+er,4.087391027626531
-4.5102899166354895,-0.034586890742524856,0.9630296767424629,-0.01713505571159074,0.02540318445864735,beträchtlich+er teil,4.051353356456074
-4.5283926183452605,-0.023857648556738553,0.9590493766431587,-0.012970132327801864,0.02608732403514892,Problems,4.030871815338774
-4.5283926183452605,-0.023857648556738553,0.9590493766431587,-0.012970132327801864,0.02608732403514892,teil problem+s,4.030871815338774
-4.545796997967473,-0.013530997512738008,0.9551823926330889,-0.008941707699779033,0.026749223957328608,problem+s geh+t,4.01117775120653
-4.569793067160925,0.0007250640995646318,0.9497849366079468,-0.003348371905233627,0.027668525961177984,geh+t mensch+en,3.984020573650186
-4.585669850691712,0.010169234321337761,0.9461709895397922,0.00037760123165386794,0.02828107919771926,mensch+en zurück,3.9660495492103034
-4.604316725950111,0.021273248578272064,0.9418821840872015,0.0047795069025942105,0.029004912217120024,darauf,3.944940249460025
-4.604316725950111,0.021273248578272064,0.9418821840872015,0.0047795069025942105,0.029004912217120024,zurück darauf,3.944940249460025
-4.373060300561328,-0.11554162722889383,0.9918875424577741,-0.047895240923859106,0.020357566179298417,darauf landschaft,4.206528436365364
-4.658155566937289,0.05337106560267091,0.9294025012450228,0.017703117030635096,0.031114385574562656,Jahrzehnte,3.883998111977257
-4.658155566937289,0.05337106560267091,0.9294025012450228,0.017703117030635096,0.031114385574562656,landschaft jahrzehnt+e,3.883998111977257
-4.677403132860537,0.06474782209879248,0.9254209165217429,0.022561403822952464,0.03185344098229949,Jahrhunderte,3.8622840243155894
-4.677403132860537,0.06474782209879248,0.9254209165217429,0.022561403822952464,0.03185344098229949,jahrzehnt+e jahr+hundert+e,3.8622840243155894
-4.6933050740710724,0.07415189314652193,0.9220828816067339,0.026597724799076905,0.03246707348501578,jahr+hundert+e veränder+t,3.8443443190157214
-4.71871586704771,0.08918823576176549,0.916655540539395,0.03309019508694705,0.03345333780581554,+7988,3.815677374214345
-4.71871586704771,0.08918823576176549,0.916655540539395,0.03309019508694705,0.03345333780581554,wie +7988,3.815677374214345
-4.725342517376918,0.09311121194986649,0.9152209843346698,0.03479196078516322,0.033711687279649474,+7988 chars,3.8082016217227457
1.2338417440229321,-3.1495270329164042,1.4853409382730964,-0.6243372551077391,-0.060214348063567256,Mücken,10.49302108874568
1.2338417440229321,-3.1495270329164042,1.4853409382730964,-0.6243372551077391,-0.060214348063567256,gesundheit mücke+n,10.49302108874568
5.571112766408394,-5.3430672154123044,1.5967011877647328,-0.6938747403481141,-0.044992490540505456,Malaria,15.325128964855498
-1.6075191102226523,-1.6523430175303573,1.3156971649475624,-0.45348994692560796,-0.041980770608194565,mücke+n malaria,7.313071572320974
3.970453747016057,-4.536064285478142,1.5551735793311092,-0.6917111835540063,-0.05467901102458525,Flughafen,13.540620205864023
3.970453747016057,-4.536064285478142,1.5551735793311092,-0.6917111835540063,-0.05467901102458525,malaria flug+hafen,13.540620205864023
11.45853616953042,-8.275132379828468,1.7119549969716297,-0.5742903301691672,0.016620250456482397,flug+hafen klima+wandel,21.885310535815208
7.799341812161289,-6.458330217153888,1.6457755162735912,-0.6684455537653144,-0.025721462603143258,spielt,17.808486136520493
3.7022712504723483,-4.400263638155922,1.5475429444816862,-0.6893196996858815,-0.05589011588655239,klima+wandel spiel+t,13.241572677312993
1.778322123857821,-3.419747234407762,1.4851359362226406,-0.6511629675466504,-0.06033025707789851,kleine,11.095486740311078
1.778322123857821,-3.419747234407762,1.4851359362226406,-0.6511629675466504,-0.06033025707789851,spiel+t klein+e,11.095486740311078
9.007735308577923,-7.060038224827071,1.6692668488122948,-0.643599001743481,-0.013015515095367192,Rolle,19.15494946711859
1.0563417866207168,-3.0483220267969915,1.4571994435565054,-0.6255152706508529,-0.0597122578042814,klein+e rolle,10.289725059622173
-2.3450086346625145,-1.2551411901196468,1.2579952189330708,-0.37585519214331803,-0.03115592804977041,rolle hier,6.4872055662914105
-2.0943212193544607,-1.4828658957373162,1.3034520399811167,-0.376867807638588,-0.03931541239286877,thema gesundheit,6.810846210969137
-1.6075191102226523,-1.6523430175303573,1.3156971649475624,-0.45348994692560796,-0.041980770608194565,sie malaria,7.313071572320974
-2.420496080492356,-1.2141030470635492,1.2513451458170322,-0.3669177132964917,-0.02985538854741357,Anders,6.40260137174626
-2.760028115922011,-1.02850057032636,1.2193331751699408,-0.32415852965071545,-0.023512399391415903,etwa,6.021866283120071
-2.760028115922011,-1.02850057032636,1.2193331751699408,-0.32415852965071545,-0.023512399391415903,anders etwa,6.021866283120071
-2.649153706958659,-1.0893002208293359,1.2301872052956173,-0.3385972658454863,-0.025675166676949246,etwa bei,6.146232982119018
-2.491055649108125,-1.175672145935292,1.2449834057032387,-0.3583818450684231,-0.028604625512057044,Zika-Virus,6.323506458624329
-2.491055649108125,-1.175672145935292,1.2449834057032387,-0.3583818450684231,-0.028604625512057044,bei zika-viru+s,6.323506458624329
-1.8071625070941035,-1.5454349398925507,1.3012449394094214,-0.4341042671259568,-0.03936842983578037,Dengue-Fieber,7.0896157898885654
-1.8071625070941035,-1.5454349398925507,1.3012449394094214,-0.4341042671259568,-0.03936842983578037,zika-viru+s dengue-fieber,7.0896157898885654
-0.45144469180110125,-2.264188679574892,1.3867100723408372,-0.5457477491460837,-0.053172303709746946,dengue-fieber spiel+t,8.605815623315225
3.7022712504723483,-4.400263638155922,1.5475429444816862,-0.6893196996858815,-0.05589011588655239,spiel+t klima+wandel,13.241572677312993
-1.0890501149427037,-1.9281429261307084,1.3499349295683538,-0.49881683805631594,-0.04777998040241703,klima+wandel malaria,7.893063704004325
-1.9246998348534978,-1.4822912488648323,1.2923598496536914,-0.4221483512480466,-0.03772430598060675,malaria deutschland,6.9580231169658955
-2.649153706958659,-1.0893002208293359,1.2301872052956173,-0.3385972658454863,-0.025675166676949246,große,6.146232982119018
-2.649153706958659,-1.0893002208293359,1.2301872052956173,-0.3385972658454863,-0.025675166676949246,deutschland groß+e,6.146232982119018
-2.811116617335423,-1.0004195889030196,1.2141908145571385,-0.3173434916823975,-0.02248480511814921,groß+e rolle,5.964547750407705
-3.070390866263594,-0.8572282423269342,1.1865976691884883,-0.28110545647705465,-0.01695457818736372,Hauptfaktor,5.673518753164202
-3.070390866263594,-0.8572282423269342,1.1865976691884883,-0.28110545647705465,-0.01695457818736372,der haupt+faktor,5.673518753164202
-3.4446428145087475,-0.6483170101175615,1.1416565703750652,-0.22352548184787363,-0.007973741143141769,Reise-,5.252970302761386
-3.4446428145087475,-0.6483170101175615,1.1416565703750652,-0.22352548184787363,-0.007973741143141769,haupt+faktor reise+-,5.252970302761386
-3.566373954195414,-0.5797318521474835,1.125500333436026,-0.20332778580659233,-0.004777141409020885,Warenverkehr,5.116045823385865
-3.566373954195414,-0.5797318521474835,1.125500333436026,-0.20332778580659233,-0.004777141409020885,reise+- ware+n+verkehr,5.116045823385865
-3.7054524910610116,-0.5009530632077004,1.1059708519170284,-0.1792973396243564,-0.0009477390514392031,ware+n+verkehr erklär+t,4.959517683987832
-3.7697639118484743,-0.4643655117953971,1.0965221238900196,-0.1678266055773001,0.0008892782678850686,Jonas,4.887102431966137
-3.7697639118484743,-0.4643655117953971,1.0965221238900196,-0.1678266055773001,0.0008892782678850686,erklär+t jona+s,4.887102431966137
-3.814306861305451,-0.43896302466774717,1.0898129442865334,-0.15974447127122463,0.0021868678594413327,Schmidt-Ch…,4.836933085161407
-3.814306861305451,-0.43896302466774717,1.0898129442865334,-0.15974447127122463,0.0021868678594413327,jona+s schmidt-ch…,4.836933085161407
-3.9016263927375263,-0.38901476959340053,1.0762489123162617,-0.14356596496775664,0.00479187387612047,schmidt-ch… +1389,4.738550416090799
-5.4268361810530035,0.5580167372451308,-0.14345078763758712,0.04113759134612266,0.009211582132032423,elektromobilität polizei,2.9764465075229904
-5.076947812311221,0.30264119160683767,-0.4480934406522544,-0.15941477114493074,-0.03749738073577144,Metropolitan,3.380317938303275
-5.488737569919927,0.6003911091581562,-0.08514153977924271,0.08031195927940438,0.018283233071463886,polizei metropolita+n,2.9065577217758265
-5.1864152121491625,0.3847425625154224,-0.35713288396808285,-0.10027056034662032,-0.02368085904792752,Police,3.2526643737878427
-5.1864152121491625,0.3847425625154224,-0.35713288396808285,-0.10027056034662032,-0.02368085904792752,metropolita+n police,3.2526643737878427
-5.571896102238393,0.6553508626632716,-0.004585258756588939,0.13483933596102987,0.03087699923163477,police setz+t,2.8136962596080153
-5.2806014273489295,0.4539947361510146,-0.27577419947284965,-0.04683308835916933,-0.011225892669355503,E-Motorräder,3.143675395253755
-5.599350473718381,0.6729283385518696,0.02257817731739859,0.15333154189406506,0.03513871194603256,setz+t e+-+motor+rad+er,2.783329173746018
-5.627376868776241,0.6905488329906462,0.05060111327696216,0.17246448292740446,0.03954290481907881,e+-+motor+rad+er der,2.752492640227934
-5.488737569919927,0.6003911091581562,-0.08514153977924271,0.08031195927940438,0.018283233071463886,der metropolita+n,2.9065577217758265
-5.665104069267178,0.7137144197047711,0.08879378469852206,0.19863163448067545,0.04555749033913471,stockt,2.7112598425698247
-5.665104069267178,0.7137144197047711,0.08879378469852206,0.19863163448067545,0.04555749033913471,police stock+t,2.7112598425698247
-5.6701851981554245,0.7167831416446466,0.09397890550533397,0.2021922005243334,0.04637509041809003,Flotte,2.705732049302486
-5.6701851981554245,0.7167831416446466,0.09397890550533397,0.2021922005243334,0.04637509041809003,stock+t flotte,2.705732049302486
-5.599350473718381,0.6729283385518696,0.02257817731739859,0.15333154189406506,0.03513871194603256,flotte e+-+motor+rad+er,2.783329173746018
-5.599350473718381,0.6729283385518696,0.02257817731739859,0.15333154189406506,0.03513871194603256,Smartphone-Diebstähle,2.783329173746018
-5.599350473718381,0.6729283385518696,0.02257817731739859,0.15333154189406506,0.03513871194603256,e+-+motor+rad+er smartphone-diebstähl+e,2.783329173746018
-5.514678337192841,0.6177945930226532,-0.06028840918712716,0.09708453744734835,0.02216129940602339,London,2.877456119787322
-5.514678337192841,0.6177945930226532,-0.06028840918712716,0.09708453744734835,0.02216129940602339,smartphone-diebstähl+e london,2.877456119787322
-5.45734871924601,0.579046004804022,-0.11488339050227758,0.060299221740124254,0.013651257760244104,bekämpfen,2.941921511722083
-5.45734871924601,0.579046004804022,-0.11488339050227758,0.060299221740124254,0.013651257760244104,london bekämpf+en,2.941921511722083
-5.342589030167968,0.4986812524289823,-0.22059643610057564,-0.010308050122224688,-0.0027297983402491816,Elektromotorrad,3.0724599641435453
-4.659093009510106,-0.01954169419213514,-0.7635020188666998,-0.35937844295925736,-0.08440825713781228,elektromotor+rad elektromobilität,3.8738941137902834
-5.355480432144715,0.5078717638891739,-0.2089542088793571,-0.002572462967819822,-0.000932296530750179,elektromobilität besuch+en,3.057707174867378
-5.2806014273489295,0.4539947361510146,-0.27577419947284965,-0.04683308835916933,-0.011225892669355503,sprit+preis+e warum,3.143675395253755
-5.409201156998703,0.5457447324772287,-0.1598083129189962,0.03019269180398465,0.006673686540081228,warum diesel,2.9964637517634785
-5.494306838041023,0.6041460992232046,-0.07982672043725342,0.08389498728371564,0.019111989546857097,diesel teuer+er,2.900300134018081
-5.544465909690511,0.6374954217194975,-0.03144192642578074,0.11660826633406624,0.026670778445797114,teuer+er benz+in,2.844186105196812
-5.601773996297336,0.6744652285892774,0.024989669498563266,0.15497579339566858,0.03551740969152185,tank+en teuer,2.7806560048743294
-5.646439248182848,0.7023359974656833,0.06983115398294013,0.1856265973725557,0.042569541348975656,Persischen,2.7316179778899192
-5.646439248182848,0.7023359974656833,0.06983115398294013,0.1856265973725557,0.042569541348975656,teuer persisch+en,2.7316179778899192
-5.662456877255204,0.7121107144254992,0.08609630150355413,0.19678006321271435,0.045132243535999,Golf,2.7141421915701267
-5.662456877255204,0.7121107144254992,0.08609630150355413,0.19678006321271435,0.045132243535999,persisch+en golf,2.7141421915701267
-5.668940564590436,0.7160326118361424,0.0927078915831705,0.20131923104245364,0.04617465164000066,golf fehl+t,2.707085519634437
-5.66110514176129,0.7112905162587813,0.08471991274632355,0.19583550111330883,0.044915287521388195,Verhältnis,2.7156146491389865
-5.66110514176129,0.7112905162587813,0.08471991274632355,0.19583550111330883,0.044915287521388195,aber verhältnis,2.7156146491389865
-5.638208088987814,0.6972664929387555,0.06151068938593423,0.17992835173872412,0.041259544169029674,verhältnis preis+e,2.7406215885463894
-5.610982197717535,0.6802821692025471,0.034172396426998486,0.16124076951484745,0.03695997678398612,Tankstelle,2.7705106151055863
-5.610982197717535,0.6802821692025471,0.034172396426998486,0.16124076951484745,0.03695997678398612,preis+e tank+stelle,2.7705106151055863
-5.555450989523939,0.6446800779436646,-0.020720368744318374,0.12388011998811616,0.028349069986078737,umgekehrt,2.831958301143067
-5.555450989523939,0.6446800779436646,-0.020720368744318374,0.12388011998811616,0.028349069986078737,tank+stelle um+ge+kehr+t,2.831958301143067
-5.488737569919927,0.6003911091581562,-0.08514153977924271,0.08031195927940438,0.018283233071463886,der lieg+t,2.9065577217758265
-3.913200386882843,-0.5995082175172604,-1.2277987513617548,-0.6378397623143206,-0.1500409397719758,Irankrieg,4.76477915504137
-5.313945464478613,0.4781303768057623,-0.24625754650091472,-0.027322769747203268,-0.006685803113920544,lieg+t irankrieg,3.105312139215007
-1.4122440254182038,-2.4204351763276937,-2.2739562800482864,-1.1762204034594628,-0.2763885407257924,der sprit+preis+e,7.738121428339437
-5.261729827956528,0.44024049479536487,-0.29231222207530183,-0.057736029843258874,-0.013764769615077638,sprit+preis+e leid+en,3.1654417220027455
-5.45734871924601,0.579046004804022,-0.11488339050227758,0.060299221740124254,0.013651257760244104,Krieg,2.941921511722083
-5.45734871924601,0.579046004804022,-0.11488339050227758,0.060299221740124254,0.013651257760244104,leid+en krieg,2.941921511722083
-5.372704532643181,0.5200913674150041,-0.19330815479417793,0.00783926532197693,0.0014859877850377928,Iran,3.0380291473065038
-5.523867617328751,0.6239054051773911,-0.051424660139038264,0.1030772411495261,0.0235460031271819,krieg iran,2.867175349563107
-5.5808119613475276,0.661092315577076,0.0042049931203392635,0.1408177103383052,0.0322553053906464,Zusammenhang,2.8038176732776483
-5.5808119613475276,0.661092315577076,0.0042049931203392635,0.1408177103383052,0.0322553053906464,iran zusammenhang,2.8038176732776483
-5.613170848805595,0.6816594748732647,0.03635970815902906,0.16273397098721382,0.037303715685404734,mussten,2.768101875195991
-5.613170848805595,0.6816594748732647,0.03635970815902906,0.16273397098721382,0.037303715685404734,zusammenhang müss+en,2.768101875195991
-5.6448456177880955,0.7013569228824041,0.06821822602340351,0.184521600652516,0.04231554649258103,müss+en auto+fahrer,2.7333599505794233
-5.66110514176129,0.7112905162587813,0.08471991274632355,0.19583550111330883,0.044915287521388195,auto+fahrer längst,2.7156146491389865
-5.6701851981554245,0.7167831416446466,0.09397890550533397,0.2021922005243334,0.04637509041809003,gewöhnen,2.705732049302486
-5.6701851981554245,0.7167831416446466,0.09397890550533397,0.2021922005243334,0.04637509041809003,längst gewöhn+en,2.705732049302486
-2.6743199507383437,-1.5275192826677992,-1.8163128460285187,-0.958304452898037,-0.22553334003363124,Seit,6.243449857155411
-5.6910712319448304,0.7292631576536,0.11539546578451004,0.2169191020103196,0.0497546842759377,seit ende,2.6830762257903373
-5.699456504630364,0.7342113867065179,0.12404037818837418,0.22287298952523704,0.05112004097271915,Tankrabatts,2.674011078549439
-5.699456504630364,0.7342113867065179,0.12404037818837418,0.22287298952523704,0.05112004097271915,ende tank+rabatt+s,2.674011078549439
-5.709466919895429,0.7400705719363734,0.13439573971971647,0.23001192210930688,0.05275641034283639,tank+rabatt+s steh+t,2.6632126200429194
-5.719758433369414,0.74603859475318,0.14508156281896206,0.23738670614039903,0.05444598072503658,Komma,2.652138213441566
-5.719758433369414,0.74603859475318,0.14508156281896206,0.23738670614039903,0.05444598072503658,steh+t komma,2.652138213441566
-5.7288376681628534,0.7512557195004119,0.1545420347035637,0.2439226256163648,0.055942628426155674,allermeisten,2.6423917095236247
-5.7288376681628534,0.7512557195004119,0.1545420347035637,0.2439226256163648,0.055942628426155674,komma allermeist+en,2.6423917095236247
-5.740133965632322,0.757682705621435,0.16635629995748183,0.2520936761707816,0.057812716207908274,ei…,2.63029644539848
-5.740133965632322,0.757682705621435,0.16635629995748183,0.2520936761707816,0.057812716207908274,allermeist+en ei…,2.63029644539848
-5.742699634687888,0.7591323604055569,0.16904634900329096,0.2539555764809158,0.05823869028259808,+3480,2.627554210782212
-5.742699634687888,0.7591323604055569,0.16904634900329096,0.2539555764809158,0.05823869028259808,ei… +3480,2.627554210782212
-5.7456587914450665,0.7607996564474764,0.17215205594888494,0.25610581433854096,0.058730559850292144,+3480 chars,2.6243936859657393
-4.947300726452987,0.20378146173653633,-0.5511055462093121,-0.225612797137127,-0.052996575008476154,E-Auto-Verkäufe,3.5325772342654456
-4.805346118079539,0.09420113300211441,-0.6584337949332363,-0.2936758158315685,-0.06896575776399702,e+-+auto+-+verkauf+e steig+en,3.700297648031503
-4.704836620242052,0.016094124105985985,-0.731212775405912,-0.3392864279570044,-0.07968336807904086,weltweit,3.819527274031236
-4.704836620242052,0.016094124105985985,-0.731212775405912,-0.3392864279570044,-0.07968336807904086,steig+en weltweit,3.819527274031236
-4.527023427832788,-0.1225899961953485,-0.8539551357954097,-0.4151824499918403,-0.09754155784601806,weltweit der,4.031147281404523
-4.428667125522713,-0.19937467621200167,-0.9187839248837094,-0.4547325189450234,-0.10685748387526087,der irankrieg,4.148474721954855
-4.035033389576014,-0.5054791002352288,-1.1590050743047107,-0.5978811274519749,-0.14061292103311684,irankrieg treib+t,4.619017209331134
-2.4637630407810125,-1.6799468197963,-1.9006515829873933,-1.0007353645937584,-0.2354845952757769,treib+t verkehr+s+wende,6.493688594955716
-4.3044087881417585,-0.29628700819329845,-0.9977978541873436,-0.5024194097518406,-0.11809708600321159,verkehr+s+wende seit,4.296885392573755
-3.154969922786278,-1.173860687634647,-1.6086999730840172,-0.8499111400592317,-0.20004683933614423,2020,5.6709195741044
-3.154969922786278,-1.173860687634647,-1.6086999730840172,-0.8499111400592317,-0.20004683933614423,seit 2020,5.6709195741044
-3.747356034017871,-0.7267924476433887,-1.3177204484673204,-0.689337295043299,-0.16219150731994236,Anteil,4.963178521298457
-3.747356034017871,-0.7267924476433887,-1.3177204484673204,-0.689337295043299,-0.16219150731994236,2020 anteil,4.963178521298457
-3.9584007039934823,-0.5646721677437427,-1.202556725592566,-0.6232335904231614,-0.1465946118255464,anteil e+-+auto+s,4.710700464277063
-4.16355957555804,-0.4058619708815212,-1.083725602974163,-0.553615395387842,-0.13017033021092578,e+-+auto+s weltweit+en,4.465275769984944
-4.277234239510165,-0.31745510333468774,-1.0146683778632086,-0.5125261225599191,-0.12048002422090728,Verkäufen,4.32936260888347
-4.277234239510165,-0.31745510333468774,-1.0146683778632086,-0.5125261225599191,-0.12048002422090728,weltweit+en verkauf+en,4.32936260888347
-4.362668211124465,-0.2508697756338356,-0.9611403570252501,-0.4803672658744223,-0.11289863298146322,verkauf+en deutlich,4.227280614298106
-4.428667125522713,-0.19937467621200167,-0.9187839248837094,-0.4547325189450234,-0.10685748387526087,gesteigert,4.148474721954855
-4.428667125522713,-0.19937467621200167,-0.9187839248837094,-0.4547325189450234,-0.10685748387526087,deutlich ge+steiger+t,4.148474721954855
-4.769408080502108,0.06631037418072339,-0.6847520291476595,-0.3102208005071158,-0.07285211141982531,Irankrieges,3.7428900308543986
-4.769408080502108,0.06631037418072339,-0.6847520291476595,-0.3102208005071158,-0.07285211141982531,wegen irankriege+s,3.7428900308543986
-4.807803916511368,0.09610680112746839,-0.6566216339437102,-0.2925344756977554,-0.068697722612129,erhöht,3.6973864899917666
-4.807803916511368,0.09610680112746839,-0.6566216339437102,-0.2925344756977554,-0.068697722612129,irankriege+s erhöh+t,3.6973864899917666
-4.839367183975962,0.12055708620836891,-0.633208280382291,-0.2777637464367497,-0.06522966268898,IEA,3.6600219520469497
-4.839367183975962,0.12055708620836891,-0.633208280382291,-0.2777637464367497,-0.06522966268898,erhöh+t iea,3.6600219520469497
-4.86302664864256,0.13885502235435676,-0.6154838840390606,-0.2665519242047646,-0.06259814113955375,Prognose,3.632040428065985
-4.86302664864256,0.13885502235435676,-0.6154838840390606,-0.2665519242047646,-0.06259814113955375,iea prognose,3.632040428065985
-5.306985269321585,0.4731106122323072,-0.2524502339479161,-0.0314215029350709,-0.007639249622230823,prognose 2026,3.113309647982645
-5.47349189299802,0.5900616115430746,-0.0996323337856396,0.07055331871770049,0.016025217410321688,2026.,2.9237140658069403
-5.47349189299802,0.5900616115430746,-0.0996323337856396,0.07055331871770049,0.016025217410321688,prognose 2026.,2.9237140658069403
-5.47761850696381,0.5928647233073605,-0.0957184680422109,0.07318755419625328,0.016634863282909876,2026. mehr,2.919066507227787
11.16618276538797,-8.130510205714492,1.707159607584643,-0.58373326340226,0.012844610172000212,Wetterdienst,21.559636929127535
-1.6775468000916547,-1.6148914832975905,1.3107158313647105,-0.4468192261079156,-0.04108972668293416,Hitze-Sommer,7.234699810549708
-1.6775468000916547,-1.6148914832975905,1.3107158313647105,-0.4468192261079156,-0.04108972668293416,wetter+dienst hitze+-+sommer,7.234699810549708
6.9266764297226135,-5.986555030746711,1.5210713248178616,-0.715575600924115,-0.04255967772654817,wäre,16.81709683952886
-0.2868155747503227,-2.350468913079102,1.3954157314610514,-0.5564554394917713,-0.054284965920130185,hitze+-+sommer sei,8.789771473533607
3.7022712504723483,-4.400263638155922,1.5475429444816862,-0.6893196996858815,-0.05589011588655239,sei klima+wandel,13.241572677312993
5.794177822822347,-5.455102187198429,1.6020178909167118,-0.6926934039166514,-0.043341193547826465,statistisch,15.573771756860804
3.5797528533846723,-4.338160259982363,1.5439825662825655,-0.6880125484342052,-0.05639991021484554,klima+wandel statistisch,13.104946823114044
3.6811553722914763,-4.389563084718862,1.5469327197318765,-0.689104164407848,-0.055979953918910155,unmöglich,13.21802571206458
3.6811553722914763,-4.389563084718862,1.5469327197318765,-0.689104164407848,-0.055979953918910155,statistisch un+möglich,13.21802571206458
-1.7797412339420493,-1.5601441618425134,1.303276523451959,-0.43683472743582136,-0.03974050773367853,Sommer-Bilanz,7.120312194406607
-2.883002763407185,-0.9608343941642064,1.206797085433024,-0.30757650656273666,-0.021004929247255055,un+möglich sommer+-+bilanz,5.883880813598602
-3.2857955840524093,-0.737330857060678,1.1615479535675912,-0.24876884597392473,-0.011936960169716335,sommer+-+bilanz deutsch+e,5.431539938702772
4.371627364860775,-4.738869693254356,1.566195818578925,-0.6941343586041753,-0.05263323920292236,deutsch+e wetter+dienst,13.987928611141852
-3.5560847049051434,-0.5855419302439575,1.1268985632851056,-0.20506458473526257,-0.005052843727637563,erschreckende,5.127622079435203
-3.5560847049051434,-0.5855419302439575,1.1268985632851056,-0.20506458473526257,-0.005052843727637563,wetter+dienst erschreck+end+e,5.127622079435203
-2.6037449960797767,-1.1141459350976763,1.2345163822912963,-0.3443748666005198,-0.026534860755456455,Zahlen,6.197156662589478
-3.68839937654141,-0.5106375516987836,1.108430622944175,-0.18230031095128632,-0.0014277271053285273,erschreck+end+e zahl+en,4.978715854990759
-3.7997844170509305,-0.4472506684241342,1.092015536515132,-0.16239201252604685,0.001761517575775265,Hitzetoten,4.853291159785283
-3.7997844170509305,-0.4472506684241342,1.092015536515132,-0.16239201252604685,0.001761517575775265,zahl+en hitzetot+en,4.853291159785283
-3.9016263927375263,-0.38901476959340053,1.0762489123162617,-0.14356596496775664,0.00479187387612047,Temperaturrekorden,4.738550416090799
-3.9016263927375263,-0.38901476959340053,1.0762489123162617,-0.14356596496775664,0.00479187387612047,hitzetot+en temperatur+rekord+en,4.738550416090799
-4.010968282725253,-0.3261768617565921,1.0584447358220892,-0.12266145745045251,0.008171465391090385,zusammengefasst,4.615289810755155
-4.010968282725253,-0.3261768617565921,1.0584447358220892,-0.12266145745045251,0.008171465391090385,temperatur+rekord+en zusammen+ge+fass+t,4.615289810755155
-4.187430228662191,-0.2240367747516907,1.0275855595055736,-0.08733081680460109,0.013913266050695414,deutschland sommer,4.416200543486033
-4.2568098588190475,-0.18361728601777538,1.0146593864249667,-0.07287356571614262,0.01627199898614616,extrem+e erleb+t,4.337865120887358
-4.283541039169943,-0.16800304882233053,1.0095500373797957,-0.06721471837920773,0.017196509227181925,erleb+t der,4.307673980441325
-4.29641474718259,-0.16047495536272627,1.0070629490480871,-0.0644715576771912,0.017644909562407288,der bestätig+t,4.2931320584538675
-4.353535690321035,-0.12700658383353614,0.9958144069640743,-0.05215802161508987,0.01965949694949283,vorläufige,4.2285940500444585
-4.353535690321035,-0.12700658383353614,0.9958144069640743,-0.05215802161508987,0.01965949694949283,bestätig+t vorläufig+e,4.2285940500444585
-4.383883739685675,-0.10918046535071602,0.9896922203616602,-0.04552019938579799,0.02074663623280472,vorläufig+e auswertung,4.194295111601949
-0.3595790335253497,-2.312357251564746,1.3916040989372225,-0.5517899735460613,-0.05380653908548909,auswertung deutsch+en,8.708469377827317
-0.5585608770527495,-2.2079488869817294,1.3808841688458893,-0.5384835648463797,-0.052389296921636935,Wetterdienstes,8.48610893435455
-0.5585608770527495,-2.2079488869817294,1.3808841688458893,-0.5384835648463797,-0.052389296921636935,deutsch+en wetter+dienst+es,8.48610893435455
3.6580684335315556,-4.377862323151609,1.5462639224526509,-0.6888638827009371,-0.05607724021201868,DWD,13.192280607895718
-0.8290724657364921,-2.065544631405286,1.3655613684553793,-0.5190482433173489,-0.05019561533956268,wetter+dienst+es dwd,8.183742508035142
-4.558879556439216,-0.00576129637639422,0.9522492851206608,-0.0058979029859809184,0.02724945535175642,sommer+-+bilanz dwd,3.996372380856381
-4.573371474829486,0.002852827654107548,0.9489734023873481,-0.0025103476639912192,0.027806286836248736,erschreckenden,3.97997034302219
-4.573371474829486,0.002852827654107548,0.9489734023873481,-0.0025103476639912192,0.027806286836248736,dwd erschreck+end+en,3.97997034302219
-4.59931080269884,0.018290988193451208,0.9430382987102173,0.0035950215109569195,0.028810123979476035,erschreck+end+en zahl+en,3.950607530430057
-4.617385969299093,0.029063674468416067,0.9388472638251449,0.007881481361516784,0.02951508343447741,Rek…,3.9301433287588985
-4.617385969299093,0.029063674468416067,0.9388472638251449,0.007881481361516784,0.02951508343447741,zahl+en rek…,3.9301433287588985
-4.626930362684419,0.034757080297590726,0.9366155870992223,0.010155618038684922,0.029889149022943415,+3815,3.9193362741911835
-4.626930362684419,0.034757080297590726,0.9366155870992223,0.010155618038684922,0.029889149022943415,rek… +3815,3.9193362741911835
-4.636263220368612,0.04032766550535993,0.9344207588260176,0.012386555989717274,0.030256144692165046,+3815 char+s,3.9087679624965412
-2.3927966955662834,-1.2291706908536089,1.2538037097212869,-0.3702203509052499,-0.030337077475271174,wetter+dienst einer,6.433647794579186
0.5878147190774907,-2.806010861637882,1.4372938480932949,-0.6048478465801039,-0.058503442667222474,wärmsten,9.766660433040542
-2.295056768003078,-1.2822546219340278,1.2623102635347379,-0.38166101890396686,-0.03199557273586172,einer warm+st+en,6.543182127011896
-2.1991269578422035,-1.3342323042038866,1.2704137668763023,-0.39257434406442404,-0.03356225288965034,warm+st+en sommer,6.6506646573200285
-1.0926003435335323,-1.9257056420826477,1.3482488309905454,-0.49898115247735275,-0.047859680595123744,sommer seit,7.88880825103155
-2.0573458416201253,-1.4108398168918055,1.2819712354640505,-0.40815088698763363,-0.035770404549845966,Aufzeichnung,6.809480457213462
-2.0573458416201253,-1.4108398168918055,1.2819712354640505,-0.40815088698763363,-0.035770404549845966,seit aufzeichnung,6.809480457213462
-1.881915499556162,-1.5052939624213701,1.2956278765253721,-0.4265481895925556,-0.038332111729075094,Besonders,7.005926925313305
-1.881915499556162,-1.5052939624213701,1.2956278765253721,-0.4265481895925556,-0.038332111729075094,aufzeichnung besonders,7.005926925313305
6.265232944171263,-5.691386487023085,1.6129221055475167,-0.6891325231379866,-0.039637067171473625,Hitzewelle,16.09881065104585
-1.6603881564307894,-1.6240728122913022,1.3119449745082012,-0.4484664515578854,-0.04131054868925163,besonders hitze+welle,7.253903798606863
5.02574919695282,-5.068741555184117,1.5832532558216124,-0.6953144440413674,-0.048735058804992376,hitze+welle ende,14.717190040326111
5.763075315904947,-5.439486573823208,1.6012826643599294,-0.6928780445527452,-0.04357549223330086,ende juni,15.539103443801631
-1.0627405525638194,-1.9420734061061573,1.3515594003083684,-0.50093648339609,-0.048038714993016804,juni deutschland,7.922484356876224
-0.7050975379651412,-2.13087685965414,1.372696066875232,-0.5281534035879448,-0.05124021677751646,deutschland neu+e,8.32232726158422
-0.5280405809763185,-2.223981467692632,1.3825575210069982,-0.5405776649128703,-0.052617228855450074,Dimensionen,8.520217894049003
-0.5280405809763185,-2.223981467692632,1.3825575210069982,-0.5405776649128703,-0.052617228855450074,neu+e dimension+en,8.520217894049003
-0.0058845114969283685,-2.4972884665030928,1.4096248353091958,-0.57350436256089,-0.055940258782445504,dimension+en erreich+t,9.10362051766751
4.26538976023984,-4.6852015740251485,1.5633207993588047,-0.6936233873561372,-0.05320151786615354,wetter+dienst sag+t,13.86947776618723
0.5877298246069262,-2.805966855994217,1.437290097530631,-0.604843790516362,-0.05850316127842466,sag+t der,9.766565643016751
18.69825207126572,-11.835803680404963,1.8129726378466362,-0.2651721492239788,0.1255465397067435,der klima+wandel,29.94840510724945
2.8295512143641197,-3.9569614522262966,1.5210660196169714,-0.6768816622469416,-0.058888368392977175,klima+wandel dabei,12.268259609084225
1.337281178769187,-3.1931187886902817,1.4684340139766698,-0.6363442117712645,-0.06012337055528101,dabei rolle,10.60330000665886
0.808545325077926,-2.9203027575184257,1.4468645232306894,-0.6150058612735775,-0.059157371306481764,gespielt,10.013102852002984
0.808545325077926,-2.9203027575184257,1.4468645232306894,-0.6150058612735775,-0.059157371306481764,rolle ge+spiel+t,10.013102852002984
-0.7773305180471768,-2.0928260141569464,1.3685629001539472,-0.5228898361566998,-0.05063980367904106,vorläufigen,8.241584279799524
-0.7773305180471768,-2.0928260141569464,1.3685629001539472,-0.5228898361566998,-0.05063980367904106,nach vorläufig+en,8.241584279799524
-1.1268039800247545,-1.908142507201283,1.3475861397663238,-0.4957460146490702,-0.04740294423878588,vorläufig+en auswertung,7.8508437598312755
-2.083102537123466,-1.396941339265787,1.2799074367452052,-0.4053691618422156,-0.03537858941767559,diesjährige,6.780632562319635
-2.083102537123466,-1.396941339265787,1.2799074367452052,-0.4053691618422156,-0.03537858941767559,dwd diesjährig+e,6.780632562319635
-2.222772710761534,-1.3214313948128646,1.268438227783281,-0.3899128343519976,-0.03318161160165782,diesjährig+e sommer,6.624173350787538
-2.3949983555142564,-1.2279734414877752,1.2536090799682358,-0.3699588293048956,-0.030298981308660253,sommer warm+st+en,6.431180172662611
-2.4762307401324213,-1.1837525217329032,1.2463320179528081,-0.36019005457363895,-0.02887026941198917,warm+st+en seit,6.340125812315322
-2.575652011846752,-1.1295016720254734,1.237162135009687,-0.34791056665731784,-0.02705928109774952,flächendeckender,6.2286585466934214
-2.575652011846752,-1.1295016720254734,1.237162135009687,-0.34791056665731784,-0.02705928109774952,beginn flächendeckend+er,6.2286585466934214
-2.7018176766517668,-1.0604451555274554,1.2250828038707013,-0.3317983373680995,-0.024659251674384167,Messungen,6.087165093332016
-2.7018176766517668,-1.0604451555274554,1.2250828038707013,-0.3317983373680995,-0.024659251674384167,flächendeckend+er messung+en,6.087165093332016
-2.8740229191610815,-0.9657840041653123,1.2077310227284985,-0.30880806984555503,-0.021191987103094848,weit+er+e detail+s,5.893958483622315
-2.9196081454913214,-0.9406436631712825,1.20295878566369,-0.3025217956871325,-0.020235850143442133,detail+s geb+t,5.842797397573416
-2.968355141617965,-0.9137200599601938,1.1977680190063353,-0.29570385894393186,-0.01919516469396093,geb+t dwd,5.7880797871892256
-3.004556178361664,-0.893698803468824,1.1938530416805355,-0.290575721157463,-0.018409961080998086,Mont…,5.747439296696538
-3.004556178361664,-0.893698803468824,1.1938530416805355,-0.290575721157463,-0.018409961080998086,dwd mont…,5.747439296696538
-4.1891255856779726,-0.18615014085151227,0.8959409226950633,-0.12202806506156622,0.004545944632073515,+3954,4.39480909740622
-4.342029172824383,-0.13375724731374783,0.9981088147621253,-0.05465728496607314,0.01925036939814724,mont… +3954,4.241596681440814
-4.207351391975194,-0.1757085398945839,0.8928066218925191,-0.11815876516785409,0.00518257015400668,+3954 chars,4.374313737493229
-3.9784698416212034,-0.34488833231460037,1.0638358114627922,-0.12895133130743971,0.007153078335237775,dwd zieh+t,4.651932985452953
-3.94416636218609,-0.36460685804246307,1.069434127503953,-0.13551980391296267,0.006090952244466749,Bilanz,4.690604161919207
-3.94416636218609,-0.36460685804246307,1.069434127503953,-0.13551980391296267,0.006090952244466749,zieh+t bilanz,4.690604161919207
-3.895310561132198,-0.39263436169757604,1.0772488984785535,-0.1447512819470555,0.004600692019654948,bilanz sommer,4.745667968031855
-2.5619372151706514,-1.1362171816496143,1.236323561446846,-0.3502544241709957,-0.02747494264642253,heißesten,6.243638772179898
-3.7054524910610116,-0.5009530632077004,1.1059708519170284,-0.1792973396243564,-0.0009477390514392031,2026 heiß+est+en,4.959517683987832
-3.6157702911796594,-0.5518047636459742,1.1187003329861045,-0.19491203987348713,-0.0034391172362110978,heiß+est+en seit,5.060463426965459
-3.4446428145087475,-0.6483170101175615,1.1416565703750652,-0.22352548184787363,-0.007973741143141769,Wetteraufzeichnungen,5.252970302761386
-3.4446428145087475,-0.6483170101175615,1.1416565703750652,-0.22352548184787363,-0.007973741143141769,beginn wetter+aufzeichnung+en,5.252970302761386
-3.1425929323003823,-0.8171386941551742,1.1784316613481942,-0.2705007666207072,-0.015316997130711121,wetter+aufzeichnung+en laut,5.5924298967531225
-3.0513790315947604,-0.8677683371848435,1.1887111813430207,-0.2838596004013527,-0.01737853137691346,Deutschem,5.694867291541336
-3.0513790315947604,-0.8677683371848435,1.1887111813430207,-0.2838596004013527,-0.01737853137691346,laut deutsch+em,5.694867291541336
-2.8356841987196653,-0.9869007439333357,1.211685050166274,-0.31402911198016104,-0.02198354752855082,deutsch+em wetter+dienst,5.936981216425765
-2.4563571227011805,-1.1945798048450103,1.2481298422318272,-0.36260167665312565,-0.029223990863741972,wetter+dienst sei,6.362404036316468
0.63550263490297,-2.830724280197107,1.4393920313110238,-0.6071079065156868,-0.05865783221064024,sei hitze+welle,9.819906174258898
3.7022712504723483,-4.400263638155922,1.5475429444816862,-0.6893196996858815,-0.05589011588655239,juni klima+wandel,13.241572677312993
-2.883002763407185,-0.9608343941642064,1.206797085433024,-0.30757650656273666,-0.021004929247255055,reichten,5.883880813598602
-2.883002763407185,-0.9608343941642064,1.206797085433024,-0.30757650656273666,-0.021004929247255055,folge+n reich+ten,5.883880813598602
-3.070390866263594,-0.8572282423269342,1.1865976691884883,-0.28110545647705465,-0.01695457818736372,reich+ten weit,5.673518753164202
-4.412479065177367,-0.0923550670103459,0.9838276958706323,-0.03920393290112789,0.021781792812448783,+4838,4.1619704435946385
-4.412479065177367,-0.0923550670103459,0.9838276958706323,-0.03920393290112789,0.021781792812448783,mont… +4838,4.1619704435946385
-4.427397702595853,-0.08356576274716399,0.980730300315477,-0.0358845726975765,0.022326045385647017,+4838 chars,4.145103561917461
-4.142878535518523,-0.2499125670030149,1.035641180902494,-0.09644280561860538,0.012429189456469883,hitze trockenheit,4.466485042127476
-4.085294512475205,-0.2832681753239399,1.0457830403785349,-0.10802611874861842,0.010545734896247785,trockenheit wetter+dienst,4.531458510039745
-2.7334471520833556,-1.0430942725363388,1.2219729187367363,-0.32766355053211255,-0.024039238622981796,DWD-Attributionsstudie,6.051685372865582
-2.7334471520833556,-1.0430942725363388,1.2219729187367363,-0.32766355053211255,-0.024039238622981796,ein dwd-attributionsstudi+e,6.051685372865582
-2.5572117175949955,-1.1395748307005387,1.2388855145856454,-0.3502154740058255,-0.027400445598041626,dwd-attributionsstudi+e hitze+welle,6.249335205621179
-1.5335688507642358,-1.6918379455324541,1.32085880444428,-0.46038677243683734,-0.04289279774037323,juni 2026,7.395823798531791
-1.0890501149427037,-1.9281429261307084,1.3499349295683538,-0.49881683805631594,-0.04777998040241703,ergab,7.893063704004325
-1.0890501149427037,-1.9281429261307084,1.3499349295683538,-0.49881683805631594,-0.04777998040241703,2026 ergeb,7.893063704004325
-0.10461739754971333,-2.4457463217674076,1.404719920404163,-0.5676835768050112,-0.055392575525900045,Ohne,8.993327169063889
-0.10461739754971333,-2.4457463217674076,1.404719920404163,-0.5676835768050112,-0.055392575525900045,ergeb ohne,8.993327169063889
3.7022712504723483,-4.400263638155922,1.5475429444816862,-0.6893196996858815,-0.05589011588655239,ohne klima+wandel,13.241572677312993
-0.6012125538196198,-2.1855322757667244,1.3785274371203537,-0.5355241994861882,-0.05206423800895488,klima+wandel sei,8.438440395346053
-2.491055649108125,-1.175672145935292,1.2449834057032387,-0.3583818450684231,-0.028604625512057044,Ausmaßes,6.323506458624329
-2.491055649108125,-1.175672145935292,1.2449834057032387,-0.3583818450684231,-0.028604625512057044,hitze+welle ausmaß+es,6.323506458624329
-2.760028115922011,-1.02850057032636,1.2193331751699408,-0.32415852965071545,-0.023512399391415903,ausmaß+es statistisch,6.021866283120071
-3.395126508973094,-0.6761217808067235,1.1479960851080442,-0.23152671094061134,-0.009233966346847061,Attributionsstudien,5.3086466895501205
-3.395126508973094,-0.6761217808067235,1.1479960851080442,-0.23152671094061134,-0.009233966346847061,mit attributionsstudien,5.3086466895501205
-3.6157702911796594,-0.5518047636459742,1.1187003329861045,-0.19491203987348713,-0.0034391172362110978,attributionsstudien lass+st,5.060463426965459
-3.713825835139157,-0.4961952077912759,1.1047561525713343,-0.1778169449235053,-0.0007109711417999237,abschätzen…,4.950090508031916
-3.713825835139157,-0.4961952077912759,1.1047561525713343,-0.1778169449235053,-0.0007109711417999237,lass+st abschätzen…,4.950090508031916
-3.814306861305451,-0.43896302466774717,1.0898129442865334,-0.15974447127122463,0.0021868678594413327,+3637,4.836933085161407
-3.814306861305451,-0.43896302466774717,1.0898129442865334,-0.15974447127122463,0.0021868678594413327,abschätzen… +3637,4.836933085161407
-3.8560609402903587,-0.4151042179133615,1.083396513586122,-0.15206424954775835,0.003422294287883959,+3637 char+s,4.789894501816684
-4.305657631984568,-0.2953139292304652,-0.9970190976393709,-0.5019522318512344,-0.11798694215986007,Tankrabatt,4.295393009748488
-4.693888919730672,0.007569460169033482,-0.7389869166789772,-0.3441320374398411,-0.08082267971450541,sprit+preis+e tank+rabatt,3.83253339762284
-3.819242964696879,-0.6717256197405277,-1.279250103518366,-0.6674089765898221,-0.1570177892356847,Polen,4.877186575243863
-4.654282390450355,-0.02329164232267633,-0.7668682927082449,-0.3614679666146185,-0.08489975436402401,tank+rabatt polen,3.879614897708531
-4.744050329490142,0.04660428535527639,-0.7031226511580435,-0.3217351465855547,-0.07555774183942804,polen lauf+t,3.772970147544194
-5.532485811228163,0.6296097634941669,-0.043083247073553946,0.108721997025223,0.02484986988948555,lauf+t hier,2.8575473126928626
-5.470678139580204,0.5881472830138259,-0.10229744655000764,0.06876019804225997,0.015610181845212137,sie tank+rabatt,2.9268846153066406
-5.454665539522113,0.5772075201430995,-0.1174090733481099,0.05860270968245396,0.013258365493994936,polen preis+e,2.9449518017977416
-5.475414320978949,0.5913681277146998,-0.09780979345592997,0.07177984439502638,0.01630908544306088,preis+e benz+in,2.921548604581467
-5.507873659524041,0.6132509695052963,-0.06683184954920027,0.09266422986188422,0.02113961661673587,diesel dienstag,2.8850786813449134
-5.519643367918375,0.621099916231721,-0.055503158342972356,0.10031909660523186,0.02290875190942164,dienstag deutlich,2.8718994780882796
-5.530414711411659,0.6282412957136609,-0.0450903549570945,0.10736329755341728,0.02453606667397963,deutlich steig+en,2.859859861420126
-5.548519404793719,0.6401517542389061,-0.027490925327077906,0.11928705066900619,0.02728910686997775,mit ende,2.8396713791931814
-5.557114812782132,0.645764364231409,-0.01909252095155825,0.12498492726331867,0.0286039880022997,polnischen,2.830108260531433
-5.557114812782132,0.645764364231409,-0.01909252095155825,0.12498492726331867,0.0286039880022997,ende polnisch+en,2.830108260531433
-5.566842256789846,0.6520825916445809,-0.009554636729096802,0.13146205624382284,0.03009815037317627,Schulferien,2.8193028428779816
-5.566842256789846,0.6520825916445809,-0.009554636729096802,0.13146205624382284,0.03009815037317627,polnisch+en schul+ferien,2.8193028428779816
-5.578923767650975,0.6598790131732304,0.0023409046476370182,0.13954945230275734,0.0319629522674902,schul+ferien 31.,2.8059084209358254
-5.587038645363332,0.6650833278501513,0.010361697875572846,0.14500828674230876,0.03322113629166197,august lauf+t,2.7969281511056776
-5.597236663717503,0.6715858617454691,0.020476671049720965,0.15189899217019193,0.03480874081752512,Gültigkeit,2.785661733277145
-5.597236663717503,0.6715858617454691,0.020476671049720965,0.15189899217019193,0.03480874081752512,lauf+t gültigkeit,2.785661733277145
-5.606569641341402,0.6774991680879687,0.029768048167851655,0.15823511749660263,0.036267969394850705,gültigkeit aktuell+en,2.7753700183645718
-5.612371870685302,0.6811569200510026,0.03556100897356115,0.1621886870558812,0.03717819366062859,Spritpreispakets,2.7689810783026676
-5.612371870685302,0.6811569200510026,0.03556100897356115,0.1621886870558812,0.03717819366062859,aktuell+en sprit+preis+paket+s,2.7689810783026676
-5.625121367575769,0.6891433598829826,0.04833488974021287,0.17091510013680666,0.03918645358002161,De…,2.7549679717604594
-5.770014831531767,0.7743278127155353,0.19784003893850127,0.2739173050206576,0.0628019759510406,+873,2.598474685586548
-5.770014831531767,0.7743278127155353,0.19784003893850127,0.2739173050206576,0.0628019759510406,de… +873,2.598474685586548
-5.771650678113719,0.7752236969859843,0.19957336534765355,0.27512085247143403,0.06307689329175102,+873 chars,2.5967400133581355
-5.544465909690511,0.6374954217194975,-0.03144192642578074,0.11660826633406624,0.026670778445797114,lauf+t dienstag,2.844186105196812
-5.589115630745029,0.6664111077032575,0.0124185895716847,0.14640892339568207,0.03354389502827958,dienstag tank+en,2.794631828605506
-5.442801692912675,0.569053339408631,-0.12854515583552983,0.051128116202292406,0.011526911776878881,tank+en polen,2.9583638144697644
-5.625458289601209,0.6893534492605733,0.04867329098115034,0.17114643654245343,0.039239677122513375,polen spür+bar,2.75459814039265
-5.639908377338092,0.6983162277507269,0.06322731846883707,0.1811035737434813,0.04152976153560729,spür+bar teuer+er,2.738760469195193
-5.6701851981554245,0.7167831416446466,0.09397890550533397,0.2021922005243334,0.04637509041809003,Preiserhöhung,2.705732049302486
-5.6701851981554245,0.7167831416446466,0.09397890550533397,0.2021922005243334,0.04637509041809003,wie preis+erhöhung,2.705732049302486
-5.693959187738937,0.7309714634607509,0.11836982681242852,0.21896698846227503,0.050224372803204395,Alltag,2.6799521018337638
-5.693959187738937,0.7309714634607509,0.11836982681242852,0.21896698846227503,0.050224372803204395,preis+erhöhung alltag,2.6799521018337638
-5.703776884967462,0.7367466194565926,0.12850496366741082,0.22594991184022883,0.05182542580429621,alltag auto+fahrer,2.6693474115072413
-5.71254675387454,0.7418625372755927,0.1375893579477614,0.2322151320051935,0.05326125990920459,auswirkt,2.659895573251263
-5.71254675387454,0.7418625372755927,0.1375893579477614,0.2322151320051935,0.05326125990920459,auto+fahrer aus+wirk+t,2.659895573251263
-5.724434215751992,0.7487310699456553,0.149949775734991,0.24074919111366666,0.05521603677284008,Branchenkenner,2.6471160226224426
-5.724434215751992,0.7487310699456553,0.149949775734991,0.24074919111366666,0.05521603677284008,aus+wirk+t branche+n+kenner,2.6471160226224426
-5.736378071783174,0.7555537882930339,0.16242282165415375,0.24937207435130448,0.05718995234540923,branche+n+kenner sag+en,2.6343141011236715
-5.802155901499862,0.791624726207399,0.23208059443696039,0.2977322066018363,0.06823718461607929,+927,2.5645388715863375
-5.802155901499862,0.791624726207399,0.23208059443696039,0.2977322066018363,0.06823718461607929,de… +927,2.5645388715863375
-5.80307822633233,0.7921113682548415,0.2330688799561118,0.2984208192140242,0.06839419746955851,+927 chars,2.5635697076710233
-0.7382720548751571,-2.1134061679333023,1.3708059725377963,-0.5257502707778868,-0.05096729183041941,klima+wandel 150,8.285245132410068
0.1996637506425163,-2.5578853661109853,1.2820152886537362,-0.6269449920953291,-0.0677267441677698,Meter,9.30893662310619
-0.1564758389131633,-2.418649723548308,1.4021057276155435,-0.5645527723314454,-0.055090266420271206,150 meter,8.935393075707148
-2.1303886941174337,-1.3714043008467032,1.2760776900233493,-0.4002071704660534,-0.03464855196099777,meter wasser,6.727667443927141
1.3389916770619,-3.193999307133144,1.4685009314207225,-0.6364067346591042,-0.06012518876655454,Parsteiner,10.60520906631199
-2.4563571227011805,-1.1945798048450103,1.2481298422318272,-0.36260167665312565,-0.029223990863741972,wasser parsteiner,6.362404036316468
0.7528114506216745,-2.891467685672254,1.4444814731950286,-0.6125133348666726,-0.059006748525671525,parsteiner see,9.950879999194484
-2.883002763407185,-0.9608343941642064,1.206797085433024,-0.30757650656273666,-0.021004929247255055,see zeig+t,5.883880813598602
-1.591019781462884,-1.6611596805437125,1.316857465437085,-0.45504175460083535,-0.04218681222022494,Wasserkrise,7.331535575795942
-3.012101094478089,-0.8895230986716394,1.1930305106380819,-0.28949988670842325,-0.01824497199618902,zeig+t wasser+krise,5.738968523115393
-3.2251249082538855,-0.7711922009233754,1.1688165313554748,-0.2580915746393115,-0.013390782719005637,wasser+krise der,5.499714487676131
-1.4044577223574448,-1.7606630695872223,1.3296378386068834,-0.4720738251122552,-0.044415581891651845,der parsteiner,7.540280037682514
-3.4798175866528123,-0.6285330156364126,1.1370732379154873,-0.21776711178524258,-0.007064581708302098,verliert,5.213412670759332
-3.4798175866528123,-0.6285330156364126,1.1370732379154873,-0.21776711178524258,-0.007064581708302098,see verlier+t,5.213412670759332
-3.5765223112633393,-0.5739989391724505,1.1241151583912419,-0.20160932527309156,-0.004504202849694078,sichtbar,5.104627563664799
-3.5765223112633393,-0.5739989391724505,1.1241151583912419,-0.20160932527309156,-0.004504202849694078,verlier+t sicht+bar,5.104627563664799
-2.1303886941174337,-1.3714043008467032,1.2760776900233493,-0.4002071704660534,-0.03464855196099777,sicht+bar wasser,6.727667443927141
-2.4722472513515887,-1.1859232034180511,1.24669329639873,-0.3606745770874869,-0.0289413885984674,Schilf,6.3445913695776
-3.762046407783294,-0.4687615838243624,1.0976706445361366,-0.1692154049455477,0.0006665714303297765,wasser schilf,4.895793623356029
-2.536694512415564,-1.1507766309325813,1.2407907688047413,-0.35276524527619835,-0.027777197987453164,schilf steh+t,6.272339509329792
-3.8560609402903587,-0.4151042179133615,1.083396513586122,-0.15206424954775835,0.003422294287883959,steh+t trocken,4.789894501816684
-4.026590009596693,-0.3171717031688477,1.0558223686874728,-0.1196144945186485,0.008665241574632596,Naturschützer,4.597673331964477
-4.026590009596693,-0.3171717031688477,1.0558223686874728,-0.1196144945186485,0.008665241574632596,wissenschaftler naturschützer,4.597673331964477
-4.094535174470228,-0.2779222016429861,1.044175542783099,-0.1061818677676726,0.01084536609127966,naturschützer warn+en,4.52103356214518
-4.130092426502043,-0.2573275618399542,1.0379189980435268,-0.09903354951058901,0.012007619988268312,warn+en der,4.4809138822568535
-4.147077507923662,-0.24747638950608408,1.0348898631797896,-0.09558964702509429,0.012568054887218919,der wasser+krise,4.461746348283822
-4.206560273859839,-0.21290708677944492,1.0240686415837863,-0.08337731933949805,0.014557808992114493,wasser+krise brandenburg,4.394604584958358
-4.280272638081382,-0.16991343388791114,1.0101787101795099,-0.06790930221484814,0.017082996057781782,vorübergehendes,4.311365713306871
-4.280272638081382,-0.16991343388791114,1.0101787101795099,-0.06790930221484814,0.017082996057781782,brandenburg vor+übergeh+end+es,4.311365713306871
-4.330255909228351,-0.14065981167895703,1.0004413865445116,-0.05720461682290029,0.018833490420942664,Problem,4.254899686062469
-4.330255909228351,-0.14065981167895703,1.0004413865445116,-0.05720461682290029,0.018833490420942664,vor+übergeh+end+es problem,4.254899686062469
-4.367559053053213,-0.11877329664960956,0.9929982912060046,-0.04909912642685271,0.020160386944693257,der schilf,4.21274593688557
-4.409947413032457,-0.09384582096238159,0.9843507240044564,-0.039765575437121115,0.02168972091918471,Trockenen,4.164832530678952
-4.409947413032457,-0.09384582096238159,0.9843507240044564,-0.039765575437121115,0.02168972091918471,steh+t trocken+en,4.164832530678952
-4.453601270381512,-0.06810911339938919,0.9752258754552924,-0.030013989086793147,0.023289003911071512,trocken+en wasser,4.115473692338895
-4.497809560547976,-0.04197691375890811,0.9657493017103127,-0.01999161635991964,0.024934076312994727,wasser 150,4.065472130755577
-4.518424794364383,-0.02976692767555078,0.9612462672793826,-0.015266606625009449,0.025710075637951205,meter weit,4.042149831939987
-4.5283926183452605,-0.023857648556738553,0.9590493766431587,-0.012970132327801864,0.02608732403514892,weit lauf+en,4.030871815338774
-4.543896245046455,-0.01465932467258746,0.9556066492429521,-0.009382814879917434,0.026676738415135612,lauf+en der,4.013328688402146
-4.580441587203583,0.007058205175556109,0.9473648743007426,-0.0008515979311999322,0.028078983923629633,Barnim,3.9719676919559785
-4.580441587203583,0.007058205175556109,0.9473648743007426,-0.0008515979311999322,0.028078983923629633,see barnim,3.9719676919559785
-1.5497187128271142,-1.6832174209973765,1.3197400424793038,-0.45889336990790247,-0.042696129435912625,größten,7.377752506877073
-4.612531885375958,0.02616945438788032,0.9399772840589384,0.006727749313950371,0.02932532435660605,barnim groß,3.9356392689702666
-4.625354537818196,0.033816832430828114,0.9369849433530821,0.009779634632930467,0.02982730210776645,natürlichen,3.9211206257797553
-4.625354537818196,0.033816832430828114,0.9369849433530821,0.009779634632930467,0.02982730210776645,groß natürlich+en,3.9211206257797553
-4.643884667556462,0.044879222965605425,0.9326190752915634,0.014213701060052208,0.030556740300788157,Seen,3.9001370399010376
-4.643884667556462,0.044879222965605425,0.9326190752915634,0.014213701060052208,0.030556740300788157,natürlich+en see+n,3.9001370399010376
-4.651368966313452,0.049351049639853484,0.9308415831401743,0.016012625190611196,0.030852714039413157,see+n brandenburg+s,3.891660928722486
-4.688229427425518,0.07140664562455212,0.9219663144099268,0.024940287264281713,0.03232183991165698,wenigen,3.849908434639699
-4.688229427425518,0.07140664562455212,0.9219663144099268,0.024940287264281713,0.03232183991165698,brandenburg+s wenig+en,3.849908434639699
-4.69892764592768,0.07781790171456038,0.919352021990172,0.027552723608127383,0.03275181437142273,wenig+en jahr+en,3.8377880790595817
-4.1707834462582465,-0.14244590957039516,0.5452140651772677,-0.21416508540874496,-0.02093347002968493,dramatisch,4.382871445581759
-4.708059029649849,0.08329374533112577,0.9171066961734449,0.029790199159408115,0.03312009773983017,jahr+en dramatisch,3.8274420181478783
-4.721995756584719,0.09165758116335909,0.9136547897255298,0.033218788104302344,0.03368447193614667,ve…,3.8116499292374417
-4.721995756584719,0.09165758116335909,0.9136547897255298,0.033218788104302344,0.03368447193614667,dramatisch ve…,3.8116499292374417
-4.728170757456323,0.09536584493160793,0.9121155912634096,0.0347432045519962,0.033935416117445535,+4400,3.8046522969112258
-4.728170757456323,0.09536584493160793,0.9121155912634096,0.0347432045519962,0.033935416117445535,ve… +4400,3.8046522969112258
-4.735453959384132,0.09974156843747739,0.9102923938312444,0.0365454006383209,0.03423209628195863,+4400 char+s,3.7963983788581177
-5.328419517971047,0.48853701645981373,-0.23332610219529917,-0.0187546470889553,-0.004693276171503891,Spritpreisbremse,3.0886991002883186
-5.515241151645345,0.618169693693198,-0.05974643336403995,0.09745079909827509,0.022245943306764535,weiteres,2.87682602309007
-5.515241151645345,0.618169693693198,-0.05974643336403995,0.09745079909827509,0.022245943306764535,sprit+preis+bremse weit+er+es,2.87682602309007
-5.329998148828567,0.4896693467820832,-0.23191133632171482,-0.017816494205461275,-0.004475156322325521,Monat,3.086888685577571
-5.515840001732331,0.6185686925950398,-0.05916962716349536,0.09784062215755268,0.02233603035203309,weit+er+es monat,2.8761556443894447
-5.314978354770373,0.4788744611307125,-0.24533713427848017,-0.026713335038380526,-0.006544052007941795,verlängert,3.104125790603538
-5.515778733820117,0.6185278769283384,-0.05922864588957537,0.09780073441108866,0.022326812495075662,monat verlänger+t,2.876224227425292
-5.716235659645626,0.7440021816104556,0.14141929085038418,0.23485828293054078,0.053866815485411015,verlänger+t der,2.6559258233990364
-5.507372340225835,0.6129156119653449,-0.06731324463413543,0.09233915446532248,0.02106447052794279,der sprit+preis+bremse,2.885640576968674
-5.723783563794105,0.7483571208082105,0.14927184951389882,0.24028084458527732,0.055108789911262016,sprit+preis+bremse verlänger+t,2.6478145278099525
-5.6773195937107985,0.7210706129536566,0.10127587648682396,0.20720621042687803,0.047526107205424675,Margenbegrenzung,2.6979810399074684
-5.6773195937107985,0.7210706129536566,0.10127587648682396,0.20720621042687803,0.047526107205424675,verlänger+t marge+n+begrenzung,2.6979810399074684
-5.648007965387791,0.7032986183050745,0.07141980865217804,0.18671514702724745,0.042819737662199,teilt,2.72990380935815
-5.648007965387791,0.7032986183050745,0.07141980865217804,0.18671514702724745,0.042819737662199,der teil+t,2.72990380935815
-5.631113034296254,0.692871988855813,0.05435928191835232,0.17503469836579233,0.04013413055100161,Wirtschaftsministerium,2.748394819990013
-5.631113034296254,0.692871988855813,0.05435928191835232,0.17503469836579233,0.04013413055100161,teil+t wirtschaft+s+ministerium,2.748394819990013
-5.562287807185626,0.6491288448472328,-0.014024751252538006,0.12842560672771852,0.029397766092970692,Zuletzt,2.8243597133612397
-5.532485811228163,0.6296097634941669,-0.043083247073553946,0.108721997025223,0.02484986988948555,zuletzt geb,2.8575473126928626
-5.499673934701384,0.6077552683892631,-0.07469401681221155,0.08735718984221547,0.01991264095943031,Entspannung,2.8942746789334444
-5.499673934701384,0.6077552683892631,-0.07469401681221155,0.08735718984221547,0.01991264095943031,geb entspannung,2.8942746789334444
-5.168601824486311,0.371488240451449,-0.37219314794090963,-0.11010709575694597,-0.025976545911092636,Tankstellen,3.2733709959761375
-5.342589030167968,0.4986812524289823,-0.22059643610057564,-0.010308050122224688,-0.0027297983402491816,entspannung tank+stelle+n,3.0724599641435453
-4.659093009510106,-0.01954169419213514,-0.7635020188666998,-0.35937844295925736,-0.08440825713781228,tank+stelle+n sprit+preis+e,3.8738941137902834
-5.355480432144715,0.5078717638891739,-0.2089542088793571,-0.002572462967819822,-0.000932296530750179,sprit+preis+e zuletzt,3.057707174867378
-5.482952912422276,0.5964803973181834,-0.09064982203748492,0.0766006753609651,0.017424636474945368,zuletzt ge+sink+en,2.913062822105352
-5.678456234344544,0.7217513641997282,0.10244020500153708,0.20800661468014092,0.04770981196926384,Wien,2.6967473089975367
-5.684989112077671,0.7256514910916292,0.10914174203324693,0.21261539474177582,0.048767401445072286,APA,2.689662578137751
-5.684989112077671,0.7256514910916292,0.10914174203324693,0.21261539474177582,0.048767401445072286,wien ap+a,2.689662578137751
-5.692044722196872,0.7298394822488563,0.11639772788685586,0.21760910190986427,0.049912945098726944,ap+a der,2.682022891225456
-5.735825027984541,0.7552396365208571,0.16184408047132032,0.24897173241335324,0.05709833475290392,Bis,2.634906016981932
-5.738012052993054,0.7564809462238036,0.16413340334673554,0.25055550232610124,0.05746076240612304,bis ende,2.6325657633133948
-5.740654648978289,0.7579772063883969,0.16690202370420282,0.25247135360914386,0.057899127631290195,September,2.6297397815859958
-5.740654648978289,0.7579772063883969,0.16690202370420282,0.25247135360914386,0.057899127631290195,ende september,2.6297397815859958
-5.749871397193566,0.7631644679387926,0.17657900382469185,0.25917200444937616,0.0594318212796429,Mineralölsteuer,2.619898649756339
-5.749871397193566,0.7631644679387926,0.17657900382469185,0.25917200444937616,0.0594318212796429,september mineralölsteuer,2.619898649756339
-5.757172163364785,0.7672383410297774,0.18426713182130955,0.264500276033378,0.06065006355144843,MöSt,2.6121202992584474
-5.757172163364785,0.7672383410297774,0.18426713182130955,0.264500276033378,0.06065006355144843,mineralölsteuer möst,2.6121202992584474
-5.760731248636292,0.7692129323840384,0.1880223546801874,0.2671043741563919,0.061245283901937134,"1,9…",2.608333914050829
-5.760731248636292,0.7692129323840384,0.1880223546801874,0.2671043741563919,0.061245283901937134,"möst 1,9…",2.608333914050829
-5.762998760039757,0.770467020728665,0.1904173199457775,0.268765713323025,0.061624957314376186,+1619,2.6059234914251426
-5.762998760039757,0.770467020728665,0.1904173199457775,0.268765713323025,0.061624957314376186,"1,9… +1619",2.6059234914251426
-5.765187809607103,0.7716747927832464,0.19273125347844675,0.2703712313163178,0.061991829183914035,+1619 chars,2.6035978879158854
-5.2723416783126815,0.4479828404638715,-0.2830273797424745,-0.05161739095017798,-0.01233982175216905,Milliarde,3.1531974480956415
-5.769682319637358,0.7741455107763737,0.1974878359951337,0.2736727766328919,0.0627461171354649,hamburg milliarde,2.598827381474868
-5.257057631769618,0.43682524049116145,-0.29638815351578407,-0.060419985088139117,-0.014389947625984889,milliarde euro,3.1708363807105915
-5.764466562014576,0.771277174186833,0.19196865948399336,0.2698420648258567,0.0618709158484466,sparen,2.6043639736623994
-5.764466562014576,0.771277174186833,0.19196865948399336,0.2698420648258567,0.0618709158484466,euro spar+en,2.6043639736623994
-5.3220515040004255,0.48396393199664645,-0.23902434360071492,-0.02253172783281565,-0.00557154216224226,Rechnungshof,3.096005130512279
-5.7611148162381,0.769425287182202,0.188427345763778,0.2673852795484931,0.06130948377529512,spar+en rechnungshof,2.6079260675470115
-5.755941052935329,0.7665535701674724,0.18296928966871245,0.2636005080519852,0.060444376417385384,rechnungshof mach+t,2.613430879675226
-5.4137593261903065,0.5489246922501736,-0.1555910460748523,0.03301260473994422,0.007327703322943205,Druck,2.991285541341178
-5.753407348504412,0.7651414566837222,0.18030004898880359,0.26175035489416587,0.06002138822822327,mach+t druck,2.6161294996407776
-5.750773033217165,0.7636692761005017,0.17752738813529068,0.2598290558246532,0.05958207356805666,druck der,2.618937213877809
-5.558057817654925,0.6463784426045982,-0.01816944542718947,0.12561149623808937,0.028748552086050053,Hamburger,2.829059950017873
-5.558057817654925,0.6463784426045982,-0.01816944542718947,0.12561149623808937,0.028748552086050053,der hamburger,2.829059950017873
-5.5491557694280935,0.6405682271349655,-0.026870093544647283,0.119708078054233,0.027386281287659422,Senat,2.8389628871172965
-5.5491557694280935,0.6405682271349655,-0.026870093544647283,0.119708078054233,0.027386281287659422,hamburger senat,2.8389628871172965
-5.543507588967638,0.6368665363705477,-0.03237511832677499,0.11597572562843511,0.026524758415658364,plant,2.845253921359201
-5.543507588967638,0.6368665363705477,-0.03237511832677499,0.11597572562843511,0.026524758415658364,senat plan+t,2.845253921359201
-5.537608068881218,0.6329877086756839,-0.03811239029381444,0.11208824346805374,0.025627225979310872,Einsparungen,2.851831285776031
-5.537608068881218,0.6329877086756839,-0.03811239029381444,0.11208824346805374,0.025627225979310872,plan+t einsparung+en,2.851831285776031
-5.519348305726781,0.6209037235543922,-0.05578779223967989,0.1001266537386235,0.022864285467294312,600,2.8722295760058993
-5.519348305726781,0.6209037235543922,-0.05578779223967989,0.1001266537386235,0.022864285467294312,einsparung+en 600,2.8722295760058993
-5.514678337192841,0.6177945930226532,-0.06028840918712716,0.09708453744734835,0.02216129940602339,600 million+en,2.877456119787322
-5.488737569919927,0.6003911091581562,-0.08514153977924271,0.08031195927940438,0.018283233071463886,der rechnungshof,2.9065577217758265
-5.469072669278398,0.5870539194603779,-0.10381680708135044,0.06773818536526449,0.015373608657406848,rechnungshof reich+t,2.928694239468309
-5.445686656935469,0.5710399611128645,-0.12584186817345358,0.052941742492632726,0.011947093108815685,Sparbedarf,2.955100384134322
-5.445686656935469,0.5710399611128645,-0.12584186817345358,0.052941742492632726,0.011947093108815685,seh+t spar+bedarf,2.955100384134322
-5.429403210644894,0.5597960659098031,-0.14106038546729718,0.04273866605925192,0.0095827171504307,spar+bedarf milliarde,2.9735364961229993
-5.401395828533262,0.5402867710222801,-0.16701261193819725,0.025378499762348905,0.005556922121031024,pro jahr,3.005337672005678
-5.3813813706076346,0.5262203707654991,-0.18538665122036033,0.013117568344484076,0.002711481311318917,jahr stell+t,3.028130831345618
-5.361336918739039,0.5120344301615338,-0.20364599054445862,0.0009578793360980331,-0.00011218212372018921,größere,3.0510120128540144
-5.361336918739039,0.5120344301615338,-0.20364599054445862,0.0009578793360980331,-0.00011218212372018921,stell+t groß+er+e,3.0510120128540144
-5.33160777297309,0.4908233564996707,-0.23046790468852943,-0.016859178975533906,-0.004252591209913767,Schulklassen,3.0850430360076393
-5.33160777297309,0.4908233564996707,-0.23046790468852943,-0.016859178975533906,-0.004252591209913767,groß+er+e schul+klasse+n,3.0850430360076393
-5.389578008895988,0.5319932280925777,-0.17787904675217062,0.01812435774468807,0.003873638059613424,Einschränkungen,3.01878958882879
-5.389578008895988,0.5319932280925777,-0.17787904675217062,0.01812435774468807,0.003873638059613424,schul+klasse+n einschränkung+en,3.01878958882879
-5.055246439989124,0.2861996646176357,-0.46568430304412445,-0.17077846624372575,-0.04015551543564515,einschränkung+en bei,3.405730931404909
-4.659093009510106,-0.01954169419213514,-0.7635020188666998,-0.35937844295925736,-0.08440825713781228,bei deutsch+land+ticket,3.8738941137902834
-5.399661276564908,0.5390717220268793,-0.16861064237411102,0.024311151579544277,0.005309288611723792,Diskussion,3.007310855692524
-5.399661276564908,0.5390717220268793,-0.16861064237411102,0.024311151579544277,0.005309288611723792,deutsch+land+ticket diskussion,3.007310855692524
-5.756354005246752,0.7667833631557328,0.1834045620412011,0.2639022602723118,0.06051335855339231,Einsc…,2.612991222382206
-5.756354005246752,0.7667833631557328,0.1834045620412011,0.2639022602723118,0.06051335855339231,schul+klasse+n einsc…,2.612991222382206
-5.759566573725415,0.7685675954971383,0.18679296926187022,0.26625173329023555,0.06105040785615261,+6574,2.6095725698428414
-5.759566573725415,0.7685675954971383,0.18679296926187022,0.26625173329023555,0.06105040785615261,einsc… +6574,2.6095725698428414
-5.761875104983202,0.7698459468993066,0.18923026318658778,0.26794222478019636,0.06143676756820561,+6574 char+s,2.6071177798331
-5.311890922421712,0.4766496508775677,-0.2480872646016226,-0.028534097373118184,-0.006967563062999546,wichtig,3.107672297189986
-5.311890922421712,0.4766496508775677,-0.2480872646016226,-0.028534097373118184,-0.006967563062999546,sei wichtig,3.107672297189986
-5.133552185093068,0.3452823853606668,-0.401529512242503,-0.12921796164805777,-0.030439268596289162,Weg,3.314191502882167
-5.133552185093068,0.3452823853606668,-0.401529512242503,-0.12921796164805777,-0.030439268596289162,wichtig weg,3.314191502882167
-4.5546688941568325,-0.10100802164238276,-0.8353518207138372,-0.40376389630972315,-0.09485309672846899,weg elektromobilität,3.998199454036127
-5.219548535321726,0.40927081288296163,-0.32884653637906724,-0.0817486408644133,-0.019360648387483567,weiterzugehen,3.2142252902070294
-5.219548535321726,0.40927081288296163,-0.32884653637906724,-0.0817486408644133,-0.019360648387483567,elektromobilität weiter+zu+geh+en,3.2142252902070294
-5.340375202970852,0.49709922761470793,-0.22258990609248205,-0.011631586143182715,-0.00303741252214855,weiter+zu+geh+en ein,3.0749955288479436
-4.815593184415938,0.10214464227829745,-0.6508680605591881,-0.2889089378969301,-0.06784634580529798,Studie,3.6881619504627396
-5.087287630925873,0.31045753701830425,-0.4396616292053468,-0.15395923574205947,-0.0362216366974181,ein studie,3.3682211721426096
-5.11610721759292,0.33218065145921427,-0.4159862392701583,-0.1386112087248524,-0.03263396468197753,München,3.334545464060101
-5.11610721759292,0.33218065145921427,-0.4159862392701583,-0.1386112087248524,-0.03263396468197753,studie münchen,3.334545464060101
-5.121068676284128,0.33591064426790007,-0.4118843540366919,-0.13594765669196668,-0.03201155647137614,münchen zufolge,3.3287542711910345
-5.118527203213889,0.33400035069018696,-0.413986477061994,-0.1373128295626503,-0.03233055679959709,reduzieren,3.3317205343462786
-5.118527203213889,0.33400035069018696,-0.413986477061994,-0.1373128295626503,-0.03233055679959709,zufolge reduzier+en,3.3317205343462786
-5.101458902403518,0.321151168320291,-0.42805200643000585,-0.1464385232513094,-0.03446338043093897,reduzier+en e-auto+s,3.351654369420698
-5.057583741941171,0.2879727674654806,-0.46379657435199606,-0.16956015615163675,-0.03987048348013285,CO2-Ausstoß,3.40299234138302
-5.057583741941171,0.2879727674654806,-0.46379657435199606,-0.16956015615163675,-0.03987048348013285,e-auto+s co2+-+ausstoß,3.40299234138302
-4.918934251134935,0.18197552497324465,-0.572995527877218,-0.23957068126582043,-0.05626883898808166,co2+-+ausstoß vergleich,3.5660181946485916
-4.334903776450471,-0.27251952724181905,-0.9786941297002385,-0.4909427080166221,-0.11539145980931294,Verbrennern,4.260447652667895
-4.334903776450471,-0.27251952724181905,-0.9786941297002385,-0.4909427080166221,-0.11539145980931294,vergleich verb+renner+n,4.260447652667895
-5.06632588012841,0.29459977725455944,-0.45672131073828115,-0.1649914048288968,-0.038801702435386706,verb+renner+n prozent,3.3927525382944963
-5.2157766851054745,0.40648712536284837,-0.33208472756806406,-0.08387209939343937,-0.019855773315715336,klimaneutral,3.218596002474598
-5.2157766851054745,0.40648712536284837,-0.33208472756806406,-0.08387209939343937,-0.019855773315715336,prozent klimaneutral,3.218596002474598
-5.279953661097714,0.4535237185319938,-0.2763438607744302,-0.04720898828400816,-0.01131340481152178,Autoexperte,3.144421891173523
-5.279953661097714,0.4535237185319938,-0.2763438607744302,-0.04720898828400816,-0.01131340481152178,für auto+experte,3.144421891173523
-5.311814049403571,0.4765942310085909,-0.24815569739243223,-0.028579397057445444,-0.0069781002691301774,Ferdinand,3.1077606146841936
-5.311814049403571,0.4765942310085909,-0.24815569739243223,-0.028579397057445444,-0.0069781002691301774,auto+experte ferdinand,3.1077606146841936
-5.334142010867819,0.49263912764292805,-0.22819350298628274,-0.015350431531001851,-0.0039018447373200676,Dudenhöffer,3.0821378279420304
-5.334142010867819,0.49263912764292805,-0.22819350298628274,-0.015350431531001851,-0.0039018447373200676,ferdinand dudenhöffer,3.0821378279420304
-5.357232893825,0.5091182073462452,-0.2073670697402709,-0.0015171216099527096,-0.0006871212219697331,ändert,3.055703293356921
-5.357232893825,0.5091182073462452,-0.2073670697402709,-0.0015171216099527096,-0.0006871212219697331,dudenhöffer änder+t,3.055703293356921
-5.622032271831755,0.6872148112987577,0.045234236336921654,0.1687958274377266,0.03869883597293318,änder+t studie,2.758359966641598
-5.6406066561606085,0.6987469540070583,0.06393262587038075,0.1815864957168145,0.04164079319725307,grundsätzlichen,2.7379963303611397
-5.6406066561606085,0.6987469540070583,0.06393262587038075,0.1815864957168145,0.04164079319725307,studie grundsätzlich+en,2.7379963303611397
-5.639552285572561,0.6980964905131384,0.06286771366085979,0.18085736708180922,0.04147315325065114,Richtung,2.7391501894339307
-5.639552285572561,0.6980964905131384,0.06286771366085979,0.18085736708180922,0.04147315325065114,grundsätzlich+en richtung,2.7391501894339307
-5.6356989028288815,0.6957149583844497,0.05897939193898178,0.17819578488604348,0.04086113948892668,betont,2.7433693170305515
-5.632156661223609,0.6935198059621106,0.05541000046978829,0.17575346713315698,0.04029945112190354,beton+t der,2.7472507285106156
-5.629237589809026,0.6917066098513422,0.05247213115859515,0.17374394732836085,0.03983723180273756,der ein,2.750451415654402
-5.679920377578097,0.7226273143591748,0.10394073757598503,0.20903828158764226,0.047946580248908036,Stud…,2.6951585685053625
-5.679920377578097,0.7226273143591748,0.10394073757598503,0.20903828158764226,0.047946580248908036,änder+t stud…,2.6951585685053625
-5.68480429993377,0.7255414528906898,0.10895193562497402,0.2124848169032887,0.0487374419635901,+184,2.6898628566248663
-5.68480429993377,0.7255414528906898,0.10895193562497402,0.2124848169032887,0.0487374419635901,stud… +184,2.6898628566248663
-5.688077118752707,0.7274875516080521,0.11231511808860165,0.21479890913436972,0.049268342345090185,+184 char+s,2.686317405826229
-5.513882954419185,0.6172643080263556,-0.06105414204305802,0.09656709942252839,0.022041715277256388,Öl-Deal,2.878346682880967
-5.516245551486861,0.6188388307976087,-0.05877893030248019,0.0981046806074003,0.02239705239598723,veröffentlicht,2.8757016905228703
-5.516245551486861,0.6188388307976087,-0.05877893030248019,0.0981046806074003,0.02239705239598723,öl+-+deal veröffentlich+t,2.8757016905228703
-5.517792592732388,0.6198688042759442,-0.05728798773405687,0.09911245865907936,0.022629934296571716,veröffentlich+t usa,2.873970271245254
-5.5180711446194675,0.6200541686373855,-0.05701944232790426,0.0992939946286594,0.022671883015903824,sichern,2.8736585664327925
-5.5180711446194675,0.6200541686373855,-0.05701944232790426,0.0992939946286594,0.022671883015903824,usa sicher+n,2.8736585664327925
-5.517877229485894,0.6199251292284349,-0.057206394450677336,0.09916761494541637,0.022642679671369806,Zugang,2.873875559662636
-5.517877229485894,0.6199251292284349,-0.057206394450677336,0.09916761494541637,0.022642679671369806,sicher+n zugang,2.873875559662636
-5.308381014492102,0.4741180300954133,-0.25120973328965135,-0.03060068651521236,-0.007448296988437492,Venezuelas,3.1117054395834063
-5.516575450420116,0.6190585362648153,-0.05846106862079953,0.09831952045303605,0.02244669968636169,zugang venezuela+s,2.875332438237992
-5.298364739416213,0.46687981851885696,-0.26009712913324323,-0.03647877050018322,-0.008815918557796898,riesigen,3.1232226358209387
-5.298364739416213,0.46687981851885696,-0.26009712913324323,-0.03647877050018322,-0.008815918557796898,venezuela+s riesig+en,3.1232226358209387
-5.288574422926696,0.45978569782220036,-0.26875089017393206,-0.042196645515554576,-0.01014661792020087,Ölreserven,3.134490939001334
-5.288574422926696,0.45978569782220036,-0.26875089017393206,-0.042196645515554576,-0.01014661792020087,riesig+en öl+reserve+n,3.134490939001334
-5.689090688588847,0.7280891429922685,0.11335749860834429,0.2155163001593413,0.04943290951569822,öl+reserve+n nach,2.6852199467567224
-5.531331492595234,0.6288472412495005,-0.04420209712539476,0.10796456231754503,0.024674936955403085,Maduros,2.858836105073682
-5.531331492595234,0.6288472412495005,-0.04420209712539476,0.10796456231754503,0.024674936955403085,nach maduro+s,2.858836105073682
-5.675002671898767,0.719680990115942,0.09890403653803119,0.20557601636228817,0.047151922429280776,umstrittener,2.700496849892363
-5.675002671898767,0.719680990115942,0.09890403653803119,0.20557601636228817,0.047151922429280776,maduro+s umstritten+er,2.700496849892363
-5.658343110758642,0.709611872160264,0.08190966556829081,0.1939073589729281,0.04447237108947784,Verhaftung,2.718624701630581
-5.658343110758642,0.709611872160264,0.08190966556829081,0.1939073589729281,0.04447237108947784,umstritten+er verhaftung,2.718624701630581
-5.641580895854297,0.6993475317912954,0.06491698098295612,0.18226054048749674,0.04179576126613384,verhaftung bleib+t,2.7369303884057814
-5.629261449238527,0.6917214456622396,0.05249613114242866,0.17376036094908354,0.039841007421476435,offen,2.750425246689221
-5.629261449238527,0.6917214456622396,0.05249613114242866,0.17376036094908354,0.039841007421476435,bleib+t offen,2.750425246689221
-5.715511583104947,0.743582780515252,0.14066712527411845,0.23433910833850558,0.0537478795905134,offen venezuela+s,2.656704742264312
-5.476938395520829,0.592403102981887,-0.09636394588504191,0.07275303712576253,0.01653430829476936,geschieht,2.9198322847429057
-5.476938395520829,0.592403102981887,-0.09636394588504191,0.07275303712576253,0.01653430829476936,öl+reserve+n gescheh+t,2.9198322847429057
-5.389578008895988,0.5319932280925777,-0.17787904675217062,0.01812435774468807,0.003873638059613424,Zugleich,3.01878958882879
-5.261729827956528,0.44024049479536487,-0.29231222207530183,-0.057736029843258874,-0.013764769615077638,zugleich setz+en,3.1654417220027455
-5.055246439989124,0.2861996646176357,-0.46568430304412445,-0.17077846624372575,-0.04015551543564515,setz+en hoch+e,3.405730931404909
-5.261729827956528,0.44024049479536487,-0.29231222207530183,-0.057736029843258874,-0.013764769615077638,Trump,3.1654417220027455
-5.261729827956528,0.44024049479536487,-0.29231222207530183,-0.057736029843258874,-0.013764769615077638,sprit+preis+e trump,3.1654417220027455
-5.355480432144715,0.5078717638891739,-0.2089542088793571,-0.002572462967819822,-0.000932296530750179,trump wegen,3.057707174867378
-5.450238950061034,0.5741698461917373,-0.12157010396525228,0.055808744172934854,0.0126112378000416,Iran-Kriegs,2.9499534937149052
-5.450238950061034,0.5741698461917373,-0.12157010396525228,0.055808744172934854,0.0126112378000416,wegen iran+-+krieg+s,2.9499534937149052
-5.519348305726781,0.6209037235543922,-0.05578779223967989,0.1001266537386235,0.022864285467294312,innenpolitisch,2.8722295760058993
-5.519348305726781,0.6209037235543922,-0.05578779223967989,0.1001266537386235,0.022864285467294312,iran+-+krieg+s innenpolitisch,2.8722295760058993
-5.591759496524785,0.6680987512754526,0.015039229986905593,0.1481938848656344,0.033955175964147086,innenpolitisch druck,2.7917100445880774
-5.617422343895622,0.6843290355622271,0.04061378131421932,0.16563906261522066,0.0379723820916862,präsentiert,2.763425811520408
-5.617422343895622,0.6843290355622271,0.04061378131421932,0.16563906261522066,0.0379723820916862,nun präsentier+t,2.763425811520408
-5.649552418582658,0.7042452333509055,0.07298480362881282,0.18778766185049178,0.04306623095460553,präsentier+t regierung,2.7282167106573803
-5.663789706058354,0.7129185820051751,0.087454118484406,0.19771201313569542,0.04534628925766131,regierung detail+s,2.7126907550611103
-5.683933076013954,0.7250224892292356,0.10805734307290599,0.2118694141983657,0.04859624177179993,Abkommen,2.6908071048969973
-5.683933076013954,0.7250224892292356,0.10805734307290599,0.2118694141983657,0.04859624177179993,detail+s abkommen,2.6908071048969973
-5.696752580108932,0.732619746422156,0.12124981092164111,0.22095049788208487,0.050679233006017246,Venezue…,2.676932283978165
-5.696752580108932,0.732619746422156,0.12124981092164111,0.22095049788208487,0.050679233006017246,abkommen venezue…,2.676932283978165
-5.704614477520472,0.7372369913086465,0.12937133401076886,0.22654716574411193,0.05196232882255404,venezue… öl+-+deal,2.6684438223690226
-5.753407348504412,0.7651414566837222,0.18030004898880359,0.26175035489416587,0.06002138822822327,öl+reserve+n ein,2.6161294996407776
-5.755107263833126,0.7660892902350913,0.18209063064652692,0.2629914196037202,0.06030513094140509,Öltanker,2.614318737039006
-5.755107263833126,0.7660892902350913,0.18209063064652692,0.2629914196037202,0.06030513094140509,ein öl+tanker,2.614318737039006
-5.758778240982425,0.7681303289157497,0.18596112658066907,0.2656748695862241,0.06091855532057815,öl+tanker lieg+t,2.6104111994481167
-5.762251871519352,0.7700542798795329,0.18962823550444835,0.26821829611063064,0.06149985872923745,venezolanischen,2.6067172889323307
-5.762251871519352,0.7700542798795329,0.18962823550444835,0.26821829611063064,0.06149985872923745,lieg+t venezolanisch+en,2.6067172889323307
-5.767992136805324,0.7732178187055851,0.19569820619428183,0.2724304045487219,0.062462300241005034,Maracaibo-See,2.6006206618895646
-5.767992136805324,0.7732178187055851,0.19569820619428183,0.2724304045487219,0.062462300241005034,venezolanisch+en maracaibo-se+e,2.6006206618895646
-5.773868912829192,0.7764359211739604,0.20192539412362168,0.2767543432467776,0.06344997972126086,Anker,2.594389028153804
-5.773868912829192,0.7764359211739604,0.20192539412362168,0.2767543432467776,0.06344997972126086,maracaibo-se+e anker,2.594389028153804
-5.780344858971635,0.7799575928668439,0.20880253420305198,0.2815328022917135,0.0645411083478289,alliance/dpa/AP,2.5875338724213495
-5.780344858971635,0.7799575928668439,0.20880253420305198,0.2815328022917135,0.0645411083478289,picture alliance/dpa/ap,2.5875338724213495
-5.785152072730743,0.782554954481429,0.21391775636472926,0.28508921340511584,0.06535293500384985,alliance/dpa/ap nach,2.582453271994256
-5.788385178130271,0.78429366316128,0.2173628937722808,0.2874855335032389,0.06589982253573874,umstritt…,2.579040221077393
-5.788385178130271,0.78429366316128,0.2173628937722808,0.2874855335032389,0.06589982253573874,maduro+s umstritt…,2.579040221077393
-5.790980221822082,0.7856844530121754,0.2201309610717463,0.28941152063481046,0.06633929840447468,+2791,2.5763030415168258
-5.790980221822082,0.7856844530121754,0.2201309610717463,0.28941152063481046,0.06633929840447468,umstritt… +2791,2.5763030415168258
-5.792345184652582,0.7864142752119221,0.22158794544873495,0.29042549215965663,0.0665706426104269,+2791 chars,2.5748641415046714
-5.6985648387519925,0.7336869358539866,0.12311983333520872,0.22223874160693735,0.05097462080755376,Fast,2.6749741902048263
-5.6910712319448304,0.7292631576536,0.11539546578451004,0.2169191020103196,0.0497546842759377,fast prozent,2.6830762257903373
-5.682864285460958,0.7243853186683336,0.10696027867278723,0.21111480642245084,0.048423093773884276,prozent e+-+auto+s,2.6919657368833136
-5.672625437040817,0.7182524392709619,0.09647257463249527,0.20390526125540254,0.04676838470156207,e+-+auto+s frankreich,2.7030795116442023
-5.658343110758642,0.709611872160264,0.08190966556829081,0.1939073589729281,0.04447237108947784,eilt,2.718624701630581
-5.658343110758642,0.709611872160264,0.08190966556829081,0.1939073589729281,0.04447237108947784,frankreich eil+t,2.718624701630581
-5.6510732333799165,0.7051762737967466,0.0745267308011707,0.1888445395942825,0.043309113384395734,eil+t deutschland,2.72655597437829
-5.631113034296254,0.692871988855813,0.05435928191835232,0.17503469836579233,0.04013413055100161,deutschland voraus,2.748394819990013
-5.617422343895622,0.6843290355622271,0.04061378131421932,0.16563906261522066,0.0379723820916862,voraus auf,2.763425811520408
-5.608749724308064,0.6788751804893787,0.031943155694522954,0.15971929826866488,0.036609696704638664,Frankreichs,2.77296864421142
-5.608749724308064,0.6788751804893787,0.031943155694522954,0.15971929826866488,0.036609696704638664,auf frankreich+s,2.77296864421142
-5.577911708113124,0.6592281091597092,0.0013423176248680696,0.13887015296296285,0.031806353913707106,frankreich+s straße+n,2.807029343835745
-5.551891165437169,0.6423567180571599,-0.024199740154741148,0.12151934004027792,0.027804298435019317,straße+n fahr+en,2.835918328932521
-5.523867617328751,0.6239054051773911,-0.051424660139038264,0.1030772411495261,0.0235460031271819,fahr+en immer,2.867175349563107
-5.464154672869331,0.5836997696493531,-0.10846516009550819,0.06461247105802825,0.014649993531156022,mehr elektroauto+s,2.9342401909982128
-5.261729827956528,0.44024049479536487,-0.29231222207530183,-0.057736029843258874,-0.013764769615077638,gestiegenen,3.1654417220027455
-5.261729827956528,0.44024049479536487,-0.29231222207530183,-0.057736029843258874,-0.013764769615077638,der ge+steig+en+en,3.1654417220027455
-4.659093009510106,-0.01954169419213514,-0.7635020188666998,-0.35937844295925736,-0.08440825713781228,ge+steig+en+en sprit+preis+e,3.8738941137902834
-5.261729827956528,0.44024049479536487,-0.29231222207530183,-0.057736029843258874,-0.013764769615077638,sprit+preis+e gelt+en,3.1654417220027455
-5.442801692912675,0.569053339408631,-0.12854515583552983,0.051128116202292406,0.011526911776878881,Kaufargument,2.9583638144697644
-5.442801692912675,0.569053339408631,-0.12854515583552983,0.051128116202292406,0.011526911776878881,gelt+en kauf+argument,2.9583638144697644
-5.528244305098925,0.626805585282497,-0.04719198731802765,0.10594092289195012,0.024207530553649007,entscheidend,2.8622841338455607
-5.528244305098925,0.626805585282497,-0.04719198731802765,0.10594092289195012,0.024207530553649007,kauf+argument entscheid+end,2.8622841338455607
-5.574940741503022,0.6573150031629751,-0.0015868738537728466,0.13687795411286796,0.03134705637348033,dürfte,2.810321073571123
-5.574940741503022,0.6573150031629751,-0.0015868738537728466,0.13687795411286796,0.03134705637348033,entscheid+end dürf+te,2.810321073571123
-5.665104069267178,0.7137144197047711,0.08879378469852206,0.19863163448067545,0.04555749033913471,frankreich komm+en,2.7112598425698247
-5.673821757912625,0.7189716916653872,0.09769591627493626,0.2047458155395001,0.046961347344668045,komm+en immer,2.7017796396858804
-5.6860326477340895,0.7262724944371595,0.1102137212507639,0.213352914150152,0.04893661119406108,vollelektrische,2.688531871863157
-5.6860326477340895,0.7262724944371595,0.1102137212507639,0.213352914150152,0.04893661119406108,mehr vollelektrisch+e,2.688531871863157
-5.701211760713637,0.7352425634269062,0.12585336562674831,0.22412230024535207,0.051406463817456435,vollelektrisch+e auto+s,2.6721157755524074
-5.71254675387454,0.7418625372755927,0.1375893579477614,0.2322151320051935,0.05326125990920459,auto+s straße,2.659895573251263
-5.721123802672127,0.7468260586126949,0.1465022659411952,0.23836781387179629,0.054670687115671066,Zulassungsanteil,2.650671085545076
-5.721123802672127,0.7468260586126949,0.1465022659411952,0.23836781387179629,0.054670687115671066,ihr zulassung+s+anteil,2.650671085545076
-5.736378071783174,0.7555537882930339,0.16242282165415375,0.24937207435130448,0.05718995234540923,dritten,2.6343141011236715
-5.736378071783174,0.7555537882930339,0.16242282165415375,0.24937207435130448,0.05718995234540923,zulassung+s+anteil dritt+en,2.6343141011236715
-5.740654648978289,0.7579772063883969,0.16690202370420282,0.25247135360914386,0.057899127631290195,dritt+en monat,2.6297397815859958
-5.745174303938616,0.7605270236441357,0.17164334765412959,0.2557535627183606,0.05864998712873894,monat folge,2.624910974920897
-5.750773033217165,0.7636692761005017,0.17752738813529068,0.2598290558246532,0.05958207356805666,folge rekord,2.618937213877809
-5.753836442464839,0.7653808697841573,0.18075192598154183,0.26206353241558,0.060092991964945316,geknackt,2.6156723479184443
-5.753836442464839,0.7653808697841573,0.18075192598154183,0.26206353241558,0.060092991964945316,rekord ge+knack+t,2.6156723479184443
-5.759957151061265,0.7687841012017946,0.1872051903998026,0.2665376174415075,0.06111574971723495,dies teil+te,2.6091571392649606
-5.764102805659023,0.7710765193253339,0.19158412477966272,0.26957525066921517,0.06180994761873286,Plateforme,2.604750401146351
-5.764102805659023,0.7710765193253339,0.19158412477966272,0.26957525066921517,0.06180994761873286,teil+te plateforme,2.604750401146351
-5.767992136805324,0.7732178187055851,0.19569820619428183,0.2724304045487219,0.062462300241005034,Automobile,2.6006206618895646
-5.767992136805324,0.7732178187055851,0.19569820619428183,0.2724304045487219,0.062462300241005034,plateforme automobile,2.6006206618895646
-5.771972616358713,0.7753998168779388,0.1999146065383026,0.27535782097290573,0.0631310193152106,PFA,2.5963987186910242
-5.771972616358713,0.7753998168779388,0.1999146065383026,0.27535782097290573,0.0631310193152106,automobile pfa,2.5963987186910242
-5.774487902755985,0.7767736499318116,0.20258204935758373,0.2772104627184142,0.06355414844242994,Diensta…,2.593733254012622
-5.774487902755985,0.7767736499318116,0.20258204935758373,0.2772104627184142,0.06355414844242994,pfa diensta…,2.593733254012622
-5.777489508740137,0.7784080225620305,0.20576834674490102,0.27942413466321325,0.06405965686132316,+4252,2.59055488456287
-5.777489508740137,0.7784080225620305,0.20576834674490102,0.27942413466321325,0.06405965686132316,diensta… +4252,2.59055488456287
-5.779219498811772,0.7793474744879167,0.2076063241263435,0.28070139434235386,0.06435129024117243,+4252 char+s,2.5887242332280094
-5.641580895854297,0.6993475317912954,0.06491698098295612,0.18226054048749674,0.04179576126613384,Sprit,2.7369303884057814
-5.641580895854297,0.6993475317912954,0.06491698098295612,0.18226054048749674,0.04179576126613384,jetzt sprit,2.7369303884057814
-5.619487859161412,0.685623174522074,0.0426830183708449,0.1670526071788212,0.038297693647014866,Gas,2.761155444607598
-5.619487859161412,0.685623174522074,0.0426830183708449,0.1670526071788212,0.038297693647014866,sprit gas,2.761155444607598
-5.608749724308064,0.6788751804893787,0.031943155694522954,0.15971929826866488,0.036609696704638664,später,2.77296864421142
-5.608749724308064,0.6788751804893787,0.031943155694522954,0.15971929826866488,0.036609696704638664,gas spät+er,2.77296864421142
-3.105159503198304,-0.771565539773762,0.9494208870114237,-0.3408227871900051,-0.03337538999290687,Strom,5.599268844353242
-5.591759496524785,0.6680987512754526,0.015039229986905593,0.1481938848656344,0.033955175964147086,spät+er strom,2.7917100445880774
-5.548231092615245,0.6399630173103805,-0.027772150326296333,0.11909634242977785,0.027245090022540983,Charts,2.8399923947714383
-5.548231092615245,0.6399630173103805,-0.027772150326296333,0.11909634242977785,0.027245090022540983,strom charts,2.8399923947714383
-5.519348305726781,0.6209037235543922,-0.05578779223967989,0.1001266537386235,0.022864285467294312,prophezeien,2.8722295760058993
-5.519348305726781,0.6209037235543922,-0.05578779223967989,0.1001266537386235,0.022864285467294312,charts prophezei+en,2.8722295760058993
-4.947300726452987,0.20378146173653633,-0.5511055462093121,-0.225612797137127,-0.052996575008476154,Energiepreis-Schock,3.5325772342654456
-5.418245436811011,0.5520489854581827,-0.15143317023301647,0.035794085101232276,0.007972713380044835,prophezei+en energie+preis+-+schock,2.9861921029166947
-4.186089901857102,-0.3883599555973345,-1.070228390701325,-0.5456203793530318,-0.12828455850344678,energie+preis+-+schock der,4.438331704589327
-4.089942454998399,-0.4629698109204101,-1.1271951809815843,-0.5792442220408882,-0.13621604491443756,erreichen,4.553329582433679
-4.089942454998399,-0.4629698109204101,-1.1271951809815843,-0.5792442220408882,-0.13621604491443756,sprit+preis+e erreich+en,4.553329582433679
-4.5513208561061695,-0.10362156956748247,-0.8376139236066767,-0.4051539886070848,-0.09518035985501386,sicht-,4.002188856515726
-4.9131151962385875,0.17749587246902232,-0.577458096445882,-0.24241143245824048,-0.056934990267804256,erreich+en sicht+-,3.5728831890757777
-4.7381383123145895,0.042007112756964116,-0.707382249058331,-0.3244009229527415,-0.07618425195518692,spürbare,3.7799862073594297
-4.7381383123145895,0.042007112756964116,-0.707382249058331,-0.3244009229527415,-0.07618425195518692,sicht+- spür+bar+e,3.7799862073594297
-4.842520245340051,0.12299716748207667,-0.6308548464380019,-0.2762765359077169,-0.0648805532312886,Rekorde,3.6562915487174523
-4.842520245340051,0.12299716748207667,-0.6308548464380019,-0.2762765359077169,-0.0648805532312886,spür+bar+e rekord+e,3.6562915487174523
-4.986204910227161,0.23359585936596328,-0.5207114375056585,-0.20616849368784798,-0.04844046557035406,eigentliche,3.486782570007675
-4.986204910227161,0.23359585936596328,-0.5207114375056585,-0.20616849368784798,-0.04844046557035406,doch eigentlich+e,3.486782570007675
-5.313945464478613,0.4781303768057623,-0.24625754650091472,-0.027322769747203268,-0.006685803113920544,Schock,3.105312139215007
-5.313945464478613,0.4781303768057623,-0.24625754650091472,-0.027322769747203268,-0.006685803113920544,eigentlich+e schock,3.105312139215007
-5.103510193492088,0.3226971933116136,-0.42636637566062574,-0.14534569929533087,-0.03420793133574172,entsteht,3.3492575421846253
-5.339227402121306,0.4962785703084194,-0.22362278654147508,-0.012317236210775018,-0.0031967778940272112,schock entsteh+t,3.0763103782937744
-5.1771621824437055,0.377863345047482,-0.36496858405125043,-0.10539057666188506,-0.02487567393099349,entsteh+t stelle,3.2634168262525103
-5.4247289035776864,0.5565547305501592,-0.14541129582130885,0.039824769503888635,0.008907242017172537,Gasnotierungen,2.9788360656847472
-5.4247289035776864,0.5565547305501592,-0.14541129582130885,0.039824769503888635,0.008907242017172537,der gas+notierung+en,2.9788360656847472
-5.426656880444671,0.557892387794009,-0.1436176624738111,0.04102583539520133,0.00918567553044368,gas+notierung+en steig+en,2.9766498009233215
-5.422933388771478,0.5553080635037044,-0.14708049298996864,0.03870724155740263,0.008648158776736262,steig+en dramatisch,2.9808726135212043
-5.409368920372824,0.5458618680947123,-0.15965322843241467,0.03029636726139867,0.006697733460528363,Speicher,2.996273115250472
-5.409368920372824,0.5458618680947123,-0.15965322843241467,0.03029636726139867,0.006697733460528363,dramatisch speicher,2.996273115250472
-5.388947494129231,0.531549751943426,-0.17845740541994778,0.01773850493114243,0.0037840857564965386,halb,3.019507827135618
-5.388947494129231,0.531549751943426,-0.17845740541994778,0.01773850493114243,0.0037840857564965386,speicher halb,3.019507827135618
-5.379048573782111,0.5245743654590063,-0.18751899160717925,0.011696278550745731,0.0023815240079746863,leer,3.0307910415297536
-5.379048573782111,0.5245743654590063,-0.18751899160717925,0.011696278550745731,0.0023815240079746863,halb leer,3.0307910415297536
-5.3406026232926,0.49726179461675724,-0.22238520114925067,-0.011495688821490213,-0.0030058265814444513,Strompreis,3.074735029473167
-5.3406026232926,0.49726179461675724,-0.22238520114925067,-0.011495688821490213,-0.0030058265814444513,leer strom+preis,3.074735029473167
-5.476938395520829,0.592403102981887,-0.09636394588504191,0.07275303712576253,0.01653430829476936,klettert,2.9198322847429057
-5.476938395520829,0.592403102981887,-0.09636394588504191,0.07275303712576253,0.01653430829476936,strom+preis kletter+t,2.9198322847429057
-5.378896799301444,0.52446722838955,-0.1876576574015689,0.011603863909061984,0.0023600688236271455,Gleichlauf,3.030964143113751
-5.378896799301444,0.52446722838955,-0.1876576574015689,0.011603863909061984,0.0023600688236271455,kletter+t gleich+lauf,3.030964143113751
-5.742699634687888,0.7591323604055569,0.16904634900329096,0.2539555764809158,0.05823869028259808,+25,2.627554210782212
-5.742699634687888,0.7591323604055569,0.16904634900329096,0.2539555764809158,0.05823869028259808,strom+preis +25,2.627554210782212
-5.74468638956405,0.7602523257403517,0.17113113094599341,0.25539890038870894,0.058568860902148454,+25 chars,2.625431989125627
-5.617422343895622,0.6843290355622271,0.04061378131421932,0.16563906261522066,0.0379723820916862,Winter,2.763425811520408
-5.617422343895622,0.6843290355622271,0.04061378131421932,0.16563906261522066,0.0379723820916862,der winter,2.763425811520408
-5.601773996297336,0.6744652285892774,0.024989669498563266,0.15497579339566858,0.03551740969152185,naht,2.7806560048743294
-5.601773996297336,0.6744652285892774,0.024989669498563266,0.15497579339566858,0.03551740969152185,winter nah+t,2.7806560048743294
-5.571896102238393,0.6553508626632716,-0.004585258756588939,0.13483933596102987,0.03087699923163477,nah+t deutschland,2.8136962596080153
-5.528244305098925,0.626805585282497,-0.04719198731802765,0.10594092289195012,0.024207530553649007,deutschland droh+t,2.8622841338455607
-5.476938395520829,0.592403102981887,-0.09636394588504191,0.07275303712576253,0.01653430829476936,nächste,2.9198322847429057
-5.476938395520829,0.592403102981887,-0.09636394588504191,0.07275303712576253,0.01653430829476936,droh+t nächst+e,2.9198322847429057
-5.418245436811011,0.5520489854581827,-0.15143317023301647,0.035794085101232276,0.007972713380044835,nächst+e energie+preis+-+schock,2.9861921029166947
-5.476938395520829,0.592403102981887,-0.09636394588504191,0.07275303712576253,0.01653430829476936,erreich+en tag+en,2.9198322847429057
-5.509849025709253,0.614571570636196,-0.06493408602243575,0.09394591122478435,0.02143588309105167,tag+en sicht+-,2.882865050911692
-5.646439248182848,0.7023359974656833,0.06983115398294013,0.1856265973725557,0.042569541348975656,Energiekosten-Schock,2.7316179778899192
-5.646439248182848,0.7023359974656833,0.06983115398294013,0.1856265973725557,0.042569541348975656,eigentlich+e energie+kosten+-+schock,2.7316179778899192
-5.675002671898767,0.719680990115942,0.09890403653803119,0.20557601636228817,0.047151922429280776,energie+kosten+-+schock entsteh+t,2.700496849892363
-5.501207851405739,0.6087850369161332,-0.07322513614739531,0.08834835768022037,0.02014182468588642,WELT,2.892553508107524
-5.70707696440704,0.738676518926914,0.13191996998664599,0.22830444222256652,0.05236510003583668,welt zeig+t,2.6657883601655707
-5.718368449375605,0.7452358906072123,0.14363597423601687,0.23638856102182226,0.05421735616305361,Verbraucher,2.6536323005579376
-5.718368449375605,0.7452358906072123,0.14363597423601687,0.23638856102182226,0.05421735616305361,zeig+t verbraucher,2.6536323005579376
-5.726353179046086,0.7498325962324321,0.15195011412881626,0.24213131975174995,0.05553251009655878,zukommt,2.6450565893534557
-5.726353179046086,0.7498325962324321,0.15195011412881626,0.24213131975174995,0.05553251009655878,verbraucher zu+komm+t,2.6450565893534557
-5.734139976156062,0.7542813933390891,0.1600814466039031,0.24775258471280492,0.05681931852531767,der welt,2.6367100246295356
-5.739080943549263,0.7570866396044404,0.16525295033361376,0.2513301491788894,0.05763801638662398,ePaper,2.6314224633282337
-5.739080943549263,0.7570866396044404,0.16525295033361376,0.2513301491788894,0.05763801638662398,welt epaper,2.6314224633282337
-5.731830598957398,0.7529655193633935,0.15766749061881075,0.2460833019214217,0.05643724389955672,epaper der,2.639183694476328
-5.745174303938616,0.7605270236441357,0.17164334765412959,0.2557535627183606,0.05864998712873894,vollständige,2.624910974920897
-5.745174303938616,0.7605270236441357,0.17164334765412959,0.2557535627183606,0.05864998712873894,der vollständig+e,2.624910974920897
-5.751219357254495,0.763918988665734,0.17799696705293372,0.2601544091768013,0.0596564715963525,Ausgabe,2.618461373019246
-5.751219357254495,0.763918988665734,0.17799696705293372,0.2601544091768013,0.0596564715963525,vollständig+e ausgabe,2.618461373019246
-5.754686370603039,0.7658547681458372,0.18164718703131957,0.2626840443998115,0.060234858634675384,ausgabe steh+t,2.614766999019311
-5.757172163364785,0.7672383410297774,0.18426713182130955,0.264500276033378,0.06065006355144843,Ihnen,2.6121202992584474
-5.757172163364785,0.7672383410297774,0.18426713182130955,0.264500276033378,0.06065006355144843,steh+t ihnen,2.6121202992584474
-5.759566573725415,0.7685675954971383,0.18679296926187022,0.26625173329023555,0.06105040785615261,bereits,2.6095725698428414
-5.759566573725415,0.7685675954971383,0.18679296926187022,0.26625173329023555,0.06105040785615261,ihnen bereits,2.6095725698428414
-5.7637369337501125,0.7708746173458325,0.19119740402569554,0.26930693034062125,0.06174863400303242,Vorabend,2.605139114761605
-5.7637369337501125,0.7708746173458325,0.19119740402569554,0.26930693034062125,0.06174863400303242,bereits vorabend,2.605139114761605
-5.76833391346519,0.7734055496617132,0.19606000546994592,0.2726815494070759,0.06251967579883562,Verfügung,2.6002579701340003
-5.76833391346519,0.7734055496617132,0.19606000546994592,0.2726815494070759,0.06251967579883562,vorabend verfügung,2.6002579701340003
-5.774179210440236,0.7766052528715155,0.2022545552018315,0.276982978065766,0.06350219586555937,verfügung sie,2.5940602765717964
-5.775404485971238,0.7772733172210586,0.2035546711876231,0.27788611239423255,0.06370844698658439,sie immer,2.592762410055648
-5.7771961324664804,0.7782485242500203,0.20545676931948262,0.27920763507565727,0.06401022128981006,hochaktuell,2.590865419660632
-5.7771961324664804,0.7782485242500203,0.20545676931948262,0.27920763507565727,0.06401022128981006,immer hochaktuell,2.590865419660632
-5.780622806986573,0.7801081622953032,0.20909805445048094,0.2817382149611568,0.0645880041184987,informiert,2.5872399284995207
-5.780622806986573,0.7801081622953032,0.20909805445048094,0.2817382149611568,0.0645880041184987,hochaktuell informier+t,2.5872399284995207
-5.785915003297573,0.7829658389676852,0.21473036746570934,0.28565436161686597,0.06548192196262535,weit+er+e information+en,2.5816475935699965
-5.789343133292251,0.7848075675733761,0.21838442622362006,0.2881962395134203,0.0660620004774543,https,2.578029557942609
-5.789343133292251,0.7848075675733761,0.21838442622362006,0.2881962395134203,0.0660620004774543,information+en http+s,2.578029557942609
-5.790749343827654,0.7855608892704922,0.2198845870461844,0.2892400744451561,0.06630018006673626,//epaper.welt.de,2.576546481983529
-5.790749343827654,0.7855608892704922,0.2198845870461844,0.2892400744451561,0.06630018006673626,http+s //epaper.welt.d+e,2.576546481983529
-5.689090688588847,0.7280891429922685,0.11335749860834429,0.2155163001593413,0.04943290951569822,Autofahrern,2.6852199467567224
-5.676168510105557,0.7203805582943534,0.10009725364208336,0.20639607848684605,0.047340159638312826,auto+fahrer+n droh+en,2.6992307702242955
-5.667679092133758,0.7152711582843716,0.09142028257891252,0.2004349814779961,0.04597161089979861,droh+en weit+er+e,2.708457682428833
-5.656931855475639,0.7087527701794272,0.08047489299112179,0.19292316349260952,0.04424626816919909,Preissprünge,2.72016337896617
-5.656931855475639,0.7087527701794272,0.08047489299112179,0.19292316349260952,0.04424626816919909,weit+er+e preis+sprung+e,2.72016337896617
-5.632932586057092,0.6940011344911503,0.05619146548976025,0.17628809803778633,0.04042241403864026,Spritpreis-Rekord,2.7464002675989714
-5.632932586057092,0.6940011344911503,0.05619146548976025,0.17628809803778633,0.04042241403864026,preis+sprung+e sprit+preis+-+rekord,2.7464002675989714
-5.509849025709253,0.614571570636196,-0.06493408602243575,0.09394591122478435,0.02143588309105167,teuer experte+n,2.882865050911692
-5.45734871924601,0.579046004804022,-0.11488339050227758,0.060299221740124254,0.013651257760244104,experte+n warn+en,2.941921511722083
-5.241080413963274,0.4251173467832712,-0.31027115955739637,-0.06955237706036066,-0.016517718531659148,warn+en steig+end+en,3.189301047315368
-4.659093009510106,-0.01954169419213514,-0.7635020188666998,-0.35937844295925736,-0.08440825713781228,steig+end+en sprit+preis+en,3.8738941137902834
-5.342589030167968,0.4986812524289823,-0.22059643610057564,-0.010308050122224688,-0.0027297983402491816,"2,50",3.0724599641435453
-5.342589030167968,0.4986812524289823,-0.22059643610057564,-0.010308050122224688,-0.0027297983402491816,"sprit+preis+en 2,50",3.0724599641435453
-5.399661276564908,0.5390717220268793,-0.16861064237411102,0.024311151579544277,0.005309288611723792,"2,50 euro",3.007310855692524
-5.280069513408155,0.45360796534934145,-0.2762419878956265,-0.047141767660859646,-0.01129775527006359,euro liter,3.1442883778258612
-5.643226400298355,0.7003609290055568,0.0665803884247082,0.18339972946084493,0.042057654045770346,weiterlesenberlin super,2.7351304900038893
-5.658343110758642,0.709611872160264,0.08190966556829081,0.1939073589729281,0.04447237108947784,e10 kost+et,2.718624701630581
-5.687063929999297,0.7268856645637056,0.11127351974269761,0.21408213403377374,0.049103908379221586,kost+et nie,2.687414709326892
-5.498731405700893,0.6071221344594164,-0.07559615289577182,0.08674852628104862,0.01977189580252385,Mittwoch,2.895332468030271
-5.702930668861978,0.7362508239601673,0.1276299441545184,0.2253467498660534,0.05168716274765213,mittwoch lieg,2.6702604876099505
-5.709466919895429,0.7400705719363734,0.13439573971971647,0.23001192210930688,0.05275641034283639,bundesweite,2.6632126200429194
-5.709466919895429,0.7400705719363734,0.13439573971971647,0.23001192210930688,0.05275641034283639,lieg bundesweit+e,2.6632126200429194
-5.531911725027926,0.6292305914825873,-0.04363975544259553,0.10834524285179942,0.024762857792834145,Tagesdurchschnitt,2.8581882472694886
-5.718368449375605,0.7452358906072123,0.14363597423601687,0.23638856102182226,0.05421735616305361,bundesweit+e tag+es+durchschnitt,2.6536323005579376
-5.732414834149401,0.7532986969705082,0.15827799154184002,0.24650543214835174,0.05653386771853659,"2,215",2.638557758230062
-5.732414834149401,0.7532986969705082,0.15827799154184002,0.24650543214835174,0.05653386771853659,"tag+es+durchschnitt 2,215",2.638557758230062
-5.735825027984541,0.7552396365208571,0.16184408047132032,0.24897173241335324,0.05709833475290392,"2,215 euro",2.634906016981932
-5.746139892320668,0.7610702495057355,0.17265729619896075,0.2564556828220832,0.05881058541491806,50-Liter-Tankfüllung,2.6238800779739817
-5.746139892320668,0.7610702495057355,0.17265729619896075,0.2564556828220832,0.05881058541491806,ein 50+-+liter+-+tank+füllung,2.6238800779739817
-5.755525481800182,0.7663222183394176,0.18253132196143598,0.2632969009441406,0.0603749686968653,50+-+liter+-+tank+füllung kost+et,2.613873374320619
-5.758380436131297,0.7679095373859017,0.18554145502423852,0.2653838557930017,0.06085203677092772,dam…,2.610834452644243
-5.758380436131297,0.7679095373859017,0.18554145502423852,0.2653838557930017,0.06085203677092772,kost+et dam…,2.610834452644243
-5.760731248636292,0.7692129323840384,0.1880223546801874,0.2671043741563919,0.061245283901937134,+2123,2.608333914050829
-5.760731248636292,0.7692129323840384,0.1880223546801874,0.2671043741563919,0.061245283901937134,dam… +2123,2.608333914050829
-5.762998760039757,0.770467020728665,0.1904173199457775,0.268765713323025,0.061624957314376186,+2123 chars,2.6059234914251426
-5.557194741723433,0.6458164264097541,-0.01901429414194626,0.12503802399107877,0.02861623886662322,VoltBox,2.8300193992495393
-5.748495960032212,0.7623934764425582,0.17513284480316182,0.2581702127362192,0.05920272103024639,anzeige voltbox,2.6213657530060064
-5.550073956350907,0.64116887671297,-0.02597405148508622,0.1203157929622839,0.027526539480402026,voltbox mobil+e,2.837940765535854
-5.741171511077777,0.7582693928198825,0.16744384396954703,0.25284635061303873,0.05798492343921906,mobil+e wallbox,2.6291872774449745
-5.7369268880333735,0.7558653676893043,0.16299725341162108,0.24976945891143154,0.057280890529571624,11kW,2.6337267931279187
-5.7369268880333735,0.7558653676893043,0.16299725341162108,0.24976945891143154,0.057280890529571624,wallbox 11kw,2.6337267931279187
-5.526073310882359,0.6253678292191074,-0.04929243537683395,0.10451966933706236,0.023879226287527297,CEE-Adapter,2.864709919261423
-5.731830598957398,0.7529655193633935,0.15766749061881075,0.2460833019214217,0.05643724389955672,11kw cee-adapter,2.639183694476328
-5.490149543098809,0.6013440533034453,-0.08379515778311544,0.08121943917581981,0.018493149386994465,Tiefpreis,2.904970745109454
-5.71254675387454,0.7418625372755927,0.1375893579477614,0.2322151320051935,0.05326125990920459,cee-adapter tief+preis,2.659895573251263
-5.701211760713637,0.7352425634269062,0.12585336562674831,0.22412230024535207,0.051406463817456435,tief+preis amazo+n,2.6721157755524074
-5.694900565745593,0.731527387781914,0.11934005509305728,0.2196351401301514,0.05037760092050099,amazo+n der,2.6789341967344735
-5.748495960032212,0.7623934764425582,0.17513284480316182,0.2581702127362192,0.05920272103024639,der voltbox,2.6213657530060064
-5.731830598957398,0.7529655193633935,0.15766749061881075,0.2460833019214217,0.05643724389955672,wall+box cee-adapter,2.639183694476328
-5.621514901884728,0.686891403698868,0.04471528405655359,0.16844119497369403,0.0386172331023988,verzögertem,2.7589282721948356
-5.621514901884728,0.686891403698868,0.04471528405655359,0.16844119497369403,0.0386172331023988,cee-adapter verzöger+t+em,2.7589282721948356
-5.5943451923195795,0.6697465039167276,0.017604761200125864,0.1499417892856998,0.034357874307133315,Laden,2.7888539426277332
-5.5943451923195795,0.6697465039167276,0.017604761200125864,0.1499417892856998,0.034357874307133315,verzöger+t+em laden,2.7888539426277332
-5.577911708113124,0.6592281091597092,0.0013423176248680696,0.13887015296296285,0.031806353913707106,plus,2.807029343835745
-5.577911708113124,0.6592281091597092,0.0013423176248680696,0.13887015296296285,0.031806353913707106,laden plus,2.807029343835745
-5.555450989523939,0.6446800779436646,-0.020720368744318374,0.12388011998811616,0.028349069986078737,plus meter,2.831958301143067
-5.532485811228163,0.6296097634941669,-0.043083247073553946,0.108721997025223,0.02484986988948555,Kabel,2.8575473126928626
-5.532485811228163,0.6296097634941669,-0.043083247073553946,0.108721997025223,0.02484986988948555,meter kabel,2.8575473126928626
-5.71254675387454,0.7418625372755927,0.1375893579477614,0.2322151320051935,0.05326125990920459,kabel tief+preis,2.659895573251263
-5.261729827956528,0.44024049479536487,-0.29231222207530183,-0.057736029843258874,-0.013764769615077638,verfügbar,3.1654417220027455
-5.261729827956528,0.44024049479536487,-0.29231222207530183,-0.057736029843258874,-0.013764769615077638,tief+preis verfüg+bar,3.1654417220027455
-5.355480432144715,0.5078717638891739,-0.2089542088793571,-0.002572462967819822,-0.000932296530750179,elektromobilität amazon,3.057707174867378
-5.435010588070519,0.5636764486971488,-0.13583055693574905,0.04624302980696937,0.01039493282260838,amazon besuch+en,2.967183319905522
-5.2806014273489295,0.4539947361510146,-0.27577419947284965,-0.04683308835916933,-0.011225892669355503,berlin brandenburg,3.143675395253755
-4.659093009510106,-0.01954169419213514,-0.7635020188666998,-0.35937844295925736,-0.08440825713781228,brandenburg sprit+preis+e,3.8738941137902834
-4.693888919730672,0.007569460169033482,-0.7389869166789772,-0.3441320374398411,-0.08082267971450541,sprit+preis+e super,3.83253339762284
-4.894564463074504,0.16320138938735562,-0.5916216628571513,-0.2514168752950031,-0.05904712371997019,e10 erreich+t,3.5947791461649774
-4.089942454998399,-0.4629698109204101,-1.1271951809815843,-0.5792442220408882,-0.13621604491443756,Höchststand,4.553329582433679
-4.659093009510106,-0.01954169419213514,-0.7635020188666998,-0.35937844295925736,-0.08440825713781228,erreich+t höchststand,3.8738941137902834
-4.659093009510106,-0.01954169419213514,-0.7635020188666998,-0.35937844295925736,-0.08440825713781228,höchststand sprit+preis+e,3.8738941137902834
-5.536599041940054,0.6323230339550925,-0.039092366570747425,0.11142446554327878,0.025473954066774954,höchststand nach,2.8529568958086102
-5.568774653493616,0.6533334210372899,-0.007655669882744784,0.13275241845350666,0.03039574510552405,Wiederaufflammen,2.817158504867251
-5.568774653493616,0.6533334210372899,-0.007655669882744784,0.13275241845350666,0.03039574510552405,nach wiederauf+flamm+en,2.817158504867251
-5.621514901884728,0.686891403698868,0.04471528405655359,0.16844119497369403,0.0386172331023988,Irankriegs,2.7589282721948356
-5.621514901884728,0.686891403698868,0.04471528405655359,0.16844119497369403,0.0386172331023988,wiederauf+flamm+en irankrieg+s,2.7589282721948356
-5.443381715029544,0.5694529413868257,-0.1280019022185664,0.051492540226183714,0.011611344867969955,Preis,2.957707599547097
-5.654046338888193,0.7069932765972538,0.0775436465882786,0.19091290631979696,0.043784398370774094,irankrieg+s preis,2.72331088656442
-5.667679092133758,0.7152711582843716,0.09142028257891252,0.2004349814779961,0.04597161089979861,Superbenzin,2.708457682428833
-5.667679092133758,0.7152711582843716,0.09142028257891252,0.2004349814779961,0.04597161089979861,preis superbenzin,2.708457682428833
-5.6860326477340895,0.7262724944371595,0.1102137212507639,0.213352914150152,0.04893661119406108,Sorte,2.688531871863157
-5.6860326477340895,0.7262724944371595,0.1102137212507639,0.213352914150152,0.04893661119406108,superbenzin sorte,2.688531871863157
-5.367555033766283,0.5164453833134306,-0.19799680638658476,0.004717281443463783,0.0007609884889153984,sorte e10,3.0439082659329424
-5.261729827956528,0.44024049479536487,-0.29231222207530183,-0.057736029843258874,-0.013764769615077638,e10 höchststand,3.1654417220027455
-5.389578008895988,0.5319932280925777,-0.17787904675217062,0.01812435774468807,0.003873638059613424,höchststand erreich+t,3.01878958882879
-5.721123802672127,0.7468260586126949,0.1465022659411952,0.23836781387179629,0.054670687115671066,der preis,2.650671085545076
-5.7312416664376915,0.752629469573135,0.15705221214543136,0.24565789519155834,0.05633986713967619,preis liter,2.6398147575254787
-5.734706036706623,0.7546034750774147,0.16067344932301958,0.24816202603447124,0.056913026699505945,stieg,2.636103916306394
-5.734706036706623,0.7546034750774147,0.16067344932301958,0.24816202603447124,0.056913026699505945,liter steig,2.636103916306394
-5.73960941333736,0.7573858602876815,0.1658066250144733,0.2517132857353098,0.057725681669418175,steig mittwoch,2.6308573214708204
-5.7456587914450665,0.7607996564474764,0.17215205594888494,0.25610581433854096,0.058730559850292144,bundesweiten,2.6243936859657393
-5.7456587914450665,0.7607996564474764,0.17215205594888494,0.25610581433854096,0.058730559850292144,mittwoch bundesweit+en,2.6243936859657393
-5.751662729684119,0.7641669346730151,0.17846351514436012,0.26047767817474077,0.059730391241563166,bundesweit+en tag+es+durchschnitt,2.6179887347955026
-5.760731248636292,0.7692129323840384,0.1880223546801874,0.2671043741563919,0.061245283901937134,"2,21…",2.608333914050829
-5.760731248636292,0.7692129323840384,0.1880223546801874,0.2671043741563919,0.061245283901937134,"tag+es+durchschnitt 2,21…",2.608333914050829
-5.763368925551436,0.7706714554679706,0.19080847618790348,0.2690370894277543,0.061686971687768447,+297,2.6055301371887754
-5.763368925551436,0.7706714554679706,0.19080847618790348,0.2690370894277543,0.061686971687768447,"2,21… +297",2.6055301371887754
-5.765187809607103,0.7716747927832464,0.19273125347844675,0.2703712313163178,0.061991829183914035,+297 chars,2.6035978879158854
-5.261729827956528,0.44024049479536487,-0.29231222207530183,-0.057736029843258874,-0.013764769615077638,sprit+preis+e zieh+en,3.1654417220027455
-5.409201156998703,0.5457447324772287,-0.1598083129189962,0.03019269180398465,0.006673686540081228,Ferienende,2.9964637517634785
-5.409201156998703,0.5457447324772287,-0.1598083129189962,0.03019269180398465,0.006673686540081228,zieh+en ferien+ende,2.9964637517634785
-5.488737569919927,0.6003911091581562,-0.08514153977924271,0.08031195927940438,0.018283233071463886,leicht,2.9065577217758265
-5.488737569919927,0.6003911091581562,-0.08514153977924271,0.08031195927940438,0.018283233071463886,ferien+ende leicht,2.9065577217758265
-5.548231092615245,0.6399630173103805,-0.027772150326296333,0.11909634242977785,0.027245090022540983,teuersten,2.8399923947714383
-5.548231092615245,0.6399630173103805,-0.027772150326296333,0.11909634242977785,0.027245090022540983,leicht teuer+st+en,2.8399923947714383
-5.591759496524785,0.6680987512754526,0.015039229986905593,0.1481938848656344,0.033955175964147086,teuer+st+en tank+en,2.7917100445880774
-5.639908377338092,0.6983162277507269,0.06322731846883707,0.1811035737434813,0.04152976153560729,Tirol,2.738760469195193
-5.639908377338092,0.6983162277507269,0.06322731846883707,0.1811035737434813,0.04152976153560729,tank+en tirol,2.738760469195193
-5.65549977251654,0.7078800244769052,0.07901971901981729,0.19192512408999918,0.04401696974830231,"2,197",2.7217252438363033
-5.65549977251654,0.7078800244769052,0.07901971901981729,0.19192512408999918,0.04401696974830231,"tirol 2,197",2.7217252438363033
-5.663789706058354,0.7129185820051751,0.087454118484406,0.19771201313569542,0.04534628925766131,"2,197 euro",2.7126907550611103
-5.675002671898767,0.719680990115942,0.09890403653803119,0.20557601636228817,0.047151922429280776,euro diesel,2.700496849892363
-5.687063929999297,0.7268856645637056,0.11127351974269761,0.21408213403377374,0.049103908379221586,"1,967",2.687414709326892
-5.687063929999297,0.7268856645637056,0.11127351974269761,0.21408213403377374,0.049103908379221586,"diesel 1,967",2.687414709326892
-5.663789706058354,0.7129185820051751,0.087454118484406,0.19771201313569542,0.04534628925766131,"1,967 euro",2.7126907550611103
-5.701211760713637,0.7352425634269062,0.12585336562674831,0.22412230024535207,0.051406463817456435,euro super,2.6721157755524074
-5.748957550038304,0.7626523400266843,0.1756180889531598,0.2585063372500064,0.05927959138499102,"2,143",2.6208733408497746
-5.751662729684119,0.7641669346730151,0.17846351514436012,0.26047767817474077,0.059730391241563166,"2,143 euro",2.6179887347955026
-5.753836442464839,0.7653808697841573,0.18075192598154183,0.26206353241558,0.060092991964945316,kostete,2.6156723479184443
-5.753836442464839,0.7653808697841573,0.18075192598154183,0.26206353241558,0.060092991964945316,euro kost+ete,2.6156723479184443
-5.758380436131297,0.7679095373859017,0.18554145502423852,0.2653838557930017,0.06085203677092772,gestrigen,2.610834452644243
-5.758380436131297,0.7679095373859017,0.18554145502423852,0.2653838557930017,0.06085203677092772,kost+ete gestrig+en,2.610834452644243
-5.762251871519352,0.7700542798795329,0.18962823550444835,0.26821829611063064,0.06149985872923745,gestrig+en donnerstag,2.6067172889323307
-5.767648455125249,0.7730289700456296,0.19533443469082196,0.27217790007875975,0.06240461298786838,donnerstag liter,2.6009854096735534
-5.769682319637358,0.7741455107763737,0.1974878359951337,0.2736727766328919,0.0627461171354649,liter diesel,2.598827381474868
-5.7729282467656144,0.7759222321771118,0.20092776501962234,0.27606143872706346,0.06329172712501278,diesel österreich,2.5953858112131756
-5.777781423646849,0.7785666735957553,0.20607840427060986,0.27963958502788266,0.06410885205228202,österreich super,2.590245921730495
-5.7827992191433,0.7812855002122885,0.21141306584163308,0.2833475680271448,0.06495539465536211,bundesweitem,2.584939064504496
-5.7827992191433,0.7812855002122885,0.21141306584163308,0.2833475680271448,0.06495539465536211,super bundesweit+em,2.584939064504496
-5.786167018724631,0.783101484168494,0.21499884164475502,0.2858410882327962,0.0655245384116266,Durchschnitt,2.5813814961025776
-5.786167018724631,0.783101484168494,0.21499884164475502,0.2858410882327962,0.0655245384116266,bundesweit+em durchschnitt,2.5813814961025776
-5.789343133292251,0.7848075675733761,0.21838442622362006,0.2881962395134203,0.0660620004774543,1.919,2.578029557942609
-5.789343133292251,0.7848075675733761,0.21838442622362006,0.2881962395134203,0.0660620004774543,durchschnitt 1.919,2.578029557942609
-5.791667013352804,0.7860518169603197,0.22086396667595468,0.28992162851332937,0.06645568508174089,+397,2.5755789767208785
-5.791667013352804,0.7860518169603197,0.22086396667595468,0.28992162851332937,0.06645568508174089,1.919 +397,2.5755789767208785
-5.792792598905486,0.7866532415352065,0.2220656749054322,0.2907579954759111,0.06664650149833339,+397 chars,2.5743926158110866
-4.266992712549759,-0.17767199794912814,1.0127217147944008,-0.0707237899895729,0.016623137651652617,Tödliche,4.326364870747644
-4.235843302723673,-0.19584817623827355,1.0186159616157089,-0.07727733365666078,0.01555301198726021,Katastrophe,4.361541802099378
-4.235843302723673,-0.19584817623827355,1.0186159616157089,-0.07727733365666078,0.01555301198726021,tödlich+e katastrophe,4.361541802099378
-4.187430228662191,-0.2240367747516907,1.0275855595055736,-0.08733081680460109,0.013913266050695414,Nepal,4.416200543486033
-4.187430228662191,-0.2240367747516907,1.0275855595055736,-0.08733081680460109,0.013913266050695414,katastrophe nepal,4.416200543486033
-4.163568445580363,-0.23790338925864685,1.0319233163526935,-0.09222765209323783,0.013115455738830092,träumte,4.443134534820615
-4.163568445580363,-0.23790338925864685,1.0319233163526935,-0.09222765209323783,0.013115455738830092,nepal träum+te,4.443134534820615
-4.112587518550849,-0.2674710885189331,1.0410133076518076,-0.10256299733721502,0.011433589485028026,Reichtum,4.500665959478421
-4.112587518550849,-0.2674710885189331,1.0410133076518076,-0.10256299733721502,0.011433589485028026,träum+te reichtum,4.500665959478421
-4.041817353178988,-0.30838712413084624,1.0532465467826257,-0.11662965799066835,0.00914922430941413,Wasserkraft,4.580500069585021
-4.041817353178988,-0.30838712413084624,1.0532465467826257,-0.11662965799066835,0.00914922430941413,reichtum wasser+kraft,4.580500069585021
-3.9728824453523366,-0.34810235424982183,1.0647540616555191,-0.1300261412483204,0.00697918372490379,Dann,4.658232301650537
-3.94416636218609,-0.36460685804246307,1.069434127503953,-0.13551980391296267,0.006090952244466749,kam,4.690604161919207
-3.94416636218609,-0.36460685804246307,1.069434127503953,-0.13551980391296267,0.006090952244466749,dann komm,4.690604161919207
-3.895310561132198,-0.39263436169757604,1.0772488984785535,-0.1447512819470555,0.004600692019654948,Flut,4.745667968031855
-3.895310561132198,-0.39263436169757604,1.0772488984785535,-0.1447512819470555,0.004600692019654948,komm flut,4.745667968031855
-3.862769399160899,-0.41126663473507064,1.08235384559522,-0.1508207887575554,0.003622524761615023,flut mit,4.782336049835028
-3.784940854879662,-0.4557159443404668,1.0942515934859696,-0.16508556921707637,0.0013290595559904833,mit fluss+en,4.870009695533104
-3.68839937654141,-0.5106375516987836,1.108430622944175,-0.18230031095128632,-0.0014277271053285273,Himalajas,4.978715854990759
-3.68839937654141,-0.5106375516987836,1.108430622944175,-0.18230031095128632,-0.0014277271053285273,fluss+en himalaja+s,4.978715854990759
-3.596409248405327,-0.5627576645562975,1.1213830252508739,-0.19822603517530632,-0.003966420726472103,produziertem,5.082250591828912
-3.596409248405327,-0.5627576645562975,1.1213830252508739,-0.19822603517530632,-0.003966420726472103,himalaja+s produzier+t+em,5.082250591828912
-3.456546529524182,-0.6416248253696253,1.140113037693341,-0.221583741694854,-0.007667371424239705,produzier+t+em strom,5.239584009403224
-3.2251249082538855,-0.7711922009233754,1.1688165313554748,-0.2580915746393115,-0.013390782719005637,strom land,5.499714487676131
-3.1425929323003823,-0.8171386941551742,1.1784316613481942,-0.2705007666207072,-0.015316997130711121,land ganz,5.5924298967531225
-3.0513790315947604,-0.8677683371848435,1.1887111813430207,-0.2838596004013527,-0.01737853137691346,Südasien,5.694867291541336
-3.0513790315947604,-0.8677683371848435,1.1887111813430207,-0.2838596004013527,-0.01737853137691346,ganz südasien,5.694867291541336
-2.8596376793359646,-0.9737101902127345,1.2092209334656951,-0.3107740927007502,-0.021490331245451536,beliefern,5.910101812245782
-2.8596376793359646,-0.9737101902127345,1.2092209334656951,-0.3107740927007502,-0.021490331245451536,südasien beliefer+n,5.910101812245782
-2.420496080492356,-1.2141030470635492,1.2513451458170322,-0.3669177132964917,-0.02985538854741357,nun zeig+t,6.40260137174626
-1.867318725712634,-1.5131370696610915,1.2967338916759015,-0.4280366932617004,-0.03853701947962537,zeig+t der,7.0222694585718735
-1.6075191102226523,-1.6523430175303573,1.3156971649475624,-0.45348994692560796,-0.041980770608194565,Kraftwerke,7.313071572320974
-1.6075191102226523,-1.6523430175303573,1.3156971649475624,-0.45348994692560796,-0.041980770608194565,der kraft+werk+e,7.313071572320974
-0.45144469180110125,-2.264188679574892,1.3867100723408372,-0.5457477491460837,-0.053172303709746946,kraft+werk+e halt+en,8.605815623315225
3.7022712504723483,-4.400263638155922,1.5475429444816862,-0.6893196996858815,-0.05589011588655239,halt+en klima+wandel,13.241572677312993
-1.2839810339811724,-1.8247420541091248,1.3375759599629755,-0.4825848650231721,-0.04575898443409501,stand,7.675051166330585
-1.2839810339811724,-1.8247420541091248,1.3375759599629755,-0.4825848650231721,-0.04575898443409501,klima+wandel steh,7.675051166330585
-1.9795173404426043,-1.4527882033237338,1.288114471802716,-0.41642971913852966,-0.03692969014591818,Nepals,6.896640706672273
-2.3052282579095644,-1.276736329528231,1.2614370117951368,-0.3804857139738347,-0.0318259374736309,Trishuli-Fluss,6.5317843652616
-2.3052282579095644,-1.276736329528231,1.2614370117951368,-0.3804857139738347,-0.0318259374736309,nepal+s trishuli-flus+s,6.5317843652616
-2.883002763407185,-0.9608343941642064,1.206797085433024,-0.30757650656273666,-0.021004929247255055,Kilometer,5.883880813598602
-2.883002763407185,-0.9608343941642064,1.206797085433024,-0.30757650656273666,-0.021004929247255055,trishuli-flus+s kilo+meter,5.883880813598602
-3.089004513665272,-0.8469024687203941,1.1845137669059127,-0.27839365617216416,-0.016536594794690676,nordwestlich,5.652616016857061
-3.089004513665272,-0.8469024687203941,1.1845137669059127,-0.27839365617216416,-0.016536594794690676,kilo+meter nordwestlich,5.652616016857061
-3.3558429631162774,-0.6981433690789105,1.1529345591178333,-0.23778847317247614,-0.010217659636663462,Hauptstadt,5.352809372093127
-3.3558429631162774,-0.6981433690789105,1.1529345591178333,-0.23778847317247614,-0.010217659636663462,nordwestlich haupt+stadt,5.352809372093127
-3.4911939645942214,-0.6221285451950433,1.1355763403746508,-0.21589130129392758,-0.006768033803882231,Kathmandu,5.200617513130046
-3.4911939645942214,-0.6221285451950433,1.1355763403746508,-0.21589130129392758,-0.006768033803882231,haupt+stadt kathmandu,5.200617513130046
-3.60615402007331,-0.5572459683460318,1.1200356095528754,-0.19656053713770508,-0.0037014821528674746,kathmandu steh+t,5.071284947840992
-3.696977707513385,-0.5057667977170359,1.1071956203115456,-0.18079171472544453,-0.0011866460681532326,Hoffnungsträger,4.969058679325516
-3.696977707513385,-0.5057667977170359,1.1071956203115456,-0.18079171472544453,-0.0011866460681532326,steh+t hoffnung+s+träger,4.969058679325516
-3.8889320419776547,-0.3962887860472444,1.0782557603634682,-0.14594594615264989,0.00440805331189166,ärmsten,4.752855920626385
-3.8889320419776547,-0.3962887860472444,1.0782557603634682,-0.14594594615264989,0.00440805331189166,hoffnung+s+träger arm+st+en,4.752855920626385
-3.938261529672486,-0.3679978087293154,1.070388427058821,-0.13664320995380694,0.005909440990441009,arm+st+en land+er,4.697260087914192
-4.0003260141410815,-0.33230760992052755,1.0602196521334664,-0.12472844035149291,0.007836664089198933,Welt,4.627290098871603
-4.0003260141410815,-0.33230760992052755,1.0602196521334664,-0.12472844035149291,0.007836664089198933,land+er welt,4.627290098871603
-4.051758062978635,-0.30264875206703046,1.0515544121073372,-0.1146731728231574,0.00946660759351324,der wasser,4.569288206723994
-4.108126878140192,-0.27005441107744943,1.0417973871621447,-0.10345917456523845,0.011287888378810243,wasser einst,4.505698893993534
-4.151245604908689,-0.2450575930935437,1.0341424564718156,-0.09474160657871639,0.012706105850859364,Schnee,4.4570423773719385
-4.151245604908689,-0.2450575930935437,1.0341424564718156,-0.09474160657871639,0.012706105850859364,einst schnee,4.4570423773719385
-4.195161990274604,-0.21953988320242557,1.0261683844348262,-0.08573591849146384,0.014173239143878177,Eis,4.407472451756649
-4.195161990274604,-0.21953988320242557,1.0261683844348262,-0.08573591849146384,0.014173239143878177,schnee eis,4.407472451756649
-4.221398647379899,-0.2042663418336601,1.021316211440796,-0.08029364536841965,0.015060798978674753,tibetischen,4.377851699431366
-4.221398647379899,-0.2042663418336601,1.021316211440796,-0.08029364536841965,0.015060798978674753,eis tibetisch+en,4.377851699431366
-4.2636200393431825,-0.17964151344973978,1.0133646665549125,-0.07143661850829486,0.016506695213409958,Hoch…,4.3301739650294735
-4.2636200393431825,-0.17964151344973978,1.0133646665549125,-0.07143661850829486,0.016506695213409958,tibetisch+en hoch…,4.3301739650294735
-4.286789241219028,-0.16610412505709626,1.008924148103275,-0.06652368395647357,0.01730945214792158,+7750,4.304004983738929
-4.286789241219028,-0.16610412505709626,1.008924148103275,-0.06652368395647357,0.01730945214792158,hoch… +7750,4.304004983738929
-4.305865873190488,-0.15494480896640184,1.0052259772475896,-0.062450243259749516,0.01797541261068354,+7750 chars,4.282455433544641
-1.7676460590970313,-1.5666296059857938,1.304167793160199,-0.4380321306338243,-0.03990326417093186,Weltwetterorganisation,7.133851524019589
-3.2560120421942402,-0.753962748467798,1.1651378858877666,-0.2533669411518401,-0.012654703135320647,welt+wetter+organisation hitze+welle+n,5.465009100837466
-2.971043132895992,-0.9122342415240277,1.1974791060922116,-0.2953249987034309,-0.019137225878124706,hitze+welle+n brand+e,5.78506232091335
-2.811116617335423,-1.0004195889030196,1.2141908145571385,-0.3173434916823975,-0.02248480511814921,verstärken,5.964547750407705
-2.811116617335423,-1.0004195889030196,1.2141908145571385,-0.3173434916823975,-0.02248480511814921,brand+e verstärk+en,5.964547750407705
0.32738874560769204,-2.670835406850458,1.4255223879116825,-0.5918465215640942,-0.057528452596009166,Luftverschmutzung,9.475853088395459
-2.491055649108125,-1.175672145935292,1.2449834057032387,-0.3583818450684231,-0.028604625512057044,verstärk+en luft+verschmutzung,6.323506458624329
-2.491055649108125,-1.175672145935292,1.2449834057032387,-0.3583818450684231,-0.028604625512057044,luft+verschmutzung luft+verschmutzung,6.323506458624329
3.7022712504723483,-4.400263638155922,1.5475429444816862,-0.6893196996858815,-0.05589011588655239,luft+verschmutzung klima+wandel,13.241572677312993
-0.6012125538196198,-2.1855322757667244,1.3785274371203537,-0.5355241994861882,-0.05206423800895488,hängen,8.438440395346053
-0.6012125538196198,-2.1855322757667244,1.3785274371203537,-0.5355241994861882,-0.05206423800895488,klima+wandel häng+en,8.438440395346053
-1.3722818388311975,-1.7777900341078445,1.3317812685086658,-0.4749177464862806,-0.044781591169137006,eng,7.576275811519774
-1.3722818388311975,-1.7777900341078445,1.3317812685086658,-0.4749177464862806,-0.044781591169137006,häng+en eng,7.576275811519774
-1.6775468000916547,-1.6148914832975905,1.3107158313647105,-0.4468192261079156,-0.04108972668293416,miteinander,7.234699810549708
-1.6775468000916547,-1.6148914832975905,1.3107158313647105,-0.4468192261079156,-0.04108972668293416,eng miteinander,7.234699810549708
-2.3052282579095644,-1.276736329528231,1.2614370117951368,-0.3804857139738347,-0.0318259374736309,zusammen,6.5317843652616
-2.3052282579095644,-1.276736329528231,1.2614370117951368,-0.3804857139738347,-0.0318259374736309,miteinander zusammen,6.5317843652616
-2.649153706958659,-1.0893002208293359,1.2301872052956173,-0.3385972658454863,-0.025675166676949246,Höhere,6.146232982119018
-2.8356841987196653,-0.9869007439333357,1.211685050166274,-0.31402911198016104,-0.02198354752855082,Ozon-,5.936981216425765
-2.8356841987196653,-0.9869007439333357,1.211685050166274,-0.31402911198016104,-0.02198354752855082,hoch+er+e ozon+-,5.936981216425765
-3.0513790315947604,-0.8677683371848435,1.1887111813430207,-0.2838596004013527,-0.01737853137691346,Feinstaubwerte,5.694867291541336
-3.0513790315947604,-0.8677683371848435,1.1887111813430207,-0.2838596004013527,-0.01737853137691346,ozon+- feinstaub+wert+e,5.694867291541336
-3.3822458447063566,-0.6833460217998932,1.149624098418459,-0.2335881951916761,-0.00955806818304944,feinstaub+wert+e extrem+e,5.323127936462853
-3.4798175866528123,-0.6285330156364126,1.1370732379154873,-0.21776711178524258,-0.007064581708302098,extrem+e temperatur+en,5.213412670759332
-3.653006182374643,-0.5307147653484767,1.1134764274956819,-0.18848193942899,-0.0024145194388214553,temperatur+en brand+e,5.018556082453748
-3.713825835139157,-0.4961952077912759,1.1047561525713343,-0.1778169449235053,-0.0007109711417999237,verschlechtern,4.950090508031916
-3.713825835139157,-0.4961952077912759,1.1047561525713343,-0.1778169449235053,-0.0007109711417999237,brand+e verschlechter+n,4.950090508031916
-3.8560609402903587,-0.4151042179133615,1.083396513586122,-0.15206424954775835,0.003422294287883959,verschlechter+n luft+qualität,4.789894501816684
-3.862769399160899,-0.41126663473507064,1.08235384559522,-0.1508207887575554,0.003622524761615023,nach bericht,4.782336049835028
-3.7773948481228254,-0.4600172616186726,1.095382484674885,-0.1664500582795853,0.0011100981603806709,bericht welt+wetter+organisation,4.878508401160326
-3.5560847049051434,-0.5855419302439575,1.1268985632851056,-0.20506458473526257,-0.005052843727637563,WMO,5.127622079435203
-3.5560847049051434,-0.5855419302439575,1.1268985632851056,-0.20506458473526257,-0.005052843727637563,welt+wetter+organisation wmo,5.127622079435203
-3.5024033332721984,-0.6158152751718253,1.1340943732252036,-0.21403656957599718,-0.006474634880214464,wirken,5.188009585881657
-3.5024033332721984,-0.6158152751718253,1.1340943732252036,-0.21403656957599718,-0.006474634880214464,wmo wirk+en,5.188009585881657
-3.3558429631162774,-0.6981433690789105,1.1529345591178333,-0.23778847317247614,-0.010217659636663462,wirk+en hitze+welle+n,5.352809372093127
-3.1072339724408913,-0.8367836006425713,1.1824586517126605,-0.2757230209659054,-0.016124431957344504,hitze+welle+n wald+brand+e,5.63214343195558
-2.678046447479403,-1.0734749453904486,1.2273980753868186,-0.3348803721595004,-0.025120337806979948,wald+brand+e europa,6.113827944101593
-2.4563571227011805,-1.1945798048450103,1.2481298422318272,-0.36260167665312565,-0.029223990863741972,negativ,6.362404036316468
-2.4563571227011805,-1.1945798048450103,1.2481298422318272,-0.36260167665312565,-0.029223990863741972,europa negativ,6.362404036316468
-1.6075191102226523,-1.6523430175303573,1.3156971649475624,-0.45348994692560796,-0.041980770608194565,negativ luft+qualität,7.313071572320974
-1.6775468000916547,-1.6148914832975905,1.3107158313647105,-0.4468192261079156,-0.04108972668293416,klima+wandel weltweit+en,7.234699810549708
-2.2639760304328966,-1.2991082420608668,1.264961766521705,-0.385230647788421,-0.03250971539286987,Bemühungen,6.578008350889612
-2.2639760304328966,-1.2991082420608668,1.264961766521705,-0.385230647788421,-0.03250971539286987,weltweit+en bemühung+en,6.578008350889612
-2.785907613872495,-1.0142811015159254,1.2167396791198146,-0.320719255433454,-0.02299434036056909,Ver…,5.992831944199282
-2.785907613872495,-1.0142811015159254,1.2167396791198146,-0.320719255433454,-0.02299434036056909,bemühung+en ver…,5.992831944199282
-2.92806319219778,-0.9359767826866876,1.2020650174550622,-0.30134637103454265,-0.020056704011483628,+2845,5.833307362178413
-2.92806319219778,-0.9359767826866876,1.2020650174550622,-0.30134637103454265,-0.020056704011483628,ver… +2845,5.833307362178413
-3.0513790315947604,-0.8677683371848435,1.1887111813430207,-0.2838596004013527,-0.01737853137691346,+2845 char+s,5.694867291541336
-2.1124015731827432,-1.360518193744614,1.2192051186761395,-0.4195049583022503,-0.03939326484897368,Alltagsfitte,6.737191280564491
-1.0608528545013387,-1.884860387156995,1.1705537322548367,-0.5547660437487438,-0.06197551321648063,alltagsfitt+e mobilität,7.8940776315412835
3.7022712504723483,-4.400263638155922,1.5475429444816862,-0.6893196996858815,-0.05589011588655239,mobilität klima+wandel,13.241572677312993
-0.6012125538196198,-2.1855322757667244,1.3785274371203537,-0.5355241994861882,-0.05206423800895488,klima+wandel der,8.438440395346053
-1.0890501149427037,-1.9281429261307084,1.3499349295683538,-0.49881683805631594,-0.04777998040241703,der verkehr,7.893063704004325
-2.5572117175949955,-1.1395748307005387,1.2388855145856454,-0.3502154740058255,-0.027400445598041626,verkehr groß,6.249335205621179
-2.491055649108125,-1.175672145935292,1.2449834057032387,-0.3583818450684231,-0.028604625512057044,Co2-Emittenten,6.323506458624329
-2.491055649108125,-1.175672145935292,1.2449834057032387,-0.3583818450684231,-0.028604625512057044,groß co2+-+emittent+en,6.323506458624329
-1.5335688507642358,-1.6918379455324541,1.32085880444428,-0.46038677243683734,-0.04289279774037323,Hauptverursacher,7.395823798531791
-1.5335688507642358,-1.6918379455324541,1.32085880444428,-0.46038677243683734,-0.04289279774037323,co2+-+emittent+en haupt+verursacher,7.395823798531791
3.7022712504723483,-4.400263638155922,1.5475429444816862,-0.6893196996858815,-0.05589011588655239,haupt+verursacher klima+wandel+s,13.241572677312993
-1.2229050737543101,-1.846695659468479,1.3131938881265206,-0.49641990080800724,-0.04861980057156104,Frage,7.73798022787641
-1.2229050737543101,-1.846695659468479,1.3131938881265206,-0.49641990080800724,-0.04861980057156104,der frage,7.73798022787641
-1.5922965298654121,-1.5930320069907387,1.096844261406574,-0.5189202668524289,-0.05888442872208266,frage mobilität,7.294548963172561
-1.328870334745801,-1.7784085909471519,1.2718663117757434,-0.4976984860172748,-0.050135104007347275,Kärnten,7.613243291435556
-2.4236642969773863,-1.1862902996030886,1.1751780572100434,-0.3887856229223843,-0.035561723608637366,mobilität kärnten,6.3855628278575
-2.69505603921624,-1.045344407261421,1.1715221948544485,-0.3484956970397847,-0.028890468089427898,nachhaltiger,6.085048789698346
-2.69505603921624,-1.045344407261421,1.1715221948544485,-0.3484956970397847,-0.028890468089427898,kärnten nachhaltig+er,6.085048789698346
-3.091064725035535,-0.834243610797929,1.1510299014011662,-0.28768107471931886,-0.018982901603176408,gleichzeitig,5.644372361498476
-3.091064725035535,-0.834243610797929,1.1510299014011662,-0.28768107471931886,-0.018982901603176408,nachhaltig+er gleichzeitig,5.644372361498476
-3.3047366679052965,-0.7180169348714918,1.1338645747287777,-0.2530802220112527,-0.013368049147050087,alltagstauglich,5.405759356245565
-3.3047366679052965,-0.7180169348714918,1.1338645747287777,-0.2530802220112527,-0.013368049147050087,gleichzeitig alltagstauglich,5.405759356245565
-3.507547582549763,-0.6062938891878047,1.1139502195932018,-0.21869786307257078,-0.007781429711808063,gestaltet,5.178812031898394
-3.507547582549763,-0.6062938891878047,1.1139502195932018,-0.21869786307257078,-0.007781429711808063,alltagstauglich gestalt+et,5.178812031898394
-3.8045045219487665,-0.4402722069284084,1.0784230573167042,-0.16512488200047284,0.000955000027479197,hochrelevant,4.845764442975113
-3.8045045219487665,-0.4402722069284084,1.0784230573167042,-0.16512488200047284,0.000955000027479197,gestalt+et hochrelevant,4.845764442975113
-3.8997056847445615,-0.3864262311757627,1.0653640375745468,-0.1470299875265321,0.003915930693621575,Zukunftsfitte,4.738810944015957
-3.8997056847445615,-0.3864262311757627,1.0653640375745468,-0.1470299875265321,0.003915930693621575,hochrelevant zukunftsfitt+e,4.738810944015957
-3.9825456582668846,-0.33932038645490215,1.0533032126469293,-0.130886862785219,0.006561754094313657,zukunftsfitt+e antwort+en,4.6456733309918965
-4.03556901604985,-0.3090446208995692,1.0452306351486613,-0.12035152027053789,0.008290559191023186,liefern,4.586023901467597
-4.03556901604985,-0.3090446208995692,1.0452306351486613,-0.12035152027053789,0.008290559191023186,antwort+en liefer+n,4.586023901467597
-4.074851471791162,-0.2865511335561379,1.0390671833343141,-0.11244116048247235,0.009589652102947085,Projek…,4.541814900433238
-4.074851471791162,-0.2865511335561379,1.0390671833343141,-0.11244116048247235,0.009589652102947085,liefer+n projek…,4.541814900433238
-4.111669395504528,-0.2654191725871664,1.0331458028464213,-0.10494389328630888,0.010821692387698964,projek… ein,4.50036586280057
-4.129234458442328,-0.2553204800325801,1.0302706594321398,-0.10133826971199439,0.011414475635991253,ein sommer,4.480586722670962
-4.174911901356559,-0.2290070259342678,1.022639205438693,-0.09187321274365903,0.012971364509557479,damals,4.429137461378207
-4.174911901356559,-0.2290070259342678,1.022639205438693,-0.09187321274365903,0.012971364509557479,sommer damals,4.429137461378207
-4.205932219646087,-0.21109384513200968,1.0173266796366776,-0.08537104144904406,0.01404152500180432,Ganz,4.394185684453052
-4.2352903892503155,-0.19410793987177577,1.012199895628922,-0.07916089687908384,0.015064077318128685,Gegenteil,4.361097939946875
-4.2352903892503155,-0.19410793987177577,1.012199895628922,-0.07916089687908384,0.015064077318128685,ganz gegenteil,4.361097939946875
-4.289586903920384,-0.1626089798675181,1.0024583390078878,-0.06752818794082727,0.0169806213154806,hoch+e temperatur+en,4.299881145836582
-4.329903545179566,-0.13914844208104693,0.995000655726128,-0.0587641801754043,0.01842542417292499,temperatur+en schon,4.254406893976771
-4.356064958413831,-0.12389184331296366,0.9900562274311194,-0.053018393212279635,0.01937303395586744,Mai,4.224889939709644
-4.356064958413831,-0.12389184331296366,0.9900562274311194,-0.053018393212279635,0.01937303395586744,schon mai,4.224889939709644
-4.378230146666894,-0.11094516690677825,0.9858009409316083,-0.04811350170983575,0.02018218206015214,mai juni,4.1998763455014085
-4.404611876325534,-0.09551083449389908,0.9806556467427329,-0.042230989830043475,0.021152855991105987,juni meist+en,4.170097825070128
-4.424737890857557,-0.08371810118106926,0.9766705757435794,-0.03771041557118726,0.021898969075207927,Hitzetage,4.147375687919414
-4.424737890857557,-0.08371810118106926,0.9766705757435794,-0.03771041557118726,0.021898969075207927,meist+en hitze+tag+e,4.147375687919414
-4.458050394469686,-0.06416384097247896,0.9699583850338572,-0.03016447246655024,0.023144718800464273,hitze+tag+e viel+e,4.10975693785436
-4.471640473290238,-0.05617392751691197,0.9671778056454629,-0.027063050903049668,0.023656829631144807,Tropennächte,4.094406802660285
-4.471640473290238,-0.05617392751691197,0.9671778056454629,-0.027063050903049668,0.023656829631144807,viel+e tropennächt+e,4.094406802660285
-4.499794050680103,-0.03959837058943183,0.9613379755673135,-0.020595113513370678,0.024724993948170917,tropennächt+e kärnten,4.062600946078018
-4.532229741183823,-0.02046220294962975,0.954474337292239,-0.0130706852399039,0.025967889886421805,kärnten heiß+est+en,4.025947223713626
-4.551377793146601,-0.009145359645343687,0.9503528543195431,-0.00859167228679486,0.02670785050287093,heiß+est+en sommer,4.004303926530559
-4.573314941580994,0.0038382981095936852,0.9455662384214925,-0.003426017544281623,0.027561334366015752,Messbeginn,3.9795033305619945
-4.573314941580994,0.0038382981095936852,0.9455662384214925,-0.003426017544281623,0.027561334366015752,seit mess+beginn,3.9795033305619945
-4.614126703018288,0.028045787340519546,0.9364728971256757,0.006282761467233888,0.029165638371041955,wobei,3.9333508698749
-4.614126703018288,0.028045787340519546,0.9364728971256757,0.006282761467233888,0.029165638371041955,mess+beginn wobei,3.9333508698749
-4.623749112153099,0.03376339142221729,0.9342924875468631,0.008590771759836413,0.029547047282568198,sic…,3.9224666746871715
-4.623749112153099,0.03376339142221729,0.9342924875468631,0.008590771759836413,0.029547047282568198,wobei sic…,3.9224666746871715
-4.633156909843761,0.039357213684951375,0.9321470414676244,0.010854356211977556,0.029921121751946514,+3781,3.911824277387079
-4.633156909843761,0.039357213684951375,0.9321470414676244,0.010854356211977556,0.029921121751946514,sic… +3781,3.911824277387079
-4.642358085815863,0.04483176688212387,0.9300355383574592,0.013075001169477185,0.030288105591726552,+3781 chars,3.9014147016392453
-5.621514901884728,0.686891403698868,0.04471528405655359,0.16844119497369403,0.0386172331023988,Hürden,2.7589282721948356
-5.621514901884728,0.686891403698868,0.04471528405655359,0.16844119497369403,0.0386172331023988,der hürde+n,2.7589282721948356
-5.5943451923195795,0.6697465039167276,0.017604761200125864,0.1499417892856998,0.034357874307133315,Tennisturnier,2.7888539426277332
-5.5943451923195795,0.6697465039167276,0.017604761200125864,0.1499417892856998,0.034357874307133315,hürde+n tennis+turnier,2.7888539426277332
-5.519348305726781,0.6209037235543922,-0.05578779223967989,0.1001266537386235,0.022864285467294312,Beine,2.8722295760058993
-5.519348305726781,0.6209037235543922,-0.05578779223967989,0.1001266537386235,0.022864285467294312,tennis+turnier bein+e,2.8722295760058993
-5.470678139580204,0.5881472830138259,-0.10229744655000764,0.06876019804225997,0.015610181845212137,stellen,2.9268846153066406
-5.470678139580204,0.5881472830138259,-0.10229744655000764,0.06876019804225997,0.015610181845212137,bein+e stell+en,2.9268846153066406
-5.389578008895988,0.5319932280925777,-0.17787904675217062,0.01812435774468807,0.003873638059613424,stell+en wir,3.01878958882879
-5.21834929583569,0.40838600033453765,-0.3298766091630744,-0.08242420219337848,-0.019518163628707175,spür+en sogar,3.215614788236034
-4.659093009510106,-0.01954169419213514,-0.7635020188666998,-0.35937844295925736,-0.08440825713781228,sogar sprit+preis+e,3.8738941137902834
-5.29794004034585,0.4665724692500628,-0.26047320373733385,-0.036727374190715756,-0.008873767943932659,premium,3.1237112267744354
-5.29794004034585,0.4665724692500628,-0.26047320373733385,-0.036727374190715756,-0.008873767943932659,sprit+preis+e premium,3.1237112267744354
-5.219555242467729,0.4092757608446762,-0.3288407740232806,-0.0817448614631976,-0.019359767187268048,Florian,3.2142175193617155
-5.409201156998703,0.5457447324772287,-0.1598083129189962,0.03019269180398465,0.006673686540081228,premium florian,2.9964637517634785
-5.142084549479993,0.351676668677283,-0.3944238622972487,-0.12459514691000648,-0.029359455267892076,Leitgeb,3.3042450583847995
-5.28254070705068,0.45540439227297824,-0.2740678994193917,-0.04570701370116381,-0.010963743420552535,florian leitgeb,3.141440811526114
-5.514678337192841,0.6177945930226532,-0.06028840918712716,0.09708453744734835,0.02216129940602339,leitgeb führ+t,2.877456119787322
-5.555450989523939,0.6446800779436646,-0.020720368744318374,0.12388011998811616,0.028349069986078737,Turniertradition,2.831958301143067
-5.555450989523939,0.6446800779436646,-0.020720368744318374,0.12388011998811616,0.028349069986078737,führ+t turnier+tradition,2.831958301143067
-5.619487859161412,0.685623174522074,0.0426830183708449,0.1670526071788212,0.038297693647014866,Vaters,2.761155444607598
-5.619487859161412,0.685623174522074,0.0426830183708449,0.1670526071788212,0.038297693647014866,turnier+tradition vater+s,2.761155444607598
-5.478957130173176,0.5937728825668551,-0.09444751649023031,0.07404321085488658,0.01683287043420649,Ronnie,2.917559493962393
-5.632932586057092,0.6940011344911503,0.05619146548976025,0.17628809803778633,0.04042241403864026,vater+s ronnie,2.7464002675989714
-5.6448456177880955,0.7013569228824041,0.06821822602340351,0.184521600652516,0.04231554649258103,fort,2.7333599505794233
-5.6448456177880955,0.7013569228824041,0.06821822602340351,0.184521600652516,0.04231554649258103,ronnie fort,2.7333599505794233
-5.654046338888193,0.7069932765972538,0.0775436465882786,0.19091290631979696,0.043784398370774094,Challenger,2.72331088656442
-5.683933076013954,0.7250224892292356,0.10805734307290599,0.2118694141983657,0.04859624177179993,Tulln,2.6908071048969973
-5.683933076013954,0.7250224892292356,0.10805734307290599,0.2118694141983657,0.04859624177179993,challenger tulln,2.6908071048969973
-5.696752580108932,0.732619746422156,0.12124981092164111,0.22095049788208487,0.050679233006017246,jedoch,2.676932283978165
-5.696752580108932,0.732619746422156,0.12124981092164111,0.22095049788208487,0.050679233006017246,tulln jedoch,2.676932283978165
-5.702930668861978,0.7362508239601673,0.1276299441545184,0.2253467498660534,0.05168716274765213,zunehmen,2.6702604876099505
-5.702930668861978,0.7362508239601673,0.1276299441545184,0.2253467498660534,0.05168716274765213,jedoch zu+nehm+en,2.6702604876099505
-5.713298457053229,0.742299135534936,0.13836937962635731,0.23275336324758744,0.0533845798085789,wirtschaftlichen,2.6590863505671285
-5.713298457053229,0.742299135534936,0.13836937962635731,0.23275336324758744,0.0533845798085789,zu+nehm+en wirtschaftlich+en,2.6590863505671285
-5.725079316442555,0.7491015983924931,0.1506220765458366,0.2412136837352219,0.05532239759185843,Kraftakt,2.64642358931423
-5.725079316442555,0.7491015983924931,0.1506220765458366,0.2412136837352219,0.05532239759185843,wirtschaftlich+en kraft+akt,2.64642358931423
-5.740133965632322,0.757682705621435,0.16635629995748183,0.2520936761707816,0.057812716207908274,leitgeb lieg+t,2.63029644539848
-5.747563267701464,0.7618700373627463,0.17415260267137578,0.25749125859103095,0.0590474411278122,Tennissport,2.6223609078424097
-5.747563267701464,0.7618700373627463,0.17415260267137578,0.25749125859103095,0.0590474411278122,lieg+t tennis+sport,2.6223609078424097
-5.755107263833126,0.7660892902350913,0.18209063064652692,0.2629914196037202,0.06030513094140509,Leidenschaft,2.614318737039006
-5.755107263833126,0.7660892902350913,0.18209063064652692,0.2629914196037202,0.06030513094140509,der leidenschaft,2.614318737039006
-5.763368925551436,0.7706714554679706,0.19080847618790348,0.2690370894277543,0.061686971687768447,gelbe,2.6055301371887754
-5.763368925551436,0.7706714554679706,0.19080847618790348,0.2690370894277543,0.061686971687768447,leidenschaft gelb+e,2.6055301371887754
-5.7655453409274156,0.7718717811944371,0.1931093534493226,0.2706336115283271,0.06205178069877566,Filzkugel,2.603218185825738
-5.7655453409274156,0.7718717811944371,0.1931093534493226,0.2706336115283271,0.06205178069877566,gelb+e filz+kugel,2.603218185825738
-5.7690118221250195,0.7737777016154734,0.19677775893242017,0.2731798093808606,0.0626335031116932,filz+kugel werd+e,2.5995386778238423
-5.772292847151467,0.7755749399028955,0.20025407662167227,0.2755935678101322,0.06318486534453706,Wiener,2.596059264420068
-5.772292847151467,0.7755749399028955,0.20025407662167227,0.2755935678101322,0.06318486534453706,werd+e wiener,2.596059264420068
-5.776604946402448,0.7779269558554471,0.20482900424804965,0.2787714535359924,0.06391062103632673,Wiege,2.591491260444409
-5.776604946402448,0.7779269558554471,0.20482900424804965,0.2787714535359924,0.06391062103632673,wiener wiege,2.591491260444409
-5.778360917910181,0.7788814632227383,0.2066940092726765,0.28006737218838507,0.06420652912415835,gelegt,2.589632660020035
-5.778360917910181,0.7788814632227383,0.2066940092726765,0.28006737218838507,0.06420652912415835,wiege ge+leg+t,2.589632660020035
-5.782262832544438,0.7809956143114607,0.21084235557821523,0.2829507852838411,0.06486481941961338,vater ronnie,2.5855059908034566
-5.78411843763106,0.7819976961002877,0.21281716156100594,0.28432385577195096,0.06517824429287618,ronnie leitgeb,2.5835451031948353
-5.786167018724631,0.783101484168494,0.21499884164475502,0.2858410882327962,0.0655245384116266,trat,2.5813814961025776
-5.786167018724631,0.783101484168494,0.21499884164475502,0.2858410882327962,0.0655245384116266,leitgeb tret,2.5813814961025776
-5.787410270533312,0.7837700686185216,0.21632363719773506,0.2867625728202742,0.06573483915075205,tret einst,2.5800690556836567
-5.789815907198438,0.7850609775130593,0.21888870388231993,0.28854710572362663,0.06614206235173854,Trainer,2.577530874307714
-5.789815907198438,0.7850609775130593,0.21888870388231993,0.28854710572362663,0.06614206235173854,einst trainer,2.577530874307714
-5.792569357396717,0.7865340230277751,0.2218272979683811,0.29059208128746417,0.06660864928775966,Manager,2.574627880283969
-5.792569357396717,0.7865340230277751,0.2218272979683811,0.29059208128746417,0.06660864928775966,trainer manager,2.574627880283969
-5.795188600188284,0.7879307810488674,0.22462529669221024,0.29253978913640133,0.06705297544077231,manager thomas,2.5718685375180086
-5.796658786627146,0.7887128570944657,0.2261969447800846,0.29363407029185573,0.06730258216333239,Muster,2.5703206372778973
-5.796658786627146,0.7887128570944657,0.2261969447800846,0.29363407029185573,0.06730258216333239,thomas muster,2.5703206372778973
-5.79808886330557,0.7894722618229848,0.22772649109735615,0.29469920685979656,0.06754552079926511,muster in…,2.5688156070622994
-5.799086792142632,0.7900014039399172,0.2287942845331864,0.29544288965358856,0.0677151297536606,in… +3954,2.5677657493673087
-5.367555033766283,0.5164453833134306,-0.19799680638658476,0.004717281443463783,0.0007609884889153984,sprit+preis+e deutlich,3.0439082659329424
-5.450238950061034,0.5741698461917373,-0.12157010396525228,0.055808744172934854,0.0126112378000416,angestiegen,2.9499534937149052
-5.450238950061034,0.5741698461917373,-0.12157010396525228,0.055808744172934854,0.0126112378000416,deutlich an+ge+steig+en,2.9499534937149052
-5.519348305726781,0.6209037235543922,-0.05578779223967989,0.1001266537386235,0.022864285467294312,an+ge+steig+en mit,2.8722295760058993
-5.536599041940054,0.6323230339550925,-0.039092366570747425,0.11142446554327878,0.025473954066774954,durchschnittlich,2.8529568958086102
-5.536599041940054,0.6323230339550925,-0.039092366570747425,0.11142446554327878,0.025473954066774954,mit durchschnittlich,2.8529568958086102
-5.591759496524785,0.6680987512754526,0.015039229986905593,0.1481938848656344,0.033955175964147086,durchschnittlich euro,2.7917100445880774
-5.577911708113124,0.6592281091597092,0.0013423176248680696,0.13887015296296285,0.031806353913707106,135,2.807029343835745
-5.577911708113124,0.6592281091597092,0.0013423176248680696,0.13887015296296285,0.031806353913707106,euro 135,2.807029343835745
-5.21834929583569,0.40838600033453765,-0.3298766091630744,-0.08242420219337848,-0.019518163628707175,Cent,3.215614788236034
-5.565573066902061,0.6512602693767537,-0.010801107276586383,0.13061521155010597,0.029902830954403478,135 cent,2.8207116344040215
-5.548231092615245,0.6399630173103805,-0.027772150326296333,0.11909634242977785,0.027245090022540983,cent bei,2.8399923947714383
-5.591759496524785,0.6680987512754526,0.015039229986905593,0.1481938848656344,0.033955175964147086,diesel euro,2.7917100445880774
-5.378896799301444,0.52446722838955,-0.1876576574015689,0.011603863909061984,0.0023600688236271455,926,3.030964143113751
-5.378896799301444,0.52446722838955,-0.1876576574015689,0.011603863909061984,0.0023600688236271455,euro 926,3.030964143113751
-5.565573066902061,0.6512602693767537,-0.010801107276586383,0.13061521155010597,0.029902830954403478,926 cent,2.8207116344040215
-5.241080413963274,0.4251173467832712,-0.31027115955739637,-0.06955237706036066,-0.016517718531659148,liegen,3.189301047315368
-5.241080413963274,0.4251173467832712,-0.31027115955739637,-0.06955237706036066,-0.016517718531659148,cent lieg+en,3.189301047315368
-4.659093009510106,-0.01954169419213514,-0.7635020188666998,-0.35937844295925736,-0.08440825713781228,lieg+en sprit+preis+e,3.8738941137902834
-5.261729827956528,0.44024049479536487,-0.29231222207530183,-0.057736029843258874,-0.013764769615077638,sprit+preis+e derzeit,3.1654417220027455
-5.464154672869331,0.5836997696493531,-0.10846516009550819,0.06461247105802825,0.014649993531156022,derzeit hoch,2.9342401909982128
-5.514678337192841,0.6177945930226532,-0.06028840918712716,0.09708453744734835,0.02216129940602339,hoch schon,2.877456119787322
-5.54059041630072,0.6349501228397347,-0.035213686736734376,0.11405206032387943,0.026080652885056912,lange,2.848505461413127
-5.54059041630072,0.6349501228397347,-0.035213686736734376,0.11405206032387943,0.026080652885056912,schon lange,2.848505461413127
-5.5808119613475276,0.661092315577076,0.0042049931203392635,0.1408177103383052,0.0322553053906464,lange mehr,2.8038176732776483
-5.440870119092358,0.5677219032297911,-0.13035340486288247,0.049915266767276534,0.011245895957544952,ÖAMTC,2.96054949290382
-5.606471928347974,0.6774374470705431,0.02967060024593289,0.1581686320374482,0.03625266060788056,der öamtc,2.7754776735282563
-5.619487859161412,0.685623174522074,0.0426830183708449,0.1670526071788212,0.038297693647014866,öamtc geh+t,2.761155444607598
-5.629261449238527,0.6917214456622396,0.05249613114242866,0.17376036094908354,0.039841007421476435,geh+t derzeit,2.750425246689221
-5.643226400298355,0.7003609290055568,0.0665803884247082,0.18339972946084493,0.042057654045770346,davon,2.7351304900038893
-5.643226400298355,0.7003609290055568,0.0665803884247082,0.18339972946084493,0.042057654045770346,derzeit davon,2.7351304900038893
-5.672625437040817,0.7182524392709619,0.09647257463249527,0.20390526125540254,0.04676838470156207,davon erholung,2.7030795116442023
-5.687063929999297,0.7268856645637056,0.11127351974269761,0.21408213403377374,0.049103908379221586,erholung preis+e,2.687414709326892
-5.6985648387519925,0.7336869358539866,0.12311983333520872,0.22223874160693735,0.05097462080755376,preis+e lang+er,2.6749741902048263
-5.711787866132976,0.7414214585653942,0.13680209870419002,0.2316719507696191,0.053136801128791614,warten,2.6607126807919714
-5.711787866132976,0.7414214585653942,0.13680209870419002,0.2316719507696191,0.053136801128791614,lang+er wart+en,2.6607126807919714
-5.716953095391384,0.7444174564723305,0.14216475432422154,0.23537287134338014,0.053984696444255784,wart+en lass+st,2.655154185096904
-5.730647972773104,0.7522905067602896,0.15643209262599364,0.24522916869179068,0.056241727467554056,erneute,2.6404510179292195
-5.730647972773104,0.7522905067602896,0.15643209262599364,0.24522916869179068,0.056241727467554056,grund erneut+e,2.6404510179292195
-5.735267701631583,0.7549228773464396,0.16126097498420106,0.2485683956732304,0.057006029130014665,Teuerungswelle,2.635502601425842
-5.735267701631583,0.7549228773464396,0.16126097498420106,0.2485683956732304,0.057006029130014665,erneut+e teuerung+s+welle,2.635502601425842
-5.746617646141565,0.7613388277438433,0.17315910812121904,0.25680319529882867,0.05889007006851606,teuerung+s+welle tank+stelle+n,2.6233701073940017
-5.7521031831407425,0.7644131345432892,0.178927065268673,0.2607988852851131,0.05980383767390306,seien,2.617519263359572
-5.7521031831407425,0.7644131345432892,0.178927065268673,0.2607988852851131,0.05980383767390306,tank+stelle+n sei,2.617519263359572
-5.756354005246752,0.7667833631557328,0.1834045620412011,0.2639022602723118,0.06051335855339231,sei steig+end+en,2.612991222382206
-5.760731248636292,0.7692129323840384,0.1880223546801874,0.2671043741563919,0.061245283901937134,Rohölpreise,2.608333914050829
-5.760731248636292,0.7692129323840384,0.1880223546801874,0.2671043741563919,0.061245283901937134,steig+end+en rohöl+preis+e,2.608333914050829
-5.767992136805324,0.7732178187055851,0.19569820619428183,0.2724304045487219,0.062462300241005034,rohöl+preis+e öamtc,2.6006206618895646
-5.773243445312501,0.7760944195447161,0.20126201364161356,0.276293583603909,0.06334474765449334,Spannungen,2.595051779864641
-5.773243445312501,0.7760944195447161,0.20126201364161356,0.276293583603909,0.06334474765449334,denn spannung+en,2.595051779864641
-5.780344858971635,0.7799575928668439,0.20880253420305198,0.2815328022917135,0.0645411083478289,spannung+en iran,2.5875338724213495
-5.783857040736098,0.7818566644044731,0.21253889472135506,0.284130361694211,0.06513407821052163,iran usa,2.583821268395267
-5.7848954384642965,0.7824166591306077,0.21364445969283483,0.2848991538341492,0.06530955539298723,hätten,2.5827243252906418
-5.7848954384642965,0.7824166591306077,0.21364445969283483,0.2848991538341492,0.06530955539298723,usa hab+en,2.5827243252906418
-5.789580030969579,0.7849345640085446,0.21863709933335038,0.2883720420906908,0.06610211599008299,verschärft,2.5777796689024552
-5.789580030969579,0.7849345640085446,0.21863709933335038,0.2883720420906908,0.06610211599008299,hab+en verschärf+t,2.5777796689024552
-5.796033727356011,0.7883805221462112,0.22552864956898558,0.29316873919565956,0.06719644219914077,+983,2.570978655657794
-5.796033727356011,0.7883805221462112,0.22552864956898558,0.29316873919565956,0.06719644219914077,verschärf+t +983,2.570978655657794
-5.797071391821291,0.7889320955362211,0.2266381703787397,0.29394131126503276,0.06737266038806085,+983 char+s,2.5698863416533166
